# Blender 5.1.2
# www.blender.org
mtllib rotate_det.mtl
o Куб.001
v -0.192112 2.439275 0.402260
v -0.023162 0.922972 0.241665
v -0.534225 0.582742 0.515224
v -0.192112 2.476319 0.402260
v -0.209254 0.803887 0.477954
v -0.192112 2.439275 -0.411217
v -0.192112 2.476319 -0.411217
v -0.534225 0.582742 -0.506779
v 0.159181 2.439275 0.402260
v -0.008601 0.922972 0.243099
v 0.159181 2.476319 0.402260
v -0.209254 0.803887 -0.469508
v 0.159181 2.439275 -0.411217
v 0.159181 2.476319 -0.411217
v -0.192112 2.439275 0.255483
v 0.005401 0.922972 0.247346
v 0.527753 0.582742 0.515224
v -0.192112 2.476319 0.255483
v 0.421947 0.803887 0.477954
v 0.159181 2.439275 0.255483
v 0.159181 2.476319 0.255483
v 0.527753 0.582742 -0.506779
v -0.192112 2.476319 -0.270427
v 0.159181 2.439275 -0.270427
v 0.018304 0.922972 0.254244
v 0.421947 0.803887 -0.469508
v -0.192112 2.439275 -0.270427
v 0.159181 2.476319 -0.270427
v 0.159181 2.525996 -0.270427
v -0.534225 0.803887 0.515224
v 0.159181 2.525996 0.255483
v 0.029615 0.922972 0.263526
v -0.192112 2.525996 0.255483
v -0.534225 0.803887 -0.506779
v -0.192112 2.525996 -0.270427
v 0.527753 0.803887 -0.506779
v 0.145622 2.525996 -0.250127
v 0.145622 2.525996 0.235184
v 0.038897 0.922972 0.274836
v -0.178552 2.525996 0.235184
v 0.527753 0.803887 0.515224
v -0.178552 2.525996 -0.250127
v 0.104104 2.951421 -0.153986
v -0.209254 0.880595 0.477954
v 0.045794 0.922972 0.287740
v 0.104104 2.951421 0.139043
v -0.137035 2.951421 0.139043
v -0.137035 2.951421 -0.153986
v -0.209254 0.880595 -0.469508
v 0.145622 2.951421 -0.250127
v 0.421947 0.880595 0.477954
v 0.050041 0.922972 0.301741
v 0.145622 2.951421 0.235184
v 0.421947 0.880595 -0.469508
v -0.178552 2.951421 0.235184
v -0.178552 2.951421 -0.250127
v 0.104104 2.974068 -0.153986
v 0.051475 0.922972 0.316302
v 0.104104 2.974068 0.139043
v -0.137035 2.974068 0.139043
v 0.050041 0.922972 0.330863
v -0.137035 2.974068 -0.153986
v 0.045794 0.922972 0.344864
v 0.038897 0.922972 0.357768
v 0.029615 0.922972 0.369078
v 0.018304 0.922972 0.378360
v 0.005401 0.922972 0.385257
v -0.008601 0.922972 0.389505
v -0.023162 0.922972 0.390939
v -0.037723 0.922972 0.389505
v -0.051724 0.922972 0.385257
v -0.064628 0.922972 0.378360
v -0.075938 0.922972 0.369078
v -0.085220 0.922972 0.357768
v -0.092117 0.922972 0.344864
v -0.096364 0.922972 0.330863
v -0.097799 0.922972 0.316302
v -0.096364 0.922972 0.301741
v -0.092117 0.922972 0.287740
v -0.085220 0.922972 0.274836
v -0.075938 0.922972 0.263526
v -0.064628 0.922972 0.254244
v -0.051724 0.922972 0.247346
v -0.037723 0.922972 0.243099
v -0.023162 0.922972 0.206705
v -0.001780 0.922972 0.208811
v 0.018779 0.922972 0.215048
v 0.037727 0.922972 0.225176
v 0.054335 0.922972 0.238805
v 0.067965 0.922972 0.255413
v 0.078092 0.922972 0.274361
v 0.084329 0.922972 0.294921
v 0.086435 0.922972 0.316302
v 0.084329 0.922972 0.337683
v 0.078092 0.922972 0.358243
v 0.067965 0.922972 0.377191
v 0.054335 0.922972 0.393799
v 0.037727 0.922972 0.407428
v 0.018779 0.922972 0.417556
v -0.001780 0.922972 0.423793
v -0.023162 0.922972 0.425899
v -0.044543 0.922972 0.423793
v -0.065103 0.922972 0.417556
v -0.084050 0.922972 0.407428
v -0.100658 0.922972 0.393799
v -0.114288 0.922972 0.377191
v -0.124416 0.922972 0.358243
v -0.130653 0.922972 0.337683
v -0.132758 0.922972 0.316302
v -0.130653 0.922972 0.294921
v -0.124416 0.922972 0.274361
v -0.114288 0.922972 0.255413
v -0.100658 0.922972 0.238805
v -0.084050 0.922972 0.225176
v -0.065103 0.922972 0.215048
v -0.044543 0.922972 0.208811
v -0.023162 0.894701 0.206705
v -0.001780 0.894701 0.208811
v 0.018779 0.894701 0.215048
v 0.037727 0.894701 0.225176
v 0.054335 0.894701 0.238805
v 0.067965 0.894701 0.255413
v 0.078092 0.894701 0.274361
v 0.084329 0.894701 0.294921
v 0.086435 0.894701 0.316302
v 0.084329 0.894701 0.337683
v 0.078092 0.894701 0.358243
v 0.067965 0.894701 0.377191
v 0.054335 0.894701 0.393799
v 0.037727 0.894701 0.407428
v 0.018779 0.894701 0.417556
v -0.001780 0.894701 0.423793
v -0.023162 0.894701 0.425899
v -0.044543 0.894701 0.423793
v -0.065103 0.894701 0.417556
v -0.084050 0.894701 0.407428
v -0.100658 0.894701 0.393799
v -0.114288 0.894701 0.377191
v -0.124416 0.894701 0.358243
v -0.130653 0.894701 0.337683
v -0.132758 0.894701 0.316302
v -0.130653 0.894701 0.294921
v -0.124416 0.894701 0.274361
v -0.114288 0.894701 0.255413
v -0.100658 0.894701 0.238805
v -0.084050 0.894701 0.225176
v -0.065103 0.894701 0.215048
v -0.044543 0.894701 0.208811
v -0.023162 0.894701 0.176744
v 0.004065 0.894701 0.179426
v 0.030245 0.894701 0.187367
v 0.054372 0.894701 0.200264
v 0.075521 0.894701 0.217620
v 0.092876 0.894701 0.238768
v 0.105773 0.894701 0.262896
v 0.113715 0.894701 0.289076
v 0.116396 0.894701 0.316302
v 0.113715 0.894701 0.343528
v 0.105773 0.894701 0.369709
v 0.092876 0.894701 0.393836
v 0.075521 0.894701 0.414984
v 0.054372 0.894701 0.432340
v 0.030245 0.894701 0.445237
v 0.004065 0.894701 0.453178
v -0.023162 0.894701 0.455860
v -0.050388 0.894701 0.453178
v -0.076568 0.894701 0.445237
v -0.100696 0.894701 0.432340
v -0.121844 0.894701 0.414984
v -0.139200 0.894701 0.393836
v -0.152096 0.894701 0.369709
v -0.160038 0.894701 0.343528
v -0.162720 0.894701 0.316302
v -0.160038 0.894701 0.289076
v -0.152096 0.894701 0.262896
v -0.139200 0.894701 0.238768
v -0.121844 0.894701 0.217620
v -0.100696 0.894701 0.200264
v -0.076568 0.894701 0.187367
v -0.050388 0.894701 0.179426
v -0.023162 0.922972 -0.402287
v -0.008601 0.922972 -0.400853
v 0.005401 0.922972 -0.396606
v 0.018304 0.922972 -0.389709
v 0.029615 0.922972 -0.380427
v 0.038897 0.922972 -0.369116
v 0.045794 0.922972 -0.356213
v 0.050041 0.922972 -0.342211
v 0.051475 0.922972 -0.327650
v 0.050041 0.922972 -0.313089
v 0.045794 0.922972 -0.299088
v 0.038897 0.922972 -0.286184
v 0.029615 0.922972 -0.274874
v 0.018304 0.922972 -0.265592
v 0.005401 0.922972 -0.258695
v -0.008601 0.922972 -0.254448
v -0.023162 0.922972 -0.253013
v -0.037723 0.922972 -0.254448
v -0.051724 0.922972 -0.258695
v -0.064628 0.922972 -0.265592
v -0.075938 0.922972 -0.274874
v -0.085220 0.922972 -0.286184
v -0.092117 0.922972 -0.299088
v -0.096364 0.922972 -0.313089
v -0.097799 0.922972 -0.327650
v -0.096364 0.922972 -0.342211
v -0.092117 0.922972 -0.356213
v -0.085220 0.922972 -0.369116
v -0.075938 0.922972 -0.380427
v -0.064628 0.922972 -0.389709
v -0.051724 0.922972 -0.396606
v -0.037723 0.922972 -0.400853
v -0.023162 0.922972 -0.437247
v -0.001780 0.922972 -0.435141
v 0.018779 0.922972 -0.428904
v 0.037727 0.922972 -0.418777
v 0.054335 0.922972 -0.405147
v 0.067965 0.922972 -0.388539
v 0.078092 0.922972 -0.369591
v 0.084329 0.922972 -0.349032
v 0.086435 0.922972 -0.327650
v 0.084329 0.922972 -0.306269
v 0.078092 0.922972 -0.285709
v 0.067965 0.922972 -0.266762
v 0.054335 0.922972 -0.250154
v 0.037727 0.922972 -0.236524
v 0.018779 0.922972 -0.226396
v -0.001780 0.922972 -0.220159
v -0.023162 0.922972 -0.218054
v -0.044543 0.922972 -0.220159
v -0.065103 0.922972 -0.226396
v -0.084050 0.922972 -0.236524
v -0.100658 0.922972 -0.250154
v -0.114288 0.922972 -0.266762
v -0.124416 0.922972 -0.285709
v -0.130653 0.922972 -0.306269
v -0.132758 0.922972 -0.327650
v -0.130653 0.922972 -0.349032
v -0.124416 0.922972 -0.369591
v -0.114288 0.922972 -0.388539
v -0.100658 0.922972 -0.405147
v -0.084050 0.922972 -0.418777
v -0.065103 0.922972 -0.428904
v -0.044543 0.922972 -0.435141
v -0.023162 0.894701 -0.437247
v -0.001780 0.894701 -0.435141
v 0.018779 0.894701 -0.428904
v 0.037727 0.894701 -0.418777
v 0.054335 0.894701 -0.405147
v 0.067965 0.894701 -0.388539
v 0.078092 0.894701 -0.369591
v 0.084329 0.894701 -0.349032
v 0.086435 0.894701 -0.327650
v 0.084329 0.894701 -0.306269
v 0.078092 0.894701 -0.285709
v 0.067965 0.894701 -0.266762
v 0.054335 0.894701 -0.250154
v 0.037727 0.894701 -0.236524
v 0.018779 0.894701 -0.226396
v -0.001780 0.894701 -0.220159
v -0.023162 0.894701 -0.218054
v -0.044543 0.894701 -0.220159
v -0.065103 0.894701 -0.226396
v -0.084050 0.894701 -0.236524
v -0.100658 0.894701 -0.250154
v -0.114288 0.894701 -0.266762
v -0.124416 0.894701 -0.285709
v -0.130653 0.894701 -0.306269
v -0.132758 0.894701 -0.327650
v -0.130653 0.894701 -0.349032
v -0.124416 0.894701 -0.369591
v -0.114288 0.894701 -0.388539
v -0.100658 0.894701 -0.405147
v -0.084050 0.894701 -0.418777
v -0.065103 0.894701 -0.428904
v -0.044543 0.894701 -0.435141
v -0.023162 0.894701 -0.467208
v 0.004065 0.894701 -0.464527
v 0.030245 0.894701 -0.456585
v 0.054372 0.894701 -0.443688
v 0.075521 0.894701 -0.426333
v 0.092876 0.894701 -0.405184
v 0.105773 0.894701 -0.381057
v 0.113715 0.894701 -0.354877
v 0.116396 0.894701 -0.327650
v 0.113715 0.894701 -0.300424
v 0.105773 0.894701 -0.274244
v 0.092876 0.894701 -0.250116
v 0.075521 0.894701 -0.228968
v 0.054372 0.894701 -0.211612
v 0.030245 0.894701 -0.198716
v 0.004065 0.894701 -0.190774
v -0.023162 0.894701 -0.188092
v -0.050388 0.894701 -0.190774
v -0.076568 0.894701 -0.198716
v -0.100696 0.894701 -0.211612
v -0.121844 0.894701 -0.228968
v -0.139200 0.894701 -0.250116
v -0.152096 0.894701 -0.274244
v -0.160038 0.894701 -0.300424
v -0.162720 0.894701 -0.327650
v -0.160038 0.894701 -0.354877
v -0.152096 0.894701 -0.381057
v -0.139200 0.894701 -0.405184
v -0.121844 0.894701 -0.426333
v -0.100696 0.894701 -0.443688
v -0.076568 0.894701 -0.456585
v -0.050388 0.894701 -0.464527
v -0.023162 0.907116 -0.069569
v -0.010463 0.907116 -0.068318
v 0.001747 0.907116 -0.064614
v 0.013001 0.907116 -0.058599
v 0.022864 0.907116 -0.050504
v 0.030959 0.907116 -0.040641
v 0.036974 0.907116 -0.029388
v 0.040678 0.907116 -0.017177
v 0.041929 0.907116 -0.004479
v 0.040678 0.907116 0.008220
v 0.036974 0.907116 0.020430
v 0.030959 0.907116 0.031684
v 0.022864 0.907116 0.041547
v 0.013001 0.907116 0.049642
v 0.001747 0.907116 0.055657
v -0.010463 0.907116 0.059361
v -0.023162 0.907116 0.060612
v -0.035860 0.907116 0.059361
v -0.048071 0.907116 0.055657
v -0.059324 0.907116 0.049642
v -0.069188 0.907116 0.041547
v -0.077282 0.907116 0.031684
v -0.083297 0.907116 0.020430
v -0.087001 0.907116 0.008220
v -0.088252 0.907116 -0.004479
v -0.087001 0.907116 -0.017177
v -0.083297 0.907116 -0.029388
v -0.077282 0.907116 -0.040641
v -0.069188 0.907116 -0.050504
v -0.059324 0.907116 -0.058599
v -0.048071 0.907116 -0.064614
v -0.035860 0.907116 -0.068318
v -0.023162 0.907116 -0.080697
v -0.008292 0.907116 -0.079233
v 0.006006 0.907116 -0.074895
v 0.019183 0.907116 -0.067852
v 0.030733 0.907116 -0.058373
v 0.040212 0.907116 -0.046823
v 0.047255 0.907116 -0.033646
v 0.051592 0.907116 -0.019348
v 0.053057 0.907116 -0.004479
v 0.051592 0.907116 0.010391
v 0.047255 0.907116 0.024689
v 0.040212 0.907116 0.037866
v 0.030733 0.907116 0.049416
v 0.019183 0.907116 0.058895
v 0.006006 0.907116 0.065938
v -0.008292 0.907116 0.070275
v -0.023162 0.907116 0.071740
v -0.038031 0.907116 0.070275
v -0.052329 0.907116 0.065938
v -0.065506 0.907116 0.058895
v -0.077056 0.907116 0.049416
v -0.086535 0.907116 0.037866
v -0.093578 0.907116 0.024689
v -0.097916 0.907116 0.010391
v -0.099380 0.907116 -0.004479
v -0.097916 0.907116 -0.019348
v -0.093578 0.907116 -0.033646
v -0.086535 0.907116 -0.046823
v -0.077056 0.907116 -0.058373
v -0.065506 0.907116 -0.067852
v -0.052329 0.907116 -0.074895
v -0.038031 0.907116 -0.079233
v 0.030959 2.068631 0.031684
v 0.030959 2.040977 0.031684
v 0.030959 2.013321 0.031684
v 0.030959 1.985666 0.031684
v 0.030959 1.958011 0.031684
v 0.030959 1.930356 0.031684
v 0.030959 1.902701 0.031684
v 0.030959 1.875046 0.031684
v 0.030959 1.847390 0.031684
v 0.030959 1.819735 0.031684
v 0.030959 1.792080 0.031684
v 0.030959 1.764425 0.031684
v 0.030959 1.736770 0.031684
v 0.030959 1.709115 0.031684
v 0.030959 1.681460 0.031684
v 0.030959 1.653804 0.031684
v 0.030959 1.626149 0.031684
v 0.030959 1.598494 0.031684
v 0.030959 1.570839 0.031684
v 0.030959 1.543184 0.031684
v 0.030959 1.515529 0.031684
v 0.030959 1.487874 0.031684
v 0.030959 1.460218 0.031684
v 0.030959 1.432563 0.031684
v 0.030959 1.404908 0.031684
v 0.030959 1.377253 0.031684
v 0.030959 1.349598 0.031684
v 0.030959 1.321943 0.031684
v 0.030959 1.294287 0.031684
v 0.030959 1.266632 0.031684
v 0.030959 1.238977 0.031684
v 0.030959 1.211322 0.031684
v 0.030959 1.183667 0.031684
v 0.030959 1.156012 0.031684
v 0.030959 1.128357 0.031684
v 0.030959 1.100701 0.031684
v 0.030959 1.073046 0.031684
v 0.030959 1.045391 0.031684
v 0.030959 1.017736 0.031684
v 0.030959 0.990081 0.031684
v 0.030959 0.962426 0.031684
v 0.030959 0.934771 0.031684
v 0.022864 0.934771 0.041547
v 0.022864 0.962426 0.041547
v 0.022864 0.990081 0.041547
v 0.022864 1.017736 0.041547
v 0.022864 1.045391 0.041547
v 0.022864 1.073047 0.041547
v 0.022864 1.100702 0.041547
v 0.022864 1.128357 0.041547
v 0.022864 1.156012 0.041547
v 0.022864 1.183667 0.041547
v 0.022864 1.211322 0.041547
v 0.022864 1.238977 0.041547
v 0.022864 1.266633 0.041547
v 0.022864 1.294288 0.041547
v 0.022864 1.321943 0.041547
v 0.022864 1.349598 0.041547
v 0.022864 1.377253 0.041547
v 0.022864 1.404908 0.041547
v 0.022864 1.432564 0.041547
v 0.022864 1.460219 0.041547
v 0.022864 1.487874 0.041547
v 0.022864 1.515529 0.041547
v 0.022864 1.543184 0.041547
v 0.022864 1.570839 0.041547
v 0.022864 1.598494 0.041547
v 0.022864 1.626149 0.041547
v 0.022864 1.653805 0.041547
v 0.022864 1.681460 0.041547
v 0.022864 1.709115 0.041547
v 0.022864 1.736770 0.041547
v 0.022864 1.764425 0.041547
v 0.022864 1.792080 0.041547
v 0.022864 1.819735 0.041547
v 0.022864 1.847390 0.041547
v 0.022864 1.875046 0.041547
v 0.022864 1.902701 0.041547
v 0.022864 1.930356 0.041547
v 0.022864 1.958011 0.041547
v 0.022864 1.985666 0.041547
v 0.022864 2.013321 0.041547
v 0.022864 2.040977 0.041547
v 0.022864 2.068632 0.041547
v -0.087001 2.068631 -0.017177
v -0.087001 2.040977 -0.017177
v -0.087001 2.013321 -0.017177
v -0.087001 1.985666 -0.017177
v -0.087001 1.958011 -0.017177
v -0.087001 1.930356 -0.017177
v -0.087001 1.902701 -0.017177
v -0.087001 1.875046 -0.017177
v -0.087001 1.847390 -0.017177
v -0.087001 1.819735 -0.017177
v -0.087001 1.792080 -0.017177
v -0.087001 1.764425 -0.017177
v -0.087001 1.736770 -0.017177
v -0.087001 1.709115 -0.017177
v -0.087001 1.681460 -0.017177
v -0.087001 1.653804 -0.017177
v -0.087001 1.626149 -0.017177
v -0.087001 1.598494 -0.017177
v -0.087001 1.570839 -0.017177
v -0.087001 1.543184 -0.017177
v -0.087001 1.515529 -0.017177
v -0.087001 1.487874 -0.017177
v -0.087001 1.460218 -0.017177
v -0.087001 1.432563 -0.017177
v -0.087001 1.404908 -0.017177
v -0.087001 1.377253 -0.017177
v -0.087001 1.349598 -0.017177
v -0.087001 1.321943 -0.017177
v -0.087001 1.294287 -0.017177
v -0.087001 1.266632 -0.017177
v -0.087001 1.238977 -0.017177
v -0.087001 1.211322 -0.017177
v -0.087001 1.183667 -0.017177
v -0.087001 1.156012 -0.017177
v -0.087001 1.128357 -0.017177
v -0.087001 1.100701 -0.017177
v -0.087001 1.073046 -0.017177
v -0.087001 1.045391 -0.017177
v -0.087001 1.017736 -0.017177
v -0.087001 0.990081 -0.017177
v -0.087001 0.962426 -0.017177
v -0.087001 0.934771 -0.017177
v -0.083297 0.934771 -0.029388
v -0.083297 0.962426 -0.029388
v -0.083297 0.990081 -0.029388
v -0.083297 1.017736 -0.029388
v -0.083297 1.045391 -0.029388
v -0.083297 1.073047 -0.029388
v -0.083297 1.100702 -0.029388
v -0.083297 1.128357 -0.029388
v -0.083297 1.156012 -0.029388
v -0.083297 1.183667 -0.029388
v -0.083297 1.211322 -0.029388
v -0.083297 1.238977 -0.029388
v -0.083297 1.266633 -0.029388
v -0.083297 1.294288 -0.029388
v -0.083297 1.321943 -0.029388
v -0.083297 1.349598 -0.029388
v -0.083297 1.377253 -0.029388
v -0.083297 1.404908 -0.029388
v -0.083297 1.432564 -0.029388
v -0.083297 1.460219 -0.029388
v -0.083297 1.487874 -0.029388
v -0.083297 1.515529 -0.029388
v -0.083297 1.543184 -0.029388
v -0.083297 1.570839 -0.029388
v -0.083297 1.598494 -0.029388
v -0.083297 1.626149 -0.029388
v -0.083297 1.653805 -0.029388
v -0.083297 1.681460 -0.029388
v -0.083297 1.709115 -0.029388
v -0.083297 1.736770 -0.029388
v -0.083297 1.764425 -0.029388
v -0.083297 1.792080 -0.029388
v -0.083297 1.819735 -0.029388
v -0.083297 1.847390 -0.029388
v -0.083297 1.875046 -0.029388
v -0.083297 1.902701 -0.029388
v -0.083297 1.930356 -0.029388
v -0.083297 1.958011 -0.029388
v -0.083297 1.985666 -0.029388
v -0.083297 2.013321 -0.029388
v -0.083297 2.040977 -0.029388
v -0.083297 2.068632 -0.029388
v 0.013001 0.934771 0.049642
v 0.013001 0.962426 0.049642
v 0.013001 0.990081 0.049642
v 0.013001 1.017736 0.049642
v 0.013001 1.045391 0.049642
v 0.013001 1.073047 0.049642
v 0.013001 1.100702 0.049642
v 0.013001 1.128357 0.049642
v 0.013001 1.156012 0.049642
v 0.013001 1.183667 0.049642
v 0.013001 1.211322 0.049642
v 0.013001 1.238977 0.049642
v 0.013001 1.266633 0.049642
v 0.013001 1.294288 0.049642
v 0.013001 1.321943 0.049642
v 0.013001 1.349598 0.049642
v 0.013001 1.377253 0.049642
v 0.013001 1.404908 0.049642
v 0.013001 1.432564 0.049642
v 0.013001 1.460219 0.049642
v 0.013001 1.487874 0.049642
v 0.013001 1.515529 0.049642
v 0.013001 1.543184 0.049642
v 0.013001 1.570839 0.049642
v 0.013001 1.598494 0.049642
v 0.013001 1.626149 0.049642
v 0.013001 1.653805 0.049642
v 0.013001 1.681460 0.049642
v 0.013001 1.709115 0.049642
v 0.013001 1.736770 0.049642
v 0.013001 1.764425 0.049642
v 0.013001 1.792080 0.049642
v 0.013001 1.819735 0.049642
v 0.013001 1.847390 0.049642
v 0.013001 1.875046 0.049642
v 0.013001 1.902701 0.049642
v 0.013001 1.930356 0.049642
v 0.013001 1.958011 0.049642
v 0.013001 1.985666 0.049642
v 0.013001 2.013321 0.049642
v 0.013001 2.040977 0.049642
v 0.013001 2.068632 0.049642
v -0.077282 0.934771 -0.040641
v -0.077282 0.962426 -0.040641
v -0.077282 0.990081 -0.040641
v -0.077282 1.017736 -0.040641
v -0.077282 1.045391 -0.040641
v -0.077282 1.073047 -0.040641
v -0.077282 1.100702 -0.040641
v -0.077282 1.128357 -0.040641
v -0.077282 1.156012 -0.040641
v -0.077282 1.183667 -0.040641
v -0.077282 1.211322 -0.040641
v -0.077282 1.238977 -0.040641
v -0.077282 1.266633 -0.040641
v -0.077282 1.294288 -0.040641
v -0.077282 1.321943 -0.040641
v -0.077282 1.349598 -0.040641
v -0.077282 1.377253 -0.040641
v -0.077282 1.404908 -0.040641
v -0.077282 1.432564 -0.040641
v -0.077282 1.460219 -0.040641
v -0.077282 1.487874 -0.040641
v -0.077282 1.515529 -0.040641
v -0.077282 1.543184 -0.040641
v -0.077282 1.570839 -0.040641
v -0.077282 1.598494 -0.040641
v -0.077282 1.626149 -0.040641
v -0.077282 1.653805 -0.040641
v -0.077282 1.681460 -0.040641
v -0.077282 1.709115 -0.040641
v -0.077282 1.736770 -0.040641
v -0.077282 1.764425 -0.040641
v -0.077282 1.792080 -0.040641
v -0.077282 1.819735 -0.040641
v -0.077282 1.847390 -0.040641
v -0.077282 1.875046 -0.040641
v -0.077282 1.902701 -0.040641
v -0.077282 1.930356 -0.040641
v -0.077282 1.958011 -0.040641
v -0.077282 1.985666 -0.040641
v -0.077282 2.013321 -0.040641
v -0.077282 2.040977 -0.040641
v -0.077282 2.068632 -0.040641
v 0.001747 0.934771 0.055657
v 0.001747 0.962426 0.055657
v 0.001747 0.990081 0.055657
v 0.001747 1.017736 0.055657
v 0.001747 1.045391 0.055657
v 0.001747 1.073047 0.055657
v 0.001747 1.100702 0.055657
v 0.001747 1.128357 0.055657
v 0.001747 1.156012 0.055657
v 0.001747 1.183667 0.055657
v 0.001747 1.211322 0.055657
v 0.001747 1.238977 0.055657
v 0.001747 1.266633 0.055657
v 0.001747 1.294288 0.055657
v 0.001747 1.321943 0.055657
v 0.001747 1.349598 0.055657
v 0.001747 1.377253 0.055657
v 0.001747 1.404908 0.055657
v 0.001747 1.432564 0.055657
v 0.001747 1.460219 0.055657
v 0.001747 1.487874 0.055657
v 0.001747 1.515529 0.055657
v 0.001747 1.543184 0.055657
v 0.001747 1.570839 0.055657
v 0.001747 1.598494 0.055657
v 0.001747 1.626149 0.055657
v 0.001747 1.653805 0.055657
v 0.001747 1.681460 0.055657
v 0.001747 1.709115 0.055657
v 0.001747 1.736770 0.055657
v 0.001747 1.764425 0.055657
v 0.001747 1.792080 0.055657
v 0.001747 1.819735 0.055657
v 0.001747 1.847390 0.055657
v 0.001747 1.875046 0.055657
v 0.001747 1.902701 0.055657
v 0.001747 1.930356 0.055657
v 0.001747 1.958011 0.055657
v 0.001747 1.985666 0.055657
v 0.001747 2.013321 0.055657
v 0.001747 2.040977 0.055657
v 0.001747 2.068632 0.055657
v -0.023162 2.068631 -0.069569
v -0.023162 2.040977 -0.069569
v -0.023162 2.013321 -0.069569
v -0.023162 1.985666 -0.069569
v -0.023162 1.958011 -0.069569
v -0.023162 1.930356 -0.069569
v -0.023162 1.902701 -0.069569
v -0.023162 1.875046 -0.069569
v -0.023162 1.847390 -0.069569
v -0.023162 1.819735 -0.069569
v -0.023162 1.792080 -0.069569
v -0.023162 1.764425 -0.069569
v -0.023162 1.736770 -0.069569
v -0.023162 1.709115 -0.069569
v -0.023162 1.681460 -0.069569
v -0.023162 1.653804 -0.069569
v -0.023162 1.626149 -0.069569
v -0.023162 1.598494 -0.069569
v -0.023162 1.570839 -0.069569
v -0.023162 1.543184 -0.069569
v -0.023162 1.515529 -0.069569
v -0.023162 1.487874 -0.069569
v -0.023162 1.460218 -0.069569
v -0.023162 1.432563 -0.069569
v -0.023162 1.404908 -0.069569
v -0.023162 1.377253 -0.069569
v -0.023162 1.349598 -0.069569
v -0.023162 1.321943 -0.069569
v -0.023162 1.294287 -0.069569
v -0.023162 1.266632 -0.069569
v -0.023162 1.238977 -0.069569
v -0.023162 1.211322 -0.069569
v -0.023162 1.183667 -0.069569
v -0.023162 1.156012 -0.069569
v -0.023162 1.128357 -0.069569
v -0.023162 1.100701 -0.069569
v -0.023162 1.073046 -0.069569
v -0.023162 1.045391 -0.069569
v -0.023162 1.017736 -0.069569
v -0.023162 0.990081 -0.069569
v -0.023162 0.962426 -0.069569
v -0.023162 0.934771 -0.069569
v -0.010463 0.934771 -0.068318
v -0.010463 0.962426 -0.068318
v -0.010463 0.990081 -0.068318
v -0.010463 1.017736 -0.068318
v -0.010463 1.045391 -0.068318
v -0.010463 1.073047 -0.068318
v -0.010463 1.100702 -0.068318
v -0.010463 1.128357 -0.068318
v -0.010463 1.156012 -0.068318
v -0.010463 1.183667 -0.068318
v -0.010463 1.211322 -0.068318
v -0.010463 1.238977 -0.068318
v -0.010463 1.266633 -0.068318
v -0.010463 1.294288 -0.068318
v -0.010463 1.321943 -0.068318
v -0.010463 1.349598 -0.068318
v -0.010463 1.377253 -0.068318
v -0.010463 1.404908 -0.068318
v -0.010463 1.432564 -0.068318
v -0.010463 1.460219 -0.068318
v -0.010463 1.487874 -0.068318
v -0.010463 1.515529 -0.068318
v -0.010463 1.543184 -0.068318
v -0.010463 1.570839 -0.068318
v -0.010463 1.598494 -0.068318
v -0.010463 1.626149 -0.068318
v -0.010463 1.653805 -0.068318
v -0.010463 1.681460 -0.068318
v -0.010463 1.709115 -0.068318
v -0.010463 1.736770 -0.068318
v -0.010463 1.764425 -0.068318
v -0.010463 1.792080 -0.068318
v -0.010463 1.819735 -0.068318
v -0.010463 1.847390 -0.068318
v -0.010463 1.875046 -0.068318
v -0.010463 1.902701 -0.068318
v -0.010463 1.930356 -0.068318
v -0.010463 1.958011 -0.068318
v -0.010463 1.985666 -0.068318
v -0.010463 2.013321 -0.068318
v -0.010463 2.040977 -0.068318
v -0.010463 2.068632 -0.068318
v -0.069188 0.934771 -0.050504
v -0.069188 0.962426 -0.050504
v -0.069188 0.990081 -0.050504
v -0.069188 1.017736 -0.050504
v -0.069188 1.045391 -0.050504
v -0.069188 1.073047 -0.050504
v -0.069188 1.100702 -0.050504
v -0.069188 1.128357 -0.050504
v -0.069188 1.156012 -0.050504
v -0.069188 1.183667 -0.050504
v -0.069188 1.211322 -0.050504
v -0.069188 1.238977 -0.050504
v -0.069188 1.266633 -0.050504
v -0.069188 1.294288 -0.050504
v -0.069188 1.321943 -0.050504
v -0.069188 1.349598 -0.050504
v -0.069188 1.377253 -0.050504
v -0.069188 1.404908 -0.050504
v -0.069188 1.432564 -0.050504
v -0.069188 1.460219 -0.050504
v -0.069188 1.487874 -0.050504
v -0.069188 1.515529 -0.050504
v -0.069188 1.543184 -0.050504
v -0.069188 1.570839 -0.050504
v -0.069188 1.598494 -0.050504
v -0.069188 1.626149 -0.050504
v -0.069188 1.653805 -0.050504
v -0.069188 1.681460 -0.050504
v -0.069188 1.709115 -0.050504
v -0.069188 1.736770 -0.050504
v -0.069188 1.764425 -0.050504
v -0.069188 1.792080 -0.050504
v -0.069188 1.819735 -0.050504
v -0.069188 1.847390 -0.050504
v -0.069188 1.875046 -0.050504
v -0.069188 1.902701 -0.050504
v -0.069188 1.930356 -0.050504
v -0.069188 1.958011 -0.050504
v -0.069188 1.985666 -0.050504
v -0.069188 2.013321 -0.050504
v -0.069188 2.040977 -0.050504
v -0.069188 2.068632 -0.050504
v -0.010463 0.934771 0.059361
v -0.010463 0.962426 0.059361
v -0.010463 0.990081 0.059361
v -0.010463 1.017736 0.059361
v -0.010463 1.045391 0.059361
v -0.010463 1.073047 0.059361
v -0.010463 1.100702 0.059361
v -0.010463 1.128357 0.059361
v -0.010463 1.156012 0.059361
v -0.010463 1.183667 0.059361
v -0.010463 1.211322 0.059361
v -0.010463 1.238977 0.059361
v -0.010463 1.266633 0.059361
v -0.010463 1.294288 0.059361
v -0.010463 1.321943 0.059361
v -0.010463 1.349598 0.059361
v -0.010463 1.377253 0.059361
v -0.010463 1.404908 0.059361
v -0.010463 1.432564 0.059361
v -0.010463 1.460219 0.059361
v -0.010463 1.487874 0.059361
v -0.010463 1.515529 0.059361
v -0.010463 1.543184 0.059361
v -0.010463 1.570839 0.059361
v -0.010463 1.598494 0.059361
v -0.010463 1.626149 0.059361
v -0.010463 1.653805 0.059361
v -0.010463 1.681460 0.059361
v -0.010463 1.709115 0.059361
v -0.010463 1.736770 0.059361
v -0.010463 1.764425 0.059361
v -0.010463 1.792080 0.059361
v -0.010463 1.819735 0.059361
v -0.010463 1.847390 0.059361
v -0.010463 1.875046 0.059361
v -0.010463 1.902701 0.059361
v -0.010463 1.930356 0.059361
v -0.010463 1.958011 0.059361
v -0.010463 1.985666 0.059361
v -0.010463 2.013321 0.059361
v -0.010463 2.040977 0.059361
v -0.010463 2.068632 0.059361
v 0.001747 0.934771 -0.064614
v 0.001747 0.962426 -0.064614
v 0.001747 0.990081 -0.064614
v 0.001747 1.017736 -0.064614
v 0.001747 1.045391 -0.064614
v 0.001747 1.073047 -0.064614
v 0.001747 1.100702 -0.064614
v 0.001747 1.128357 -0.064614
v 0.001747 1.156012 -0.064614
v 0.001747 1.183667 -0.064614
v 0.001747 1.211322 -0.064614
v 0.001747 1.238977 -0.064614
v 0.001747 1.266633 -0.064614
v 0.001747 1.294288 -0.064614
v 0.001747 1.321943 -0.064614
v 0.001747 1.349598 -0.064614
v 0.001747 1.377253 -0.064614
v 0.001747 1.404908 -0.064614
v 0.001747 1.432564 -0.064614
v 0.001747 1.460219 -0.064614
v 0.001747 1.487874 -0.064614
v 0.001747 1.515529 -0.064614
v 0.001747 1.543184 -0.064614
v 0.001747 1.570839 -0.064614
v 0.001747 1.598494 -0.064614
v 0.001747 1.626149 -0.064614
v 0.001747 1.653805 -0.064614
v 0.001747 1.681460 -0.064614
v 0.001747 1.709115 -0.064614
v 0.001747 1.736770 -0.064614
v 0.001747 1.764425 -0.064614
v 0.001747 1.792080 -0.064614
v 0.001747 1.819735 -0.064614
v 0.001747 1.847390 -0.064614
v 0.001747 1.875046 -0.064614
v 0.001747 1.902701 -0.064614
v 0.001747 1.930356 -0.064614
v 0.001747 1.958011 -0.064614
v 0.001747 1.985666 -0.064614
v 0.001747 2.013321 -0.064614
v 0.001747 2.040977 -0.064614
v 0.001747 2.068632 -0.064614
v -0.059324 0.934771 -0.058599
v -0.059324 0.962426 -0.058599
v -0.059324 0.990081 -0.058599
v -0.059324 1.017736 -0.058599
v -0.059324 1.045391 -0.058599
v -0.059324 1.073047 -0.058599
v -0.059324 1.100702 -0.058599
v -0.059324 1.128357 -0.058599
v -0.059324 1.156012 -0.058599
v -0.059324 1.183667 -0.058599
v -0.059324 1.211322 -0.058599
v -0.059324 1.238977 -0.058599
v -0.059324 1.266633 -0.058599
v -0.059324 1.294288 -0.058599
v -0.059324 1.321943 -0.058599
v -0.059324 1.349598 -0.058599
v -0.059324 1.377253 -0.058599
v -0.059324 1.404908 -0.058599
v -0.059324 1.432564 -0.058599
v -0.059324 1.460219 -0.058599
v -0.059324 1.487874 -0.058599
v -0.059324 1.515529 -0.058599
v -0.059324 1.543184 -0.058599
v -0.059324 1.570839 -0.058599
v -0.059324 1.598494 -0.058599
v -0.059324 1.626149 -0.058599
v -0.059324 1.653805 -0.058599
v -0.059324 1.681460 -0.058599
v -0.059324 1.709115 -0.058599
v -0.059324 1.736770 -0.058599
v -0.059324 1.764425 -0.058599
v -0.059324 1.792080 -0.058599
v -0.059324 1.819735 -0.058599
v -0.059324 1.847390 -0.058599
v -0.059324 1.875046 -0.058599
v -0.059324 1.902701 -0.058599
v -0.059324 1.930356 -0.058599
v -0.059324 1.958011 -0.058599
v -0.059324 1.985666 -0.058599
v -0.059324 2.013321 -0.058599
v -0.059324 2.040977 -0.058599
v -0.059324 2.068632 -0.058599
v -0.023162 0.934771 0.060612
v -0.023162 0.962426 0.060612
v -0.023162 0.990081 0.060612
v -0.023162 1.017736 0.060612
v -0.023162 1.045391 0.060612
v -0.023162 1.073047 0.060612
v -0.023162 1.100702 0.060612
v -0.023162 1.128357 0.060612
v -0.023162 1.156012 0.060612
v -0.023162 1.183667 0.060612
v -0.023162 1.211322 0.060612
v -0.023162 1.238977 0.060612
v -0.023162 1.266633 0.060612
v -0.023162 1.294288 0.060612
v -0.023162 1.321943 0.060612
v -0.023162 1.349598 0.060612
v -0.023162 1.377253 0.060612
v -0.023162 1.404908 0.060612
v -0.023162 1.432564 0.060612
v -0.023162 1.460219 0.060612
v -0.023162 1.487874 0.060612
v -0.023162 1.515529 0.060612
v -0.023162 1.543184 0.060612
v -0.023162 1.570839 0.060612
v -0.023162 1.598494 0.060612
v -0.023162 1.626149 0.060612
v -0.023162 1.653805 0.060612
v -0.023162 1.681460 0.060612
v -0.023162 1.709115 0.060612
v -0.023162 1.736770 0.060612
v -0.023162 1.764425 0.060612
v -0.023162 1.792080 0.060612
v -0.023162 1.819735 0.060612
v -0.023162 1.847390 0.060612
v -0.023162 1.875046 0.060612
v -0.023162 1.902701 0.060612
v -0.023162 1.930356 0.060612
v -0.023162 1.958011 0.060612
v -0.023162 1.985666 0.060612
v -0.023162 2.013321 0.060612
v -0.023162 2.040977 0.060612
v -0.023162 2.068632 0.060612
v 0.013001 0.934771 -0.058599
v 0.013001 0.962426 -0.058599
v 0.013001 0.990081 -0.058599
v 0.013001 1.017736 -0.058599
v 0.013001 1.045391 -0.058599
v 0.013001 1.073047 -0.058599
v 0.013001 1.100702 -0.058599
v 0.013001 1.128357 -0.058599
v 0.013001 1.156012 -0.058599
v 0.013001 1.183667 -0.058599
v 0.013001 1.211322 -0.058599
v 0.013001 1.238977 -0.058599
v 0.013001 1.266633 -0.058599
v 0.013001 1.294288 -0.058599
v 0.013001 1.321943 -0.058599
v 0.013001 1.349598 -0.058599
v 0.013001 1.377253 -0.058599
v 0.013001 1.404908 -0.058599
v 0.013001 1.432564 -0.058599
v 0.013001 1.460219 -0.058599
v 0.013001 1.487874 -0.058599
v 0.013001 1.515529 -0.058599
v 0.013001 1.543184 -0.058599
v 0.013001 1.570839 -0.058599
v 0.013001 1.598494 -0.058599
v 0.013001 1.626149 -0.058599
v 0.013001 1.653805 -0.058599
v 0.013001 1.681460 -0.058599
v 0.013001 1.709115 -0.058599
v 0.013001 1.736770 -0.058599
v 0.013001 1.764425 -0.058599
v 0.013001 1.792080 -0.058599
v 0.013001 1.819735 -0.058599
v 0.013001 1.847390 -0.058599
v 0.013001 1.875046 -0.058599
v 0.013001 1.902701 -0.058599
v 0.013001 1.930356 -0.058599
v 0.013001 1.958011 -0.058599
v 0.013001 1.985666 -0.058599
v 0.013001 2.013321 -0.058599
v 0.013001 2.040977 -0.058599
v 0.013001 2.068632 -0.058599
v -0.048071 0.934771 -0.064614
v -0.048071 0.962426 -0.064614
v -0.048071 0.990081 -0.064614
v -0.048071 1.017736 -0.064614
v -0.048071 1.045391 -0.064614
v -0.048071 1.073047 -0.064614
v -0.048071 1.100702 -0.064614
v -0.048071 1.128357 -0.064614
v -0.048071 1.156012 -0.064614
v -0.048071 1.183667 -0.064614
v -0.048071 1.211322 -0.064614
v -0.048071 1.238977 -0.064614
v -0.048071 1.266633 -0.064614
v -0.048071 1.294288 -0.064614
v -0.048071 1.321943 -0.064614
v -0.048071 1.349598 -0.064614
v -0.048071 1.377253 -0.064614
v -0.048071 1.404908 -0.064614
v -0.048071 1.432564 -0.064614
v -0.048071 1.460219 -0.064614
v -0.048071 1.487874 -0.064614
v -0.048071 1.515529 -0.064614
v -0.048071 1.543184 -0.064614
v -0.048071 1.570839 -0.064614
v -0.048071 1.598494 -0.064614
v -0.048071 1.626149 -0.064614
v -0.048071 1.653805 -0.064614
v -0.048071 1.681460 -0.064614
v -0.048071 1.709115 -0.064614
v -0.048071 1.736770 -0.064614
v -0.048071 1.764425 -0.064614
v -0.048071 1.792080 -0.064614
v -0.048071 1.819735 -0.064614
v -0.048071 1.847390 -0.064614
v -0.048071 1.875046 -0.064614
v -0.048071 1.902701 -0.064614
v -0.048071 1.930356 -0.064614
v -0.048071 1.958011 -0.064614
v -0.048071 1.985666 -0.064614
v -0.048071 2.013321 -0.064614
v -0.048071 2.040977 -0.064614
v -0.048071 2.068632 -0.064614
v -0.035860 0.934771 0.059361
v -0.035860 0.962426 0.059361
v -0.035860 0.990081 0.059361
v -0.035860 1.017736 0.059361
v -0.035860 1.045391 0.059361
v -0.035860 1.073047 0.059361
v -0.035860 1.100702 0.059361
v -0.035860 1.128357 0.059361
v -0.035860 1.156012 0.059361
v -0.035860 1.183667 0.059361
v -0.035860 1.211322 0.059361
v -0.035860 1.238977 0.059361
v -0.035860 1.266633 0.059361
v -0.035860 1.294288 0.059361
v -0.035860 1.321943 0.059361
v -0.035860 1.349598 0.059361
v -0.035860 1.377253 0.059361
v -0.035860 1.404908 0.059361
v -0.035860 1.432564 0.059361
v -0.035860 1.460219 0.059361
v -0.035860 1.487874 0.059361
v -0.035860 1.515529 0.059361
v -0.035860 1.543184 0.059361
v -0.035860 1.570839 0.059361
v -0.035860 1.598494 0.059361
v -0.035860 1.626149 0.059361
v -0.035860 1.653805 0.059361
v -0.035860 1.681460 0.059361
v -0.035860 1.709115 0.059361
v -0.035860 1.736770 0.059361
v -0.035860 1.764425 0.059361
v -0.035860 1.792080 0.059361
v -0.035860 1.819735 0.059361
v -0.035860 1.847390 0.059361
v -0.035860 1.875046 0.059361
v -0.035860 1.902701 0.059361
v -0.035860 1.930356 0.059361
v -0.035860 1.958011 0.059361
v -0.035860 1.985666 0.059361
v -0.035860 2.013321 0.059361
v -0.035860 2.040977 0.059361
v -0.035860 2.068632 0.059361
v 0.022864 0.934771 -0.050504
v 0.022864 0.962426 -0.050504
v 0.022864 0.990081 -0.050504
v 0.022864 1.017736 -0.050504
v 0.022864 1.045391 -0.050504
v 0.022864 1.073047 -0.050504
v 0.022864 1.100702 -0.050504
v 0.022864 1.128357 -0.050504
v 0.022864 1.156012 -0.050504
v 0.022864 1.183667 -0.050504
v 0.022864 1.211322 -0.050504
v 0.022864 1.238977 -0.050504
v 0.022864 1.266633 -0.050504
v 0.022864 1.294288 -0.050504
v 0.022864 1.321943 -0.050504
v 0.022864 1.349598 -0.050504
v 0.022864 1.377253 -0.050504
v 0.022864 1.404908 -0.050504
v 0.022864 1.432564 -0.050504
v 0.022864 1.460219 -0.050504
v 0.022864 1.487874 -0.050504
v 0.022864 1.515529 -0.050504
v 0.022864 1.543184 -0.050504
v 0.022864 1.570839 -0.050504
v 0.022864 1.598494 -0.050504
v 0.022864 1.626149 -0.050504
v 0.022864 1.653805 -0.050504
v 0.022864 1.681460 -0.050504
v 0.022864 1.709115 -0.050504
v 0.022864 1.736770 -0.050504
v 0.022864 1.764425 -0.050504
v 0.022864 1.792080 -0.050504
v 0.022864 1.819735 -0.050504
v 0.022864 1.847390 -0.050504
v 0.022864 1.875046 -0.050504
v 0.022864 1.902701 -0.050504
v 0.022864 1.930356 -0.050504
v 0.022864 1.958011 -0.050504
v 0.022864 1.985666 -0.050504
v 0.022864 2.013321 -0.050504
v 0.022864 2.040977 -0.050504
v 0.022864 2.068632 -0.050504
v -0.035860 0.934771 -0.068318
v -0.035860 0.962426 -0.068318
v -0.035860 0.990081 -0.068318
v -0.035860 1.017736 -0.068318
v -0.035860 1.045391 -0.068318
v -0.035860 1.073047 -0.068318
v -0.035860 1.100702 -0.068318
v -0.035860 1.128357 -0.068318
v -0.035860 1.156012 -0.068318
v -0.035860 1.183667 -0.068318
v -0.035860 1.211322 -0.068318
v -0.035860 1.238977 -0.068318
v -0.035860 1.266633 -0.068318
v -0.035860 1.294288 -0.068318
v -0.035860 1.321943 -0.068318
v -0.035860 1.349598 -0.068318
v -0.035860 1.377253 -0.068318
v -0.035860 1.404908 -0.068318
v -0.035860 1.432564 -0.068318
v -0.035860 1.460219 -0.068318
v -0.035860 1.487874 -0.068318
v -0.035860 1.515529 -0.068318
v -0.035860 1.543184 -0.068318
v -0.035860 1.570839 -0.068318
v -0.035860 1.598494 -0.068318
v -0.035860 1.626149 -0.068318
v -0.035860 1.653805 -0.068318
v -0.035860 1.681460 -0.068318
v -0.035860 1.709115 -0.068318
v -0.035860 1.736770 -0.068318
v -0.035860 1.764425 -0.068318
v -0.035860 1.792080 -0.068318
v -0.035860 1.819735 -0.068318
v -0.035860 1.847390 -0.068318
v -0.035860 1.875046 -0.068318
v -0.035860 1.902701 -0.068318
v -0.035860 1.930356 -0.068318
v -0.035860 1.958011 -0.068318
v -0.035860 1.985666 -0.068318
v -0.035860 2.013321 -0.068318
v -0.035860 2.040977 -0.068318
v -0.035860 2.068632 -0.068318
v -0.048071 0.934771 0.055657
v -0.048071 0.962426 0.055657
v -0.048071 0.990081 0.055657
v -0.048071 1.017736 0.055657
v -0.048071 1.045391 0.055657
v -0.048071 1.073047 0.055657
v -0.048071 1.100702 0.055657
v -0.048071 1.128357 0.055657
v -0.048071 1.156012 0.055657
v -0.048071 1.183667 0.055657
v -0.048071 1.211322 0.055657
v -0.048071 1.238977 0.055657
v -0.048071 1.266633 0.055657
v -0.048071 1.294288 0.055657
v -0.048071 1.321943 0.055657
v -0.048071 1.349598 0.055657
v -0.048071 1.377253 0.055657
v -0.048071 1.404908 0.055657
v -0.048071 1.432564 0.055657
v -0.048071 1.460219 0.055657
v -0.048071 1.487874 0.055657
v -0.048071 1.515529 0.055657
v -0.048071 1.543184 0.055657
v -0.048071 1.570839 0.055657
v -0.048071 1.598494 0.055657
v -0.048071 1.626149 0.055657
v -0.048071 1.653805 0.055657
v -0.048071 1.681460 0.055657
v -0.048071 1.709115 0.055657
v -0.048071 1.736770 0.055657
v -0.048071 1.764425 0.055657
v -0.048071 1.792080 0.055657
v -0.048071 1.819735 0.055657
v -0.048071 1.847390 0.055657
v -0.048071 1.875046 0.055657
v -0.048071 1.902701 0.055657
v -0.048071 1.930356 0.055657
v -0.048071 1.958011 0.055657
v -0.048071 1.985666 0.055657
v -0.048071 2.013321 0.055657
v -0.048071 2.040977 0.055657
v -0.048071 2.068632 0.055657
v 0.030959 0.934771 -0.040641
v 0.030959 0.962426 -0.040641
v 0.030959 0.990081 -0.040641
v 0.030959 1.017736 -0.040641
v 0.030959 1.045391 -0.040641
v 0.030959 1.073047 -0.040641
v 0.030959 1.100702 -0.040641
v 0.030959 1.128357 -0.040641
v 0.030959 1.156012 -0.040641
v 0.030959 1.183667 -0.040641
v 0.030959 1.211322 -0.040641
v 0.030959 1.238977 -0.040641
v 0.030959 1.266633 -0.040641
v 0.030959 1.294288 -0.040641
v 0.030959 1.321943 -0.040641
v 0.030959 1.349598 -0.040641
v 0.030959 1.377253 -0.040641
v 0.030959 1.404908 -0.040641
v 0.030959 1.432564 -0.040641
v 0.030959 1.460219 -0.040641
v 0.030959 1.487874 -0.040641
v 0.030959 1.515529 -0.040641
v 0.030959 1.543184 -0.040641
v 0.030959 1.570839 -0.040641
v 0.030959 1.598494 -0.040641
v 0.030959 1.626149 -0.040641
v 0.030959 1.653805 -0.040641
v 0.030959 1.681460 -0.040641
v 0.030959 1.709115 -0.040641
v 0.030959 1.736770 -0.040641
v 0.030959 1.764425 -0.040641
v 0.030959 1.792080 -0.040641
v 0.030959 1.819735 -0.040641
v 0.030959 1.847390 -0.040641
v 0.030959 1.875046 -0.040641
v 0.030959 1.902701 -0.040641
v 0.030959 1.930356 -0.040641
v 0.030959 1.958011 -0.040641
v 0.030959 1.985666 -0.040641
v 0.030959 2.013321 -0.040641
v 0.030959 2.040977 -0.040641
v 0.030959 2.068632 -0.040641
v -0.059324 0.934771 0.049642
v -0.059324 0.962426 0.049642
v -0.059324 0.990081 0.049642
v -0.059324 1.017736 0.049642
v -0.059324 1.045391 0.049642
v -0.059324 1.073047 0.049642
v -0.059324 1.100702 0.049642
v -0.059324 1.128357 0.049642
v -0.059324 1.156012 0.049642
v -0.059324 1.183667 0.049642
v -0.059324 1.211322 0.049642
v -0.059324 1.238977 0.049642
v -0.059324 1.266633 0.049642
v -0.059324 1.294288 0.049642
v -0.059324 1.321943 0.049642
v -0.059324 1.349598 0.049642
v -0.059324 1.377253 0.049642
v -0.059324 1.404908 0.049642
v -0.059324 1.432564 0.049642
v -0.059324 1.460219 0.049642
v -0.059324 1.487874 0.049642
v -0.059324 1.515529 0.049642
v -0.059324 1.543184 0.049642
v -0.059324 1.570839 0.049642
v -0.059324 1.598494 0.049642
v -0.059324 1.626149 0.049642
v -0.059324 1.653805 0.049642
v -0.059324 1.681460 0.049642
v -0.059324 1.709115 0.049642
v -0.059324 1.736770 0.049642
v -0.059324 1.764425 0.049642
v -0.059324 1.792080 0.049642
v -0.059324 1.819735 0.049642
v -0.059324 1.847390 0.049642
v -0.059324 1.875046 0.049642
v -0.059324 1.902701 0.049642
v -0.059324 1.930356 0.049642
v -0.059324 1.958011 0.049642
v -0.059324 1.985666 0.049642
v -0.059324 2.013321 0.049642
v -0.059324 2.040977 0.049642
v -0.059324 2.068632 0.049642
v 0.036974 0.934771 -0.029388
v 0.036974 0.962426 -0.029388
v 0.036974 0.990081 -0.029388
v 0.036974 1.017736 -0.029388
v 0.036974 1.045391 -0.029388
v 0.036974 1.073047 -0.029388
v 0.036974 1.100702 -0.029388
v 0.036974 1.128357 -0.029388
v 0.036974 1.156012 -0.029388
v 0.036974 1.183667 -0.029388
v 0.036974 1.211322 -0.029388
v 0.036974 1.238977 -0.029388
v 0.036974 1.266633 -0.029388
v 0.036974 1.294288 -0.029388
v 0.036974 1.321943 -0.029388
v 0.036974 1.349598 -0.029388
v 0.036974 1.377253 -0.029388
v 0.036974 1.404908 -0.029388
v 0.036974 1.432564 -0.029388
v 0.036974 1.460219 -0.029388
v 0.036974 1.487874 -0.029388
v 0.036974 1.515529 -0.029388
v 0.036974 1.543184 -0.029388
v 0.036974 1.570839 -0.029388
v 0.036974 1.598494 -0.029388
v 0.036974 1.626149 -0.029388
v 0.036974 1.653805 -0.029388
v 0.036974 1.681460 -0.029388
v 0.036974 1.709115 -0.029388
v 0.036974 1.736770 -0.029388
v 0.036974 1.764425 -0.029388
v 0.036974 1.792080 -0.029388
v 0.036974 1.819735 -0.029388
v 0.036974 1.847390 -0.029388
v 0.036974 1.875046 -0.029388
v 0.036974 1.902701 -0.029388
v 0.036974 1.930356 -0.029388
v 0.036974 1.958011 -0.029388
v 0.036974 1.985666 -0.029388
v 0.036974 2.013321 -0.029388
v 0.036974 2.040977 -0.029388
v 0.036974 2.068632 -0.029388
v -0.069188 0.934771 0.041547
v -0.069188 0.962426 0.041547
v -0.069188 0.990081 0.041547
v -0.069188 1.017736 0.041547
v -0.069188 1.045391 0.041547
v -0.069188 1.073047 0.041547
v -0.069188 1.100702 0.041547
v -0.069188 1.128357 0.041547
v -0.069188 1.156012 0.041547
v -0.069188 1.183667 0.041547
v -0.069188 1.211322 0.041547
v -0.069188 1.238977 0.041547
v -0.069188 1.266633 0.041547
v -0.069188 1.294288 0.041547
v -0.069188 1.321943 0.041547
v -0.069188 1.349598 0.041547
v -0.069188 1.377253 0.041547
v -0.069188 1.404908 0.041547
v -0.069188 1.432564 0.041547
v -0.069188 1.460219 0.041547
v -0.069188 1.487874 0.041547
v -0.069188 1.515529 0.041547
v -0.069188 1.543184 0.041547
v -0.069188 1.570839 0.041547
v -0.069188 1.598494 0.041547
v -0.069188 1.626149 0.041547
v -0.069188 1.653805 0.041547
v -0.069188 1.681460 0.041547
v -0.069188 1.709115 0.041547
v -0.069188 1.736770 0.041547
v -0.069188 1.764425 0.041547
v -0.069188 1.792080 0.041547
v -0.069188 1.819735 0.041547
v -0.069188 1.847390 0.041547
v -0.069188 1.875046 0.041547
v -0.069188 1.902701 0.041547
v -0.069188 1.930356 0.041547
v -0.069188 1.958011 0.041547
v -0.069188 1.985666 0.041547
v -0.069188 2.013321 0.041547
v -0.069188 2.040977 0.041547
v -0.069188 2.068632 0.041547
v 0.040678 0.934771 -0.017177
v 0.040678 0.962426 -0.017177
v 0.040678 0.990081 -0.017177
v 0.040678 1.017736 -0.017177
v 0.040678 1.045391 -0.017177
v 0.040678 1.073047 -0.017177
v 0.040678 1.100702 -0.017177
v 0.040678 1.128357 -0.017177
v 0.040678 1.156012 -0.017177
v 0.040678 1.183667 -0.017177
v 0.040678 1.211322 -0.017177
v 0.040678 1.238977 -0.017177
v 0.040678 1.266633 -0.017177
v 0.040678 1.294288 -0.017177
v 0.040678 1.321943 -0.017177
v 0.040678 1.349598 -0.017177
v 0.040678 1.377253 -0.017177
v 0.040678 1.404908 -0.017177
v 0.040678 1.432564 -0.017177
v 0.040678 1.460219 -0.017177
v 0.040678 1.487874 -0.017177
v 0.040678 1.515529 -0.017177
v 0.040678 1.543184 -0.017177
v 0.040678 1.570839 -0.017177
v 0.040678 1.598494 -0.017177
v 0.040678 1.626149 -0.017177
v 0.040678 1.653805 -0.017177
v 0.040678 1.681460 -0.017177
v 0.040678 1.709115 -0.017177
v 0.040678 1.736770 -0.017177
v 0.040678 1.764425 -0.017177
v 0.040678 1.792080 -0.017177
v 0.040678 1.819735 -0.017177
v 0.040678 1.847390 -0.017177
v 0.040678 1.875046 -0.017177
v 0.040678 1.902701 -0.017177
v 0.040678 1.930356 -0.017177
v 0.040678 1.958011 -0.017177
v 0.040678 1.985666 -0.017177
v 0.040678 2.013321 -0.017177
v 0.040678 2.040977 -0.017177
v 0.040678 2.068632 -0.017177
v -0.077282 0.934771 0.031684
v -0.077282 0.962426 0.031684
v -0.077282 0.990081 0.031684
v -0.077282 1.017736 0.031684
v -0.077282 1.045391 0.031684
v -0.077282 1.073047 0.031684
v -0.077282 1.100702 0.031684
v -0.077282 1.128357 0.031684
v -0.077282 1.156012 0.031684
v -0.077282 1.183667 0.031684
v -0.077282 1.211322 0.031684
v -0.077282 1.238977 0.031684
v -0.077282 1.266633 0.031684
v -0.077282 1.294288 0.031684
v -0.077282 1.321943 0.031684
v -0.077282 1.349598 0.031684
v -0.077282 1.377253 0.031684
v -0.077282 1.404908 0.031684
v -0.077282 1.432564 0.031684
v -0.077282 1.460219 0.031684
v -0.077282 1.487874 0.031684
v -0.077282 1.515529 0.031684
v -0.077282 1.543184 0.031684
v -0.077282 1.570839 0.031684
v -0.077282 1.598494 0.031684
v -0.077282 1.626149 0.031684
v -0.077282 1.653805 0.031684
v -0.077282 1.681460 0.031684
v -0.077282 1.709115 0.031684
v -0.077282 1.736770 0.031684
v -0.077282 1.764425 0.031684
v -0.077282 1.792080 0.031684
v -0.077282 1.819735 0.031684
v -0.077282 1.847390 0.031684
v -0.077282 1.875046 0.031684
v -0.077282 1.902701 0.031684
v -0.077282 1.930356 0.031684
v -0.077282 1.958011 0.031684
v -0.077282 1.985666 0.031684
v -0.077282 2.013321 0.031684
v -0.077282 2.040977 0.031684
v -0.077282 2.068632 0.031684
v 0.041929 0.934771 -0.004479
v 0.041929 0.962426 -0.004479
v 0.041929 0.990081 -0.004479
v 0.041929 1.017736 -0.004479
v 0.041929 1.045391 -0.004479
v 0.041929 1.073047 -0.004479
v 0.041929 1.100702 -0.004479
v 0.041929 1.128357 -0.004479
v 0.041929 1.156012 -0.004479
v 0.041929 1.183667 -0.004479
v 0.041929 1.211322 -0.004479
v 0.041929 1.238977 -0.004479
v 0.041929 1.266633 -0.004479
v 0.041929 1.294288 -0.004479
v 0.041929 1.321943 -0.004479
v 0.041929 1.349598 -0.004479
v 0.041929 1.377253 -0.004479
v 0.041929 1.404908 -0.004479
v 0.041929 1.432564 -0.004479
v 0.041929 1.460219 -0.004479
v 0.041929 1.487874 -0.004479
v 0.041929 1.515529 -0.004479
v 0.041929 1.543184 -0.004479
v 0.041929 1.570839 -0.004479
v 0.041929 1.598494 -0.004479
v 0.041929 1.626149 -0.004479
v 0.041929 1.653805 -0.004479
v 0.041929 1.681460 -0.004479
v 0.041929 1.709115 -0.004479
v 0.041929 1.736770 -0.004479
v 0.041929 1.764425 -0.004479
v 0.041929 1.792080 -0.004479
v 0.041929 1.819735 -0.004479
v 0.041929 1.847390 -0.004479
v 0.041929 1.875046 -0.004479
v 0.041929 1.902701 -0.004479
v 0.041929 1.930356 -0.004479
v 0.041929 1.958011 -0.004479
v 0.041929 1.985666 -0.004479
v 0.041929 2.013321 -0.004479
v 0.041929 2.040977 -0.004479
v 0.041929 2.068632 -0.004479
v -0.083297 0.934771 0.020430
v -0.083297 0.962426 0.020430
v -0.083297 0.990081 0.020430
v -0.083297 1.017736 0.020430
v -0.083297 1.045391 0.020430
v -0.083297 1.073047 0.020430
v -0.083297 1.100702 0.020430
v -0.083297 1.128357 0.020430
v -0.083297 1.156012 0.020430
v -0.083297 1.183667 0.020430
v -0.083297 1.211322 0.020430
v -0.083297 1.238977 0.020430
v -0.083297 1.266633 0.020430
v -0.083297 1.294288 0.020430
v -0.083297 1.321943 0.020430
v -0.083297 1.349598 0.020430
v -0.083297 1.377253 0.020430
v -0.083297 1.404908 0.020430
v -0.083297 1.432564 0.020430
v -0.083297 1.460219 0.020430
v -0.083297 1.487874 0.020430
v -0.083297 1.515529 0.020430
v -0.083297 1.543184 0.020430
v -0.083297 1.570839 0.020430
v -0.083297 1.598494 0.020430
v -0.083297 1.626149 0.020430
v -0.083297 1.653805 0.020430
v -0.083297 1.681460 0.020430
v -0.083297 1.709115 0.020430
v -0.083297 1.736770 0.020430
v -0.083297 1.764425 0.020430
v -0.083297 1.792080 0.020430
v -0.083297 1.819735 0.020430
v -0.083297 1.847390 0.020430
v -0.083297 1.875046 0.020430
v -0.083297 1.902701 0.020430
v -0.083297 1.930356 0.020430
v -0.083297 1.958011 0.020430
v -0.083297 1.985666 0.020430
v -0.083297 2.013321 0.020430
v -0.083297 2.040977 0.020430
v -0.083297 2.068632 0.020430
v 0.040678 0.934771 0.008220
v 0.040678 0.962426 0.008220
v 0.040678 0.990081 0.008220
v 0.040678 1.017736 0.008220
v 0.040678 1.045391 0.008220
v 0.040678 1.073047 0.008220
v 0.040678 1.100702 0.008220
v 0.040678 1.128357 0.008220
v 0.040678 1.156012 0.008220
v 0.040678 1.183667 0.008220
v 0.040678 1.211322 0.008220
v 0.040678 1.238977 0.008220
v 0.040678 1.266633 0.008220
v 0.040678 1.294288 0.008220
v 0.040678 1.321943 0.008220
v 0.040678 1.349598 0.008220
v 0.040678 1.377253 0.008220
v 0.040678 1.404908 0.008220
v 0.040678 1.432564 0.008220
v 0.040678 1.460219 0.008220
v 0.040678 1.487874 0.008220
v 0.040678 1.515529 0.008220
v 0.040678 1.543184 0.008220
v 0.040678 1.570839 0.008220
v 0.040678 1.598494 0.008220
v 0.040678 1.626149 0.008220
v 0.040678 1.653805 0.008220
v 0.040678 1.681460 0.008220
v 0.040678 1.709115 0.008220
v 0.040678 1.736770 0.008220
v 0.040678 1.764425 0.008220
v 0.040678 1.792080 0.008220
v 0.040678 1.819735 0.008220
v 0.040678 1.847390 0.008220
v 0.040678 1.875046 0.008220
v 0.040678 1.902701 0.008220
v 0.040678 1.930356 0.008220
v 0.040678 1.958011 0.008220
v 0.040678 1.985666 0.008220
v 0.040678 2.013321 0.008220
v 0.040678 2.040977 0.008220
v 0.040678 2.068632 0.008220
v -0.087001 0.934771 0.008220
v -0.087001 0.962426 0.008220
v -0.087001 0.990081 0.008220
v -0.087001 1.017736 0.008220
v -0.087001 1.045391 0.008220
v -0.087001 1.073047 0.008220
v -0.087001 1.100702 0.008220
v -0.087001 1.128357 0.008220
v -0.087001 1.156012 0.008220
v -0.087001 1.183667 0.008220
v -0.087001 1.211322 0.008220
v -0.087001 1.238977 0.008220
v -0.087001 1.266633 0.008220
v -0.087001 1.294288 0.008220
v -0.087001 1.321943 0.008220
v -0.087001 1.349598 0.008220
v -0.087001 1.377253 0.008220
v -0.087001 1.404908 0.008220
v -0.087001 1.432564 0.008220
v -0.087001 1.460219 0.008220
v -0.087001 1.487874 0.008220
v -0.087001 1.515529 0.008220
v -0.087001 1.543184 0.008220
v -0.087001 1.570839 0.008220
v -0.087001 1.598494 0.008220
v -0.087001 1.626149 0.008220
v -0.087001 1.653805 0.008220
v -0.087001 1.681460 0.008220
v -0.087001 1.709115 0.008220
v -0.087001 1.736770 0.008220
v -0.087001 1.764425 0.008220
v -0.087001 1.792080 0.008220
v -0.087001 1.819735 0.008220
v -0.087001 1.847390 0.008220
v -0.087001 1.875046 0.008220
v -0.087001 1.902701 0.008220
v -0.087001 1.930356 0.008220
v -0.087001 1.958011 0.008220
v -0.087001 1.985666 0.008220
v -0.087001 2.013321 0.008220
v -0.087001 2.040977 0.008220
v -0.087001 2.068632 0.008220
v 0.036974 0.934771 0.020430
v 0.036974 0.962426 0.020430
v 0.036974 0.990081 0.020430
v 0.036974 1.017736 0.020430
v 0.036974 1.045391 0.020430
v 0.036974 1.073047 0.020430
v 0.036974 1.100702 0.020430
v 0.036974 1.128357 0.020430
v 0.036974 1.156012 0.020430
v 0.036974 1.183667 0.020430
v 0.036974 1.211322 0.020430
v 0.036974 1.238977 0.020430
v 0.036974 1.266633 0.020430
v 0.036974 1.294288 0.020430
v 0.036974 1.321943 0.020430
v 0.036974 1.349598 0.020430
v 0.036974 1.377253 0.020430
v 0.036974 1.404908 0.020430
v 0.036974 1.432564 0.020430
v 0.036974 1.460219 0.020430
v 0.036974 1.487874 0.020430
v 0.036974 1.515529 0.020430
v 0.036974 1.543184 0.020430
v 0.036974 1.570839 0.020430
v 0.036974 1.598494 0.020430
v 0.036974 1.626149 0.020430
v 0.036974 1.653805 0.020430
v 0.036974 1.681460 0.020430
v 0.036974 1.709115 0.020430
v 0.036974 1.736770 0.020430
v 0.036974 1.764425 0.020430
v 0.036974 1.792080 0.020430
v 0.036974 1.819735 0.020430
v 0.036974 1.847390 0.020430
v 0.036974 1.875046 0.020430
v 0.036974 1.902701 0.020430
v 0.036974 1.930356 0.020430
v 0.036974 1.958011 0.020430
v 0.036974 1.985666 0.020430
v 0.036974 2.013321 0.020430
v 0.036974 2.040977 0.020430
v 0.036974 2.068632 0.020430
v -0.088252 0.934771 -0.004479
v -0.088252 0.962426 -0.004479
v -0.088252 0.990081 -0.004479
v -0.088252 1.017736 -0.004479
v -0.088252 1.045391 -0.004479
v -0.088252 1.073047 -0.004479
v -0.088252 1.100702 -0.004479
v -0.088252 1.128357 -0.004479
v -0.088252 1.156012 -0.004479
v -0.088252 1.183667 -0.004479
v -0.088252 1.211322 -0.004479
v -0.088252 1.238977 -0.004479
v -0.088252 1.266633 -0.004479
v -0.088252 1.294288 -0.004479
v -0.088252 1.321943 -0.004479
v -0.088252 1.349598 -0.004479
v -0.088252 1.377253 -0.004479
v -0.088252 1.404908 -0.004479
v -0.088252 1.432564 -0.004479
v -0.088252 1.460219 -0.004479
v -0.088252 1.487874 -0.004479
v -0.088252 1.515529 -0.004479
v -0.088252 1.543184 -0.004479
v -0.088252 1.570839 -0.004479
v -0.088252 1.598494 -0.004479
v -0.088252 1.626149 -0.004479
v -0.088252 1.653805 -0.004479
v -0.088252 1.681460 -0.004479
v -0.088252 1.709115 -0.004479
v -0.088252 1.736770 -0.004479
v -0.088252 1.764425 -0.004479
v -0.088252 1.792080 -0.004479
v -0.088252 1.819735 -0.004479
v -0.088252 1.847390 -0.004479
v -0.088252 1.875046 -0.004479
v -0.088252 1.902701 -0.004479
v -0.088252 1.930356 -0.004479
v -0.088252 1.958011 -0.004479
v -0.088252 1.985666 -0.004479
v -0.088252 2.013321 -0.004479
v -0.088252 2.040977 -0.004479
v -0.088252 2.068632 -0.004479
v 0.039577 2.068631 0.037442
v 0.039577 2.040977 0.037442
v 0.039577 2.013321 0.037442
v 0.039577 1.985666 0.037442
v 0.039577 1.958011 0.037442
v 0.039577 1.930356 0.037442
v 0.039577 1.902701 0.037442
v 0.039577 1.875046 0.037442
v 0.039577 1.847390 0.037442
v 0.039577 1.819735 0.037442
v 0.039577 1.792080 0.037442
v 0.039577 1.764425 0.037442
v 0.039577 1.736770 0.037442
v 0.039577 1.709115 0.037442
v 0.039577 1.681460 0.037442
v 0.039577 1.653804 0.037442
v 0.039577 1.626149 0.037442
v 0.039577 1.598494 0.037442
v 0.039577 1.570839 0.037442
v 0.039577 1.543184 0.037442
v 0.039577 1.515529 0.037442
v 0.039577 1.487874 0.037442
v 0.039577 1.460218 0.037442
v 0.039577 1.432563 0.037442
v 0.039577 1.404908 0.037442
v 0.039577 1.377253 0.037442
v 0.039577 1.349598 0.037442
v 0.039577 1.321943 0.037442
v 0.039577 1.294287 0.037442
v 0.039577 1.266632 0.037442
v 0.039577 1.238977 0.037442
v 0.039577 1.211322 0.037442
v 0.039577 1.183667 0.037442
v 0.039577 1.156012 0.037442
v 0.039577 1.128357 0.037442
v 0.039577 1.100701 0.037442
v 0.039577 1.073046 0.037442
v 0.039577 1.045391 0.037442
v 0.039577 1.017736 0.037442
v 0.039577 0.990081 0.037442
v 0.039577 0.962426 0.037442
v 0.039577 0.934771 0.037442
v 0.030193 0.934771 0.048876
v 0.030193 0.962426 0.048876
v 0.030193 0.990081 0.048876
v 0.030193 1.017736 0.048876
v 0.030193 1.045391 0.048876
v 0.030193 1.073047 0.048876
v 0.030193 1.100702 0.048876
v 0.030193 1.128357 0.048876
v 0.030193 1.156012 0.048876
v 0.030193 1.183667 0.048876
v 0.030193 1.211322 0.048876
v 0.030193 1.238977 0.048876
v 0.030193 1.266633 0.048876
v 0.030193 1.294288 0.048876
v 0.030193 1.321943 0.048876
v 0.030193 1.349598 0.048876
v 0.030193 1.377253 0.048876
v 0.030193 1.404908 0.048876
v 0.030193 1.432564 0.048876
v 0.030193 1.460219 0.048876
v 0.030193 1.487874 0.048876
v 0.030193 1.515529 0.048876
v 0.030193 1.543184 0.048876
v 0.030193 1.570839 0.048876
v 0.030193 1.598494 0.048876
v 0.030193 1.626149 0.048876
v 0.030193 1.653805 0.048876
v 0.030193 1.681460 0.048876
v 0.030193 1.709115 0.048876
v 0.030193 1.736770 0.048876
v 0.030193 1.764425 0.048876
v 0.030193 1.792080 0.048876
v 0.030193 1.819735 0.048876
v 0.030193 1.847390 0.048876
v 0.030193 1.875046 0.048876
v 0.030193 1.902701 0.048876
v 0.030193 1.930356 0.048876
v 0.030193 1.958011 0.048876
v 0.030193 1.985666 0.048876
v 0.030193 2.013321 0.048876
v 0.030193 2.040977 0.048876
v 0.030193 2.068632 0.048876
v -0.097167 2.068631 -0.019199
v -0.097167 2.040977 -0.019199
v -0.097167 2.013321 -0.019199
v -0.097167 1.985666 -0.019199
v -0.097167 1.958011 -0.019199
v -0.097167 1.930356 -0.019199
v -0.097167 1.902701 -0.019199
v -0.097167 1.875046 -0.019199
v -0.097167 1.847390 -0.019199
v -0.097167 1.819735 -0.019199
v -0.097167 1.792080 -0.019199
v -0.097167 1.764425 -0.019199
v -0.097167 1.736770 -0.019199
v -0.097167 1.709115 -0.019199
v -0.097167 1.681460 -0.019199
v -0.097167 1.653804 -0.019199
v -0.097167 1.626149 -0.019199
v -0.097167 1.598494 -0.019199
v -0.097167 1.570839 -0.019199
v -0.097167 1.543184 -0.019199
v -0.097167 1.515529 -0.019199
v -0.097167 1.487874 -0.019199
v -0.097167 1.460218 -0.019199
v -0.097167 1.432563 -0.019199
v -0.097167 1.404908 -0.019199
v -0.097167 1.377253 -0.019199
v -0.097167 1.349598 -0.019199
v -0.097167 1.321943 -0.019199
v -0.097167 1.294287 -0.019199
v -0.097167 1.266632 -0.019199
v -0.097167 1.238977 -0.019199
v -0.097167 1.211322 -0.019199
v -0.097167 1.183667 -0.019199
v -0.097167 1.156012 -0.019199
v -0.097167 1.128357 -0.019199
v -0.097167 1.100701 -0.019199
v -0.097167 1.073046 -0.019199
v -0.097167 1.045391 -0.019199
v -0.097167 1.017736 -0.019199
v -0.097167 0.990081 -0.019199
v -0.097167 0.962426 -0.019199
v -0.097167 0.934771 -0.019199
v -0.092873 0.934771 -0.033354
v -0.092873 0.962426 -0.033354
v -0.092873 0.990081 -0.033354
v -0.092873 1.017736 -0.033354
v -0.092873 1.045391 -0.033354
v -0.092873 1.073047 -0.033354
v -0.092873 1.100702 -0.033354
v -0.092873 1.128357 -0.033354
v -0.092873 1.156012 -0.033354
v -0.092873 1.183667 -0.033354
v -0.092873 1.211322 -0.033354
v -0.092873 1.238977 -0.033354
v -0.092873 1.266633 -0.033354
v -0.092873 1.294288 -0.033354
v -0.092873 1.321943 -0.033354
v -0.092873 1.349598 -0.033354
v -0.092873 1.377253 -0.033354
v -0.092873 1.404908 -0.033354
v -0.092873 1.432564 -0.033354
v -0.092873 1.460219 -0.033354
v -0.092873 1.487874 -0.033354
v -0.092873 1.515529 -0.033354
v -0.092873 1.543184 -0.033354
v -0.092873 1.570839 -0.033354
v -0.092873 1.598494 -0.033354
v -0.092873 1.626149 -0.033354
v -0.092873 1.653805 -0.033354
v -0.092873 1.681460 -0.033354
v -0.092873 1.709115 -0.033354
v -0.092873 1.736770 -0.033354
v -0.092873 1.764425 -0.033354
v -0.092873 1.792080 -0.033354
v -0.092873 1.819735 -0.033354
v -0.092873 1.847390 -0.033354
v -0.092873 1.875046 -0.033354
v -0.092873 1.902701 -0.033354
v -0.092873 1.930356 -0.033354
v -0.092873 1.958011 -0.033354
v -0.092873 1.985666 -0.033354
v -0.092873 2.013321 -0.033354
v -0.092873 2.040977 -0.033354
v -0.092873 2.068632 -0.033354
v 0.018759 0.934771 0.058260
v 0.018759 0.962426 0.058260
v 0.018759 0.990081 0.058260
v 0.018759 1.017736 0.058260
v 0.018759 1.045391 0.058260
v 0.018759 1.073047 0.058260
v 0.018759 1.100702 0.058260
v 0.018759 1.128357 0.058260
v 0.018759 1.156012 0.058260
v 0.018759 1.183667 0.058260
v 0.018759 1.211322 0.058260
v 0.018759 1.238977 0.058260
v 0.018759 1.266633 0.058260
v 0.018759 1.294288 0.058260
v 0.018759 1.321943 0.058260
v 0.018759 1.349598 0.058260
v 0.018759 1.377253 0.058260
v 0.018759 1.404908 0.058260
v 0.018759 1.432564 0.058260
v 0.018759 1.460219 0.058260
v 0.018759 1.487874 0.058260
v 0.018759 1.515529 0.058260
v 0.018759 1.543184 0.058260
v 0.018759 1.570839 0.058260
v 0.018759 1.598494 0.058260
v 0.018759 1.626149 0.058260
v 0.018759 1.653805 0.058260
v 0.018759 1.681460 0.058260
v 0.018759 1.709115 0.058260
v 0.018759 1.736770 0.058260
v 0.018759 1.764425 0.058260
v 0.018759 1.792080 0.058260
v 0.018759 1.819735 0.058260
v 0.018759 1.847390 0.058260
v 0.018759 1.875046 0.058260
v 0.018759 1.902701 0.058260
v 0.018759 1.930356 0.058260
v 0.018759 1.958011 0.058260
v 0.018759 1.985666 0.058260
v 0.018759 2.013321 0.058260
v 0.018759 2.040977 0.058260
v 0.018759 2.068632 0.058260
v -0.085900 0.934771 -0.046399
v -0.085900 0.962426 -0.046399
v -0.085900 0.990081 -0.046399
v -0.085900 1.017736 -0.046399
v -0.085900 1.045391 -0.046399
v -0.085900 1.073047 -0.046399
v -0.085900 1.100702 -0.046399
v -0.085900 1.128357 -0.046399
v -0.085900 1.156012 -0.046399
v -0.085900 1.183667 -0.046399
v -0.085900 1.211322 -0.046399
v -0.085900 1.238977 -0.046399
v -0.085900 1.266633 -0.046399
v -0.085900 1.294288 -0.046399
v -0.085900 1.321943 -0.046399
v -0.085900 1.349598 -0.046399
v -0.085900 1.377253 -0.046399
v -0.085900 1.404908 -0.046399
v -0.085900 1.432564 -0.046399
v -0.085900 1.460219 -0.046399
v -0.085900 1.487874 -0.046399
v -0.085900 1.515529 -0.046399
v -0.085900 1.543184 -0.046399
v -0.085900 1.570839 -0.046399
v -0.085900 1.598494 -0.046399
v -0.085900 1.626149 -0.046399
v -0.085900 1.653805 -0.046399
v -0.085900 1.681460 -0.046399
v -0.085900 1.709115 -0.046399
v -0.085900 1.736770 -0.046399
v -0.085900 1.764425 -0.046399
v -0.085900 1.792080 -0.046399
v -0.085900 1.819735 -0.046399
v -0.085900 1.847390 -0.046399
v -0.085900 1.875046 -0.046399
v -0.085900 1.902701 -0.046399
v -0.085900 1.930356 -0.046399
v -0.085900 1.958011 -0.046399
v -0.085900 1.985666 -0.046399
v -0.085900 2.013321 -0.046399
v -0.085900 2.040977 -0.046399
v -0.085900 2.068632 -0.046399
v 0.005714 0.934771 0.065232
v 0.005714 0.962426 0.065232
v 0.005714 0.990081 0.065232
v 0.005714 1.017736 0.065232
v 0.005714 1.045391 0.065232
v 0.005714 1.073047 0.065232
v 0.005714 1.100702 0.065232
v 0.005714 1.128357 0.065232
v 0.005714 1.156012 0.065232
v 0.005714 1.183667 0.065232
v 0.005714 1.211322 0.065232
v 0.005714 1.238977 0.065232
v 0.005714 1.266633 0.065232
v 0.005714 1.294288 0.065232
v 0.005714 1.321943 0.065232
v 0.005714 1.349598 0.065232
v 0.005714 1.377253 0.065232
v 0.005714 1.404908 0.065232
v 0.005714 1.432564 0.065232
v 0.005714 1.460219 0.065232
v 0.005714 1.487874 0.065232
v 0.005714 1.515529 0.065232
v 0.005714 1.543184 0.065232
v 0.005714 1.570839 0.065232
v 0.005714 1.598494 0.065232
v 0.005714 1.626149 0.065232
v 0.005714 1.653805 0.065232
v 0.005714 1.681460 0.065232
v 0.005714 1.709115 0.065232
v 0.005714 1.736770 0.065232
v 0.005714 1.764425 0.065232
v 0.005714 1.792080 0.065232
v 0.005714 1.819735 0.065232
v 0.005714 1.847390 0.065232
v 0.005714 1.875046 0.065232
v 0.005714 1.902701 0.065232
v 0.005714 1.930356 0.065232
v 0.005714 1.958011 0.065232
v 0.005714 1.985666 0.065232
v 0.005714 2.013321 0.065232
v 0.005714 2.040977 0.065232
v 0.005714 2.068632 0.065232
v -0.023162 2.068631 -0.079933
v -0.023162 2.040977 -0.079933
v -0.023162 2.013321 -0.079933
v -0.023162 1.985666 -0.079933
v -0.023162 1.958011 -0.079933
v -0.023162 1.930356 -0.079933
v -0.023162 1.902701 -0.079933
v -0.023162 1.875046 -0.079933
v -0.023162 1.847390 -0.079933
v -0.023162 1.819735 -0.079933
v -0.023162 1.792080 -0.079933
v -0.023162 1.764425 -0.079933
v -0.023162 1.736770 -0.079933
v -0.023162 1.709115 -0.079933
v -0.023162 1.681460 -0.079933
v -0.023162 1.653804 -0.079933
v -0.023162 1.626149 -0.079933
v -0.023162 1.598494 -0.079933
v -0.023162 1.570839 -0.079933
v -0.023162 1.543184 -0.079933
v -0.023162 1.515529 -0.079933
v -0.023162 1.487874 -0.079933
v -0.023162 1.460218 -0.079933
v -0.023162 1.432563 -0.079933
v -0.023162 1.404908 -0.079933
v -0.023162 1.377253 -0.079933
v -0.023162 1.349598 -0.079933
v -0.023162 1.321943 -0.079933
v -0.023162 1.294287 -0.079933
v -0.023162 1.266632 -0.079933
v -0.023162 1.238977 -0.079933
v -0.023162 1.211322 -0.079933
v -0.023162 1.183667 -0.079933
v -0.023162 1.156012 -0.079933
v -0.023162 1.128357 -0.079933
v -0.023162 1.100701 -0.079933
v -0.023162 1.073046 -0.079933
v -0.023162 1.045391 -0.079933
v -0.023162 1.017736 -0.079933
v -0.023162 0.990081 -0.079933
v -0.023162 0.962426 -0.079933
v -0.023162 0.934771 -0.079933
v -0.008441 0.934771 -0.078483
v -0.008441 0.962426 -0.078483
v -0.008441 0.990081 -0.078483
v -0.008441 1.017736 -0.078483
v -0.008441 1.045391 -0.078483
v -0.008441 1.073047 -0.078483
v -0.008441 1.100702 -0.078483
v -0.008441 1.128357 -0.078483
v -0.008441 1.156012 -0.078483
v -0.008441 1.183667 -0.078483
v -0.008441 1.211322 -0.078483
v -0.008441 1.238977 -0.078483
v -0.008441 1.266633 -0.078483
v -0.008441 1.294288 -0.078483
v -0.008441 1.321943 -0.078483
v -0.008441 1.349598 -0.078483
v -0.008441 1.377253 -0.078483
v -0.008441 1.404908 -0.078483
v -0.008441 1.432564 -0.078483
v -0.008441 1.460219 -0.078483
v -0.008441 1.487874 -0.078483
v -0.008441 1.515529 -0.078483
v -0.008441 1.543184 -0.078483
v -0.008441 1.570839 -0.078483
v -0.008441 1.598494 -0.078483
v -0.008441 1.626149 -0.078483
v -0.008441 1.653805 -0.078483
v -0.008441 1.681460 -0.078483
v -0.008441 1.709115 -0.078483
v -0.008441 1.736770 -0.078483
v -0.008441 1.764425 -0.078483
v -0.008441 1.792080 -0.078483
v -0.008441 1.819735 -0.078483
v -0.008441 1.847390 -0.078483
v -0.008441 1.875046 -0.078483
v -0.008441 1.902701 -0.078483
v -0.008441 1.930356 -0.078483
v -0.008441 1.958011 -0.078483
v -0.008441 1.985666 -0.078483
v -0.008441 2.013321 -0.078483
v -0.008441 2.040977 -0.078483
v -0.008441 2.068632 -0.078483
v -0.076516 0.934771 -0.057833
v -0.076516 0.962426 -0.057833
v -0.076516 0.990081 -0.057833
v -0.076516 1.017736 -0.057833
v -0.076516 1.045391 -0.057833
v -0.076516 1.073047 -0.057833
v -0.076516 1.100702 -0.057833
v -0.076516 1.128357 -0.057833
v -0.076516 1.156012 -0.057833
v -0.076516 1.183667 -0.057833
v -0.076516 1.211322 -0.057833
v -0.076516 1.238977 -0.057833
v -0.076516 1.266633 -0.057833
v -0.076516 1.294288 -0.057833
v -0.076516 1.321943 -0.057833
v -0.076516 1.349598 -0.057833
v -0.076516 1.377253 -0.057833
v -0.076516 1.404908 -0.057833
v -0.076516 1.432564 -0.057833
v -0.076516 1.460219 -0.057833
v -0.076516 1.487874 -0.057833
v -0.076516 1.515529 -0.057833
v -0.076516 1.543184 -0.057833
v -0.076516 1.570839 -0.057833
v -0.076516 1.598494 -0.057833
v -0.076516 1.626149 -0.057833
v -0.076516 1.653805 -0.057833
v -0.076516 1.681460 -0.057833
v -0.076516 1.709115 -0.057833
v -0.076516 1.736770 -0.057833
v -0.076516 1.764425 -0.057833
v -0.076516 1.792080 -0.057833
v -0.076516 1.819735 -0.057833
v -0.076516 1.847390 -0.057833
v -0.076516 1.875046 -0.057833
v -0.076516 1.902701 -0.057833
v -0.076516 1.930356 -0.057833
v -0.076516 1.958011 -0.057833
v -0.076516 1.985666 -0.057833
v -0.076516 2.013321 -0.057833
v -0.076516 2.040977 -0.057833
v -0.076516 2.068632 -0.057833
v -0.008441 0.934771 0.069526
v -0.008441 0.962426 0.069526
v -0.008441 0.990081 0.069526
v -0.008441 1.017736 0.069526
v -0.008441 1.045391 0.069526
v -0.008441 1.073047 0.069526
v -0.008441 1.100702 0.069526
v -0.008441 1.128357 0.069526
v -0.008441 1.156012 0.069526
v -0.008441 1.183667 0.069526
v -0.008441 1.211322 0.069526
v -0.008441 1.238977 0.069526
v -0.008441 1.266633 0.069526
v -0.008441 1.294288 0.069526
v -0.008441 1.321943 0.069526
v -0.008441 1.349598 0.069526
v -0.008441 1.377253 0.069526
v -0.008441 1.404908 0.069526
v -0.008441 1.432564 0.069526
v -0.008441 1.460219 0.069526
v -0.008441 1.487874 0.069526
v -0.008441 1.515529 0.069526
v -0.008441 1.543184 0.069526
v -0.008441 1.570839 0.069526
v -0.008441 1.598494 0.069526
v -0.008441 1.626149 0.069526
v -0.008441 1.653805 0.069526
v -0.008441 1.681460 0.069526
v -0.008441 1.709115 0.069526
v -0.008441 1.736770 0.069526
v -0.008441 1.764425 0.069526
v -0.008441 1.792080 0.069526
v -0.008441 1.819735 0.069526
v -0.008441 1.847390 0.069526
v -0.008441 1.875046 0.069526
v -0.008441 1.902701 0.069526
v -0.008441 1.930356 0.069526
v -0.008441 1.958011 0.069526
v -0.008441 1.985666 0.069526
v -0.008441 2.013321 0.069526
v -0.008441 2.040977 0.069526
v -0.008441 2.068632 0.069526
v 0.005714 0.934771 -0.074190
v 0.005714 0.962426 -0.074190
v 0.005714 0.990081 -0.074190
v 0.005714 1.017736 -0.074190
v 0.005714 1.045391 -0.074190
v 0.005714 1.073047 -0.074190
v 0.005714 1.100702 -0.074190
v 0.005714 1.128357 -0.074190
v 0.005714 1.156012 -0.074190
v 0.005714 1.183667 -0.074190
v 0.005714 1.211322 -0.074190
v 0.005714 1.238977 -0.074190
v 0.005714 1.266633 -0.074190
v 0.005714 1.294288 -0.074190
v 0.005714 1.321943 -0.074190
v 0.005714 1.349598 -0.074190
v 0.005714 1.377253 -0.074190
v 0.005714 1.404908 -0.074190
v 0.005714 1.432564 -0.074190
v 0.005714 1.460219 -0.074190
v 0.005714 1.487874 -0.074190
v 0.005714 1.515529 -0.074190
v 0.005714 1.543184 -0.074190
v 0.005714 1.570839 -0.074190
v 0.005714 1.598494 -0.074190
v 0.005714 1.626149 -0.074190
v 0.005714 1.653805 -0.074190
v 0.005714 1.681460 -0.074190
v 0.005714 1.709115 -0.074190
v 0.005714 1.736770 -0.074190
v 0.005714 1.764425 -0.074190
v 0.005714 1.792080 -0.074190
v 0.005714 1.819735 -0.074190
v 0.005714 1.847390 -0.074190
v 0.005714 1.875046 -0.074190
v 0.005714 1.902701 -0.074190
v 0.005714 1.930356 -0.074190
v 0.005714 1.958011 -0.074190
v 0.005714 1.985666 -0.074190
v 0.005714 2.013321 -0.074190
v 0.005714 2.040977 -0.074190
v 0.005714 2.068632 -0.074190
v -0.065082 0.934771 -0.067217
v -0.065082 0.962426 -0.067217
v -0.065082 0.990081 -0.067217
v -0.065082 1.017736 -0.067217
v -0.065082 1.045391 -0.067217
v -0.065082 1.073047 -0.067217
v -0.065082 1.100702 -0.067217
v -0.065082 1.128357 -0.067217
v -0.065082 1.156012 -0.067217
v -0.065082 1.183667 -0.067217
v -0.065082 1.211322 -0.067217
v -0.065082 1.238977 -0.067217
v -0.065082 1.266633 -0.067217
v -0.065082 1.294288 -0.067217
v -0.065082 1.321943 -0.067217
v -0.065082 1.349598 -0.067217
v -0.065082 1.377253 -0.067217
v -0.065082 1.404908 -0.067217
v -0.065082 1.432564 -0.067217
v -0.065082 1.460219 -0.067217
v -0.065082 1.487874 -0.067217
v -0.065082 1.515529 -0.067217
v -0.065082 1.543184 -0.067217
v -0.065082 1.570839 -0.067217
v -0.065082 1.598494 -0.067217
v -0.065082 1.626149 -0.067217
v -0.065082 1.653805 -0.067217
v -0.065082 1.681460 -0.067217
v -0.065082 1.709115 -0.067217
v -0.065082 1.736770 -0.067217
v -0.065082 1.764425 -0.067217
v -0.065082 1.792080 -0.067217
v -0.065082 1.819735 -0.067217
v -0.065082 1.847390 -0.067217
v -0.065082 1.875046 -0.067217
v -0.065082 1.902701 -0.067217
v -0.065082 1.930356 -0.067217
v -0.065082 1.958011 -0.067217
v -0.065082 1.985666 -0.067217
v -0.065082 2.013321 -0.067217
v -0.065082 2.040977 -0.067217
v -0.065082 2.068632 -0.067217
v -0.023162 0.934771 0.070976
v -0.023162 0.962426 0.070976
v -0.023162 0.990081 0.070976
v -0.023162 1.017736 0.070976
v -0.023162 1.045391 0.070976
v -0.023162 1.073047 0.070976
v -0.023162 1.100702 0.070976
v -0.023162 1.128357 0.070976
v -0.023162 1.156012 0.070976
v -0.023162 1.183667 0.070976
v -0.023162 1.211322 0.070976
v -0.023162 1.238977 0.070976
v -0.023162 1.266633 0.070976
v -0.023162 1.294288 0.070976
v -0.023162 1.321943 0.070976
v -0.023162 1.349598 0.070976
v -0.023162 1.377253 0.070976
v -0.023162 1.404908 0.070976
v -0.023162 1.432564 0.070976
v -0.023162 1.460219 0.070976
v -0.023162 1.487874 0.070976
v -0.023162 1.515529 0.070976
v -0.023162 1.543184 0.070976
v -0.023162 1.570839 0.070976
v -0.023162 1.598494 0.070976
v -0.023162 1.626149 0.070976
v -0.023162 1.653805 0.070976
v -0.023162 1.681460 0.070976
v -0.023162 1.709115 0.070976
v -0.023162 1.736770 0.070976
v -0.023162 1.764425 0.070976
v -0.023162 1.792080 0.070976
v -0.023162 1.819735 0.070976
v -0.023162 1.847390 0.070976
v -0.023162 1.875046 0.070976
v -0.023162 1.902701 0.070976
v -0.023162 1.930356 0.070976
v -0.023162 1.958011 0.070976
v -0.023162 1.985666 0.070976
v -0.023162 2.013321 0.070976
v -0.023162 2.040977 0.070976
v -0.023162 2.068632 0.070976
v 0.018759 0.934771 -0.067217
v 0.018759 0.962426 -0.067217
v 0.018759 0.990081 -0.067217
v 0.018759 1.017736 -0.067217
v 0.018759 1.045391 -0.067217
v 0.018759 1.073047 -0.067217
v 0.018759 1.100702 -0.067217
v 0.018759 1.128357 -0.067217
v 0.018759 1.156012 -0.067217
v 0.018759 1.183667 -0.067217
v 0.018759 1.211322 -0.067217
v 0.018759 1.238977 -0.067217
v 0.018759 1.266633 -0.067217
v 0.018759 1.294288 -0.067217
v 0.018759 1.321943 -0.067217
v 0.018759 1.349598 -0.067217
v 0.018759 1.377253 -0.067217
v 0.018759 1.404908 -0.067217
v 0.018759 1.432564 -0.067217
v 0.018759 1.460219 -0.067217
v 0.018759 1.487874 -0.067217
v 0.018759 1.515529 -0.067217
v 0.018759 1.543184 -0.067217
v 0.018759 1.570839 -0.067217
v 0.018759 1.598494 -0.067217
v 0.018759 1.626149 -0.067217
v 0.018759 1.653805 -0.067217
v 0.018759 1.681460 -0.067217
v 0.018759 1.709115 -0.067217
v 0.018759 1.736770 -0.067217
v 0.018759 1.764425 -0.067217
v 0.018759 1.792080 -0.067217
v 0.018759 1.819735 -0.067217
v 0.018759 1.847390 -0.067217
v 0.018759 1.875046 -0.067217
v 0.018759 1.902701 -0.067217
v 0.018759 1.930356 -0.067217
v 0.018759 1.958011 -0.067217
v 0.018759 1.985666 -0.067217
v 0.018759 2.013321 -0.067217
v 0.018759 2.040977 -0.067217
v 0.018759 2.068632 -0.067217
v -0.052037 0.934771 -0.074190
v -0.052037 0.962426 -0.074190
v -0.052037 0.990081 -0.074190
v -0.052037 1.017736 -0.074190
v -0.052037 1.045391 -0.074190
v -0.052037 1.073047 -0.074190
v -0.052037 1.100702 -0.074190
v -0.052037 1.128357 -0.074190
v -0.052037 1.156012 -0.074190
v -0.052037 1.183667 -0.074190
v -0.052037 1.211322 -0.074190
v -0.052037 1.238977 -0.074190
v -0.052037 1.266633 -0.074190
v -0.052037 1.294288 -0.074190
v -0.052037 1.321943 -0.074190
v -0.052037 1.349598 -0.074190
v -0.052037 1.377253 -0.074190
v -0.052037 1.404908 -0.074190
v -0.052037 1.432564 -0.074190
v -0.052037 1.460219 -0.074190
v -0.052037 1.487874 -0.074190
v -0.052037 1.515529 -0.074190
v -0.052037 1.543184 -0.074190
v -0.052037 1.570839 -0.074190
v -0.052037 1.598494 -0.074190
v -0.052037 1.626149 -0.074190
v -0.052037 1.653805 -0.074190
v -0.052037 1.681460 -0.074190
v -0.052037 1.709115 -0.074190
v -0.052037 1.736770 -0.074190
v -0.052037 1.764425 -0.074190
v -0.052037 1.792080 -0.074190
v -0.052037 1.819735 -0.074190
v -0.052037 1.847390 -0.074190
v -0.052037 1.875046 -0.074190
v -0.052037 1.902701 -0.074190
v -0.052037 1.930356 -0.074190
v -0.052037 1.958011 -0.074190
v -0.052037 1.985666 -0.074190
v -0.052037 2.013321 -0.074190
v -0.052037 2.040977 -0.074190
v -0.052037 2.068632 -0.074190
v -0.037882 0.934771 0.069526
v -0.037882 0.962426 0.069526
v -0.037882 0.990081 0.069526
v -0.037882 1.017736 0.069526
v -0.037882 1.045391 0.069526
v -0.037882 1.073047 0.069526
v -0.037882 1.100702 0.069526
v -0.037882 1.128357 0.069526
v -0.037882 1.156012 0.069526
v -0.037882 1.183667 0.069526
v -0.037882 1.211322 0.069526
v -0.037882 1.238977 0.069526
v -0.037882 1.266633 0.069526
v -0.037882 1.294288 0.069526
v -0.037882 1.321943 0.069526
v -0.037882 1.349598 0.069526
v -0.037882 1.377253 0.069526
v -0.037882 1.404908 0.069526
v -0.037882 1.432564 0.069526
v -0.037882 1.460219 0.069526
v -0.037882 1.487874 0.069526
v -0.037882 1.515529 0.069526
v -0.037882 1.543184 0.069526
v -0.037882 1.570839 0.069526
v -0.037882 1.598494 0.069526
v -0.037882 1.626149 0.069526
v -0.037882 1.653805 0.069526
v -0.037882 1.681460 0.069526
v -0.037882 1.709115 0.069526
v -0.037882 1.736770 0.069526
v -0.037882 1.764425 0.069526
v -0.037882 1.792080 0.069526
v -0.037882 1.819735 0.069526
v -0.037882 1.847390 0.069526
v -0.037882 1.875046 0.069526
v -0.037882 1.902701 0.069526
v -0.037882 1.930356 0.069526
v -0.037882 1.958011 0.069526
v -0.037882 1.985666 0.069526
v -0.037882 2.013321 0.069526
v -0.037882 2.040977 0.069526
v -0.037882 2.068632 0.069526
v 0.030193 0.934771 -0.057833
v 0.030193 0.962426 -0.057833
v 0.030193 0.990081 -0.057833
v 0.030193 1.017736 -0.057833
v 0.030193 1.045391 -0.057833
v 0.030193 1.073047 -0.057833
v 0.030193 1.100702 -0.057833
v 0.030193 1.128357 -0.057833
v 0.030193 1.156012 -0.057833
v 0.030193 1.183667 -0.057833
v 0.030193 1.211322 -0.057833
v 0.030193 1.238977 -0.057833
v 0.030193 1.266633 -0.057833
v 0.030193 1.294288 -0.057833
v 0.030193 1.321943 -0.057833
v 0.030193 1.349598 -0.057833
v 0.030193 1.377253 -0.057833
v 0.030193 1.404908 -0.057833
v 0.030193 1.432564 -0.057833
v 0.030193 1.460219 -0.057833
v 0.030193 1.487874 -0.057833
v 0.030193 1.515529 -0.057833
v 0.030193 1.543184 -0.057833
v 0.030193 1.570839 -0.057833
v 0.030193 1.598494 -0.057833
v 0.030193 1.626149 -0.057833
v 0.030193 1.653805 -0.057833
v 0.030193 1.681460 -0.057833
v 0.030193 1.709115 -0.057833
v 0.030193 1.736770 -0.057833
v 0.030193 1.764425 -0.057833
v 0.030193 1.792080 -0.057833
v 0.030193 1.819735 -0.057833
v 0.030193 1.847390 -0.057833
v 0.030193 1.875046 -0.057833
v 0.030193 1.902701 -0.057833
v 0.030193 1.930356 -0.057833
v 0.030193 1.958011 -0.057833
v 0.030193 1.985666 -0.057833
v 0.030193 2.013321 -0.057833
v 0.030193 2.040977 -0.057833
v 0.030193 2.068632 -0.057833
v -0.037882 0.934771 -0.078483
v -0.037882 0.962426 -0.078483
v -0.037882 0.990081 -0.078483
v -0.037882 1.017736 -0.078483
v -0.037882 1.045391 -0.078483
v -0.037882 1.073047 -0.078483
v -0.037882 1.100702 -0.078483
v -0.037882 1.128357 -0.078483
v -0.037882 1.156012 -0.078483
v -0.037882 1.183667 -0.078483
v -0.037882 1.211322 -0.078483
v -0.037882 1.238977 -0.078483
v -0.037882 1.266633 -0.078483
v -0.037882 1.294288 -0.078483
v -0.037882 1.321943 -0.078483
v -0.037882 1.349598 -0.078483
v -0.037882 1.377253 -0.078483
v -0.037882 1.404908 -0.078483
v -0.037882 1.432564 -0.078483
v -0.037882 1.460219 -0.078483
v -0.037882 1.487874 -0.078483
v -0.037882 1.515529 -0.078483
v -0.037882 1.543184 -0.078483
v -0.037882 1.570839 -0.078483
v -0.037882 1.598494 -0.078483
v -0.037882 1.626149 -0.078483
v -0.037882 1.653805 -0.078483
v -0.037882 1.681460 -0.078483
v -0.037882 1.709115 -0.078483
v -0.037882 1.736770 -0.078483
v -0.037882 1.764425 -0.078483
v -0.037882 1.792080 -0.078483
v -0.037882 1.819735 -0.078483
v -0.037882 1.847390 -0.078483
v -0.037882 1.875046 -0.078483
v -0.037882 1.902701 -0.078483
v -0.037882 1.930356 -0.078483
v -0.037882 1.958011 -0.078483
v -0.037882 1.985666 -0.078483
v -0.037882 2.013321 -0.078483
v -0.037882 2.040977 -0.078483
v -0.037882 2.068632 -0.078483
v -0.052037 0.934771 0.065232
v -0.052037 0.962426 0.065232
v -0.052037 0.990081 0.065232
v -0.052037 1.017736 0.065232
v -0.052037 1.045391 0.065232
v -0.052037 1.073047 0.065232
v -0.052037 1.100702 0.065232
v -0.052037 1.128357 0.065232
v -0.052037 1.156012 0.065232
v -0.052037 1.183667 0.065232
v -0.052037 1.211322 0.065232
v -0.052037 1.238977 0.065232
v -0.052037 1.266633 0.065232
v -0.052037 1.294288 0.065232
v -0.052037 1.321943 0.065232
v -0.052037 1.349598 0.065232
v -0.052037 1.377253 0.065232
v -0.052037 1.404908 0.065232
v -0.052037 1.432564 0.065232
v -0.052037 1.460219 0.065232
v -0.052037 1.487874 0.065232
v -0.052037 1.515529 0.065232
v -0.052037 1.543184 0.065232
v -0.052037 1.570839 0.065232
v -0.052037 1.598494 0.065232
v -0.052037 1.626149 0.065232
v -0.052037 1.653805 0.065232
v -0.052037 1.681460 0.065232
v -0.052037 1.709115 0.065232
v -0.052037 1.736770 0.065232
v -0.052037 1.764425 0.065232
v -0.052037 1.792080 0.065232
v -0.052037 1.819735 0.065232
v -0.052037 1.847390 0.065232
v -0.052037 1.875046 0.065232
v -0.052037 1.902701 0.065232
v -0.052037 1.930356 0.065232
v -0.052037 1.958011 0.065232
v -0.052037 1.985666 0.065232
v -0.052037 2.013321 0.065232
v -0.052037 2.040977 0.065232
v -0.052037 2.068632 0.065232
v 0.039577 0.934771 -0.046399
v 0.039577 0.962426 -0.046399
v 0.039577 0.990081 -0.046399
v 0.039577 1.017736 -0.046399
v 0.039577 1.045391 -0.046399
v 0.039577 1.073047 -0.046399
v 0.039577 1.100702 -0.046399
v 0.039577 1.128357 -0.046399
v 0.039577 1.156012 -0.046399
v 0.039577 1.183667 -0.046399
v 0.039577 1.211322 -0.046399
v 0.039577 1.238977 -0.046399
v 0.039577 1.266633 -0.046399
v 0.039577 1.294288 -0.046399
v 0.039577 1.321943 -0.046399
v 0.039577 1.349598 -0.046399
v 0.039577 1.377253 -0.046399
v 0.039577 1.404908 -0.046399
v 0.039577 1.432564 -0.046399
v 0.039577 1.460219 -0.046399
v 0.039577 1.487874 -0.046399
v 0.039577 1.515529 -0.046399
v 0.039577 1.543184 -0.046399
v 0.039577 1.570839 -0.046399
v 0.039577 1.598494 -0.046399
v 0.039577 1.626149 -0.046399
v 0.039577 1.653805 -0.046399
v 0.039577 1.681460 -0.046399
v 0.039577 1.709115 -0.046399
v 0.039577 1.736770 -0.046399
v 0.039577 1.764425 -0.046399
v 0.039577 1.792080 -0.046399
v 0.039577 1.819735 -0.046399
v 0.039577 1.847390 -0.046399
v 0.039577 1.875046 -0.046399
v 0.039577 1.902701 -0.046399
v 0.039577 1.930356 -0.046399
v 0.039577 1.958011 -0.046399
v 0.039577 1.985666 -0.046399
v 0.039577 2.013321 -0.046399
v 0.039577 2.040977 -0.046399
v 0.039577 2.068632 -0.046399
v -0.065082 0.934771 0.058260
v -0.065082 0.962426 0.058260
v -0.065082 0.990081 0.058260
v -0.065082 1.017736 0.058260
v -0.065082 1.045391 0.058260
v -0.065082 1.073047 0.058260
v -0.065082 1.100702 0.058260
v -0.065082 1.128357 0.058260
v -0.065082 1.156012 0.058260
v -0.065082 1.183667 0.058260
v -0.065082 1.211322 0.058260
v -0.065082 1.238977 0.058260
v -0.065082 1.266633 0.058260
v -0.065082 1.294288 0.058260
v -0.065082 1.321943 0.058260
v -0.065082 1.349598 0.058260
v -0.065082 1.377253 0.058260
v -0.065082 1.404908 0.058260
v -0.065082 1.432564 0.058260
v -0.065082 1.460219 0.058260
v -0.065082 1.487874 0.058260
v -0.065082 1.515529 0.058260
v -0.065082 1.543184 0.058260
v -0.065082 1.570839 0.058260
v -0.065082 1.598494 0.058260
v -0.065082 1.626149 0.058260
v -0.065082 1.653805 0.058260
v -0.065082 1.681460 0.058260
v -0.065082 1.709115 0.058260
v -0.065082 1.736770 0.058260
v -0.065082 1.764425 0.058260
v -0.065082 1.792080 0.058260
v -0.065082 1.819735 0.058260
v -0.065082 1.847390 0.058260
v -0.065082 1.875046 0.058260
v -0.065082 1.902701 0.058260
v -0.065082 1.930356 0.058260
v -0.065082 1.958011 0.058260
v -0.065082 1.985666 0.058260
v -0.065082 2.013321 0.058260
v -0.065082 2.040977 0.058260
v -0.065082 2.068632 0.058260
v 0.046549 0.934771 -0.033354
v 0.046549 0.962426 -0.033354
v 0.046549 0.990081 -0.033354
v 0.046549 1.017736 -0.033354
v 0.046549 1.045391 -0.033354
v 0.046549 1.073047 -0.033354
v 0.046549 1.100702 -0.033354
v 0.046549 1.128357 -0.033354
v 0.046549 1.156012 -0.033354
v 0.046549 1.183667 -0.033354
v 0.046549 1.211322 -0.033354
v 0.046549 1.238977 -0.033354
v 0.046549 1.266633 -0.033354
v 0.046549 1.294288 -0.033354
v 0.046549 1.321943 -0.033354
v 0.046549 1.349598 -0.033354
v 0.046549 1.377253 -0.033354
v 0.046549 1.404908 -0.033354
v 0.046549 1.432564 -0.033354
v 0.046549 1.460219 -0.033354
v 0.046549 1.487874 -0.033354
v 0.046549 1.515529 -0.033354
v 0.046549 1.543184 -0.033354
v 0.046549 1.570839 -0.033354
v 0.046549 1.598494 -0.033354
v 0.046549 1.626149 -0.033354
v 0.046549 1.653805 -0.033354
v 0.046549 1.681460 -0.033354
v 0.046549 1.709115 -0.033354
v 0.046549 1.736770 -0.033354
v 0.046549 1.764425 -0.033354
v 0.046549 1.792080 -0.033354
v 0.046549 1.819735 -0.033354
v 0.046549 1.847390 -0.033354
v 0.046549 1.875046 -0.033354
v 0.046549 1.902701 -0.033354
v 0.046549 1.930356 -0.033354
v 0.046549 1.958011 -0.033354
v 0.046549 1.985666 -0.033354
v 0.046549 2.013321 -0.033354
v 0.046549 2.040977 -0.033354
v 0.046549 2.068632 -0.033354
v -0.076516 0.934771 0.048876
v -0.076516 0.962426 0.048876
v -0.076516 0.990081 0.048876
v -0.076516 1.017736 0.048876
v -0.076516 1.045391 0.048876
v -0.076516 1.073047 0.048876
v -0.076516 1.100702 0.048876
v -0.076516 1.128357 0.048876
v -0.076516 1.156012 0.048876
v -0.076516 1.183667 0.048876
v -0.076516 1.211322 0.048876
v -0.076516 1.238977 0.048876
v -0.076516 1.266633 0.048876
v -0.076516 1.294288 0.048876
v -0.076516 1.321943 0.048876
v -0.076516 1.349598 0.048876
v -0.076516 1.377253 0.048876
v -0.076516 1.404908 0.048876
v -0.076516 1.432564 0.048876
v -0.076516 1.460219 0.048876
v -0.076516 1.487874 0.048876
v -0.076516 1.515529 0.048876
v -0.076516 1.543184 0.048876
v -0.076516 1.570839 0.048876
v -0.076516 1.598494 0.048876
v -0.076516 1.626149 0.048876
v -0.076516 1.653805 0.048876
v -0.076516 1.681460 0.048876
v -0.076516 1.709115 0.048876
v -0.076516 1.736770 0.048876
v -0.076516 1.764425 0.048876
v -0.076516 1.792080 0.048876
v -0.076516 1.819735 0.048876
v -0.076516 1.847390 0.048876
v -0.076516 1.875046 0.048876
v -0.076516 1.902701 0.048876
v -0.076516 1.930356 0.048876
v -0.076516 1.958011 0.048876
v -0.076516 1.985666 0.048876
v -0.076516 2.013321 0.048876
v -0.076516 2.040977 0.048876
v -0.076516 2.068632 0.048876
v 0.050843 0.934771 -0.019199
v 0.050843 0.962426 -0.019199
v 0.050843 0.990081 -0.019199
v 0.050843 1.017736 -0.019199
v 0.050843 1.045391 -0.019199
v 0.050843 1.073047 -0.019199
v 0.050843 1.100702 -0.019199
v 0.050843 1.128357 -0.019199
v 0.050843 1.156012 -0.019199
v 0.050843 1.183667 -0.019199
v 0.050843 1.211322 -0.019199
v 0.050843 1.238977 -0.019199
v 0.050843 1.266633 -0.019199
v 0.050843 1.294288 -0.019199
v 0.050843 1.321943 -0.019199
v 0.050843 1.349598 -0.019199
v 0.050843 1.377253 -0.019199
v 0.050843 1.404908 -0.019199
v 0.050843 1.432564 -0.019199
v 0.050843 1.460219 -0.019199
v 0.050843 1.487874 -0.019199
v 0.050843 1.515529 -0.019199
v 0.050843 1.543184 -0.019199
v 0.050843 1.570839 -0.019199
v 0.050843 1.598494 -0.019199
v 0.050843 1.626149 -0.019199
v 0.050843 1.653805 -0.019199
v 0.050843 1.681460 -0.019199
v 0.050843 1.709115 -0.019199
v 0.050843 1.736770 -0.019199
v 0.050843 1.764425 -0.019199
v 0.050843 1.792080 -0.019199
v 0.050843 1.819735 -0.019199
v 0.050843 1.847390 -0.019199
v 0.050843 1.875046 -0.019199
v 0.050843 1.902701 -0.019199
v 0.050843 1.930356 -0.019199
v 0.050843 1.958011 -0.019199
v 0.050843 1.985666 -0.019199
v 0.050843 2.013321 -0.019199
v 0.050843 2.040977 -0.019199
v 0.050843 2.068632 -0.019199
v -0.085900 0.934771 0.037442
v -0.085900 0.962426 0.037442
v -0.085900 0.990081 0.037442
v -0.085900 1.017736 0.037442
v -0.085900 1.045391 0.037442
v -0.085900 1.073047 0.037442
v -0.085900 1.100702 0.037442
v -0.085900 1.128357 0.037442
v -0.085900 1.156012 0.037442
v -0.085900 1.183667 0.037442
v -0.085900 1.211322 0.037442
v -0.085900 1.238977 0.037442
v -0.085900 1.266633 0.037442
v -0.085900 1.294288 0.037442
v -0.085900 1.321943 0.037442
v -0.085900 1.349598 0.037442
v -0.085900 1.377253 0.037442
v -0.085900 1.404908 0.037442
v -0.085900 1.432564 0.037442
v -0.085900 1.460219 0.037442
v -0.085900 1.487874 0.037442
v -0.085900 1.515529 0.037442
v -0.085900 1.543184 0.037442
v -0.085900 1.570839 0.037442
v -0.085900 1.598494 0.037442
v -0.085900 1.626149 0.037442
v -0.085900 1.653805 0.037442
v -0.085900 1.681460 0.037442
v -0.085900 1.709115 0.037442
v -0.085900 1.736770 0.037442
v -0.085900 1.764425 0.037442
v -0.085900 1.792080 0.037442
v -0.085900 1.819735 0.037442
v -0.085900 1.847390 0.037442
v -0.085900 1.875046 0.037442
v -0.085900 1.902701 0.037442
v -0.085900 1.930356 0.037442
v -0.085900 1.958011 0.037442
v -0.085900 1.985666 0.037442
v -0.085900 2.013321 0.037442
v -0.085900 2.040977 0.037442
v -0.085900 2.068632 0.037442
v 0.052293 0.934771 -0.004479
v 0.052293 0.962426 -0.004479
v 0.052293 0.990081 -0.004479
v 0.052293 1.017736 -0.004479
v 0.052293 1.045391 -0.004479
v 0.052293 1.073047 -0.004479
v 0.052293 1.100702 -0.004479
v 0.052293 1.128357 -0.004479
v 0.052293 1.156012 -0.004479
v 0.052293 1.183667 -0.004479
v 0.052293 1.211322 -0.004479
v 0.052293 1.238977 -0.004479
v 0.052293 1.266633 -0.004479
v 0.052293 1.294288 -0.004479
v 0.052293 1.321943 -0.004479
v 0.052293 1.349598 -0.004479
v 0.052293 1.377253 -0.004479
v 0.052293 1.404908 -0.004479
v 0.052293 1.432564 -0.004479
v 0.052293 1.460219 -0.004479
v 0.052293 1.487874 -0.004479
v 0.052293 1.515529 -0.004479
v 0.052293 1.543184 -0.004479
v 0.052293 1.570839 -0.004479
v 0.052293 1.598494 -0.004479
v 0.052293 1.626149 -0.004479
v 0.052293 1.653805 -0.004479
v 0.052293 1.681460 -0.004479
v 0.052293 1.709115 -0.004479
v 0.052293 1.736770 -0.004479
v 0.052293 1.764425 -0.004479
v 0.052293 1.792080 -0.004479
v 0.052293 1.819735 -0.004479
v 0.052293 1.847390 -0.004479
v 0.052293 1.875046 -0.004479
v 0.052293 1.902701 -0.004479
v 0.052293 1.930356 -0.004479
v 0.052293 1.958011 -0.004479
v 0.052293 1.985666 -0.004479
v 0.052293 2.013321 -0.004479
v 0.052293 2.040977 -0.004479
v 0.052293 2.068632 -0.004479
v -0.092873 0.934771 0.024397
v -0.092873 0.962426 0.024397
v -0.092873 0.990081 0.024397
v -0.092873 1.017736 0.024397
v -0.092873 1.045391 0.024397
v -0.092873 1.073047 0.024397
v -0.092873 1.100702 0.024397
v -0.092873 1.128357 0.024397
v -0.092873 1.156012 0.024397
v -0.092873 1.183667 0.024397
v -0.092873 1.211322 0.024397
v -0.092873 1.238977 0.024397
v -0.092873 1.266633 0.024397
v -0.092873 1.294288 0.024397
v -0.092873 1.321943 0.024397
v -0.092873 1.349598 0.024397
v -0.092873 1.377253 0.024397
v -0.092873 1.404908 0.024397
v -0.092873 1.432564 0.024397
v -0.092873 1.460219 0.024397
v -0.092873 1.487874 0.024397
v -0.092873 1.515529 0.024397
v -0.092873 1.543184 0.024397
v -0.092873 1.570839 0.024397
v -0.092873 1.598494 0.024397
v -0.092873 1.626149 0.024397
v -0.092873 1.653805 0.024397
v -0.092873 1.681460 0.024397
v -0.092873 1.709115 0.024397
v -0.092873 1.736770 0.024397
v -0.092873 1.764425 0.024397
v -0.092873 1.792080 0.024397
v -0.092873 1.819735 0.024397
v -0.092873 1.847390 0.024397
v -0.092873 1.875046 0.024397
v -0.092873 1.902701 0.024397
v -0.092873 1.930356 0.024397
v -0.092873 1.958011 0.024397
v -0.092873 1.985666 0.024397
v -0.092873 2.013321 0.024397
v -0.092873 2.040977 0.024397
v -0.092873 2.068632 0.024397
v 0.050843 0.934771 0.010242
v 0.050843 0.962426 0.010242
v 0.050843 0.990081 0.010242
v 0.050843 1.017736 0.010242
v 0.050843 1.045391 0.010242
v 0.050843 1.073047 0.010242
v 0.050843 1.100702 0.010242
v 0.050843 1.128357 0.010242
v 0.050843 1.156012 0.010242
v 0.050843 1.183667 0.010242
v 0.050843 1.211322 0.010242
v 0.050843 1.238977 0.010242
v 0.050843 1.266633 0.010242
v 0.050843 1.294288 0.010242
v 0.050843 1.321943 0.010242
v 0.050843 1.349598 0.010242
v 0.050843 1.377253 0.010242
v 0.050843 1.404908 0.010242
v 0.050843 1.432564 0.010242
v 0.050843 1.460219 0.010242
v 0.050843 1.487874 0.010242
v 0.050843 1.515529 0.010242
v 0.050843 1.543184 0.010242
v 0.050843 1.570839 0.010242
v 0.050843 1.598494 0.010242
v 0.050843 1.626149 0.010242
v 0.050843 1.653805 0.010242
v 0.050843 1.681460 0.010242
v 0.050843 1.709115 0.010242
v 0.050843 1.736770 0.010242
v 0.050843 1.764425 0.010242
v 0.050843 1.792080 0.010242
v 0.050843 1.819735 0.010242
v 0.050843 1.847390 0.010242
v 0.050843 1.875046 0.010242
v 0.050843 1.902701 0.010242
v 0.050843 1.930356 0.010242
v 0.050843 1.958011 0.010242
v 0.050843 1.985666 0.010242
v 0.050843 2.013321 0.010242
v 0.050843 2.040977 0.010242
v 0.050843 2.068632 0.010242
v -0.097167 0.934771 0.010242
v -0.097167 0.962426 0.010242
v -0.097167 0.990081 0.010242
v -0.097167 1.017736 0.010242
v -0.097167 1.045391 0.010242
v -0.097167 1.073047 0.010242
v -0.097167 1.100702 0.010242
v -0.097167 1.128357 0.010242
v -0.097167 1.156012 0.010242
v -0.097167 1.183667 0.010242
v -0.097167 1.211322 0.010242
v -0.097167 1.238977 0.010242
v -0.097167 1.266633 0.010242
v -0.097167 1.294288 0.010242
v -0.097167 1.321943 0.010242
v -0.097167 1.349598 0.010242
v -0.097167 1.377253 0.010242
v -0.097167 1.404908 0.010242
v -0.097167 1.432564 0.010242
v -0.097167 1.460219 0.010242
v -0.097167 1.487874 0.010242
v -0.097167 1.515529 0.010242
v -0.097167 1.543184 0.010242
v -0.097167 1.570839 0.010242
v -0.097167 1.598494 0.010242
v -0.097167 1.626149 0.010242
v -0.097167 1.653805 0.010242
v -0.097167 1.681460 0.010242
v -0.097167 1.709115 0.010242
v -0.097167 1.736770 0.010242
v -0.097167 1.764425 0.010242
v -0.097167 1.792080 0.010242
v -0.097167 1.819735 0.010242
v -0.097167 1.847390 0.010242
v -0.097167 1.875046 0.010242
v -0.097167 1.902701 0.010242
v -0.097167 1.930356 0.010242
v -0.097167 1.958011 0.010242
v -0.097167 1.985666 0.010242
v -0.097167 2.013321 0.010242
v -0.097167 2.040977 0.010242
v -0.097167 2.068632 0.010242
v 0.046549 0.934771 0.024397
v 0.046549 0.962426 0.024397
v 0.046549 0.990081 0.024397
v 0.046549 1.017736 0.024397
v 0.046549 1.045391 0.024397
v 0.046549 1.073047 0.024397
v 0.046549 1.100702 0.024397
v 0.046549 1.128357 0.024397
v 0.046549 1.156012 0.024397
v 0.046549 1.183667 0.024397
v 0.046549 1.211322 0.024397
v 0.046549 1.238977 0.024397
v 0.046549 1.266633 0.024397
v 0.046549 1.294288 0.024397
v 0.046549 1.321943 0.024397
v 0.046549 1.349598 0.024397
v 0.046549 1.377253 0.024397
v 0.046549 1.404908 0.024397
v 0.046549 1.432564 0.024397
v 0.046549 1.460219 0.024397
v 0.046549 1.487874 0.024397
v 0.046549 1.515529 0.024397
v 0.046549 1.543184 0.024397
v 0.046549 1.570839 0.024397
v 0.046549 1.598494 0.024397
v 0.046549 1.626149 0.024397
v 0.046549 1.653805 0.024397
v 0.046549 1.681460 0.024397
v 0.046549 1.709115 0.024397
v 0.046549 1.736770 0.024397
v 0.046549 1.764425 0.024397
v 0.046549 1.792080 0.024397
v 0.046549 1.819735 0.024397
v 0.046549 1.847390 0.024397
v 0.046549 1.875046 0.024397
v 0.046549 1.902701 0.024397
v 0.046549 1.930356 0.024397
v 0.046549 1.958011 0.024397
v 0.046549 1.985666 0.024397
v 0.046549 2.013321 0.024397
v 0.046549 2.040977 0.024397
v 0.046549 2.068632 0.024397
v -0.098616 0.934771 -0.004479
v -0.098616 0.962426 -0.004479
v -0.098616 0.990081 -0.004479
v -0.098616 1.017736 -0.004479
v -0.098616 1.045391 -0.004479
v -0.098616 1.073047 -0.004479
v -0.098616 1.100702 -0.004479
v -0.098616 1.128357 -0.004479
v -0.098616 1.156012 -0.004479
v -0.098616 1.183667 -0.004479
v -0.098616 1.211322 -0.004479
v -0.098616 1.238977 -0.004479
v -0.098616 1.266633 -0.004479
v -0.098616 1.294288 -0.004479
v -0.098616 1.321943 -0.004479
v -0.098616 1.349598 -0.004479
v -0.098616 1.377253 -0.004479
v -0.098616 1.404908 -0.004479
v -0.098616 1.432564 -0.004479
v -0.098616 1.460219 -0.004479
v -0.098616 1.487874 -0.004479
v -0.098616 1.515529 -0.004479
v -0.098616 1.543184 -0.004479
v -0.098616 1.570839 -0.004479
v -0.098616 1.598494 -0.004479
v -0.098616 1.626149 -0.004479
v -0.098616 1.653805 -0.004479
v -0.098616 1.681460 -0.004479
v -0.098616 1.709115 -0.004479
v -0.098616 1.736770 -0.004479
v -0.098616 1.764425 -0.004479
v -0.098616 1.792080 -0.004479
v -0.098616 1.819735 -0.004479
v -0.098616 1.847390 -0.004479
v -0.098616 1.875046 -0.004479
v -0.098616 1.902701 -0.004479
v -0.098616 1.930356 -0.004479
v -0.098616 1.958011 -0.004479
v -0.098616 1.985666 -0.004479
v -0.098616 2.013321 -0.004479
v -0.098616 2.040977 -0.004479
v -0.098616 2.068632 -0.004479
v 0.001621 3.230798 -0.129072
v -0.023162 3.230798 -0.131513
v 0.025452 3.230798 -0.121843
v 0.047415 3.230798 -0.110103
v 0.066665 3.230798 -0.094305
v 0.082463 3.230798 -0.075055
v 0.094202 3.230798 -0.053092
v 0.101431 3.230798 -0.029262
v 0.103872 3.230798 -0.004479
v 0.101431 3.230798 0.020305
v 0.094202 3.230798 0.044135
v 0.082463 3.230798 0.066098
v 0.066665 3.230798 0.085348
v 0.047415 3.230798 0.101146
v 0.025452 3.230798 0.112886
v 0.001621 3.230798 0.120114
v -0.023162 3.230798 0.122555
v -0.047945 3.230798 0.120114
v -0.071775 3.230798 0.112886
v -0.093738 3.230798 0.101146
v -0.112988 3.230798 0.085348
v -0.128787 3.230798 0.066098
v -0.140526 3.230798 0.044135
v -0.147755 3.230798 0.020305
v -0.150196 3.230798 -0.004479
v -0.147755 3.230798 -0.029262
v -0.140526 3.230798 -0.053092
v -0.128787 3.230798 -0.075055
v -0.112988 3.230798 -0.094305
v -0.093738 3.230798 -0.110103
v -0.071775 3.230798 -0.121843
v -0.047945 3.230798 -0.129072
v 0.001621 3.354407 -0.129072
v -0.023162 3.354407 -0.131513
v 0.025452 3.354407 -0.121843
v 0.047415 3.354407 -0.110103
v 0.066665 3.354407 -0.094305
v 0.082463 3.354407 -0.075055
v 0.094202 3.354407 -0.053092
v 0.101431 3.354407 -0.029262
v 0.103872 3.354407 -0.004479
v 0.101431 3.354407 0.020305
v 0.094202 3.354407 0.044135
v 0.082463 3.354407 0.066098
v 0.066665 3.354407 0.085348
v 0.047415 3.354407 0.101146
v 0.025452 3.354407 0.112886
v 0.001621 3.354407 0.120114
v -0.023162 3.354407 0.122555
v -0.047945 3.354407 0.120114
v -0.071775 3.354407 0.112886
v -0.093738 3.354407 0.101146
v -0.112988 3.354407 0.085348
v -0.128787 3.354407 0.066098
v -0.140526 3.354407 0.044135
v -0.147755 3.354407 0.020305
v -0.150196 3.354407 -0.004479
v -0.147755 3.354407 -0.029262
v -0.140526 3.354407 -0.053092
v -0.128787 3.354407 -0.075055
v -0.112988 3.354407 -0.094305
v -0.093738 3.354407 -0.110103
v -0.071775 3.354407 -0.121843
v -0.047945 3.354407 -0.129072
v 0.001621 3.416650 -0.129072
v -0.023162 3.416650 -0.131513
v 0.025452 3.416650 -0.121843
v 0.047415 3.416650 -0.110103
v 0.066665 3.416650 -0.094305
v 0.082463 3.416650 -0.075055
v 0.094202 3.416650 -0.053092
v 0.101431 3.416650 -0.029262
v 0.103872 3.416650 -0.004479
v 0.101431 3.416650 0.020305
v 0.094202 3.416650 0.044135
v 0.082463 3.416650 0.066098
v 0.066665 3.416650 0.085348
v 0.047415 3.416650 0.101146
v 0.025452 3.416650 0.112886
v 0.001621 3.416650 0.120114
v -0.023162 3.416650 0.122555
v -0.047945 3.416650 0.120114
v -0.071775 3.416650 0.112886
v -0.093738 3.416650 0.101146
v -0.112988 3.416650 0.085348
v -0.128787 3.416650 0.066098
v -0.140526 3.416650 0.044135
v -0.147755 3.416650 0.020305
v -0.150196 3.416650 -0.004479
v -0.147755 3.416650 -0.029262
v -0.140526 3.416650 -0.053092
v -0.128787 3.416650 -0.075055
v -0.112988 3.416650 -0.094305
v -0.093738 3.416650 -0.110103
v -0.071775 3.416650 -0.121843
v -0.047945 3.416650 -0.129072
v 0.001621 3.540259 -0.129072
v -0.023162 3.540259 -0.131513
v 0.025452 3.540259 -0.121843
v 0.047415 3.540259 -0.110103
v 0.066665 3.540259 -0.094305
v 0.082463 3.540259 -0.075055
v 0.094202 3.540259 -0.053092
v 0.101431 3.540259 -0.029262
v 0.103872 3.540259 -0.004479
v 0.101431 3.540259 0.020305
v 0.094202 3.540259 0.044135
v 0.082463 3.540259 0.066098
v 0.066665 3.540259 0.085348
v 0.047415 3.540259 0.101146
v 0.025452 3.540259 0.112886
v 0.001621 3.540259 0.120114
v -0.023162 3.540259 0.122555
v -0.047945 3.540259 0.120114
v -0.071775 3.540259 0.112886
v -0.093738 3.540259 0.101146
v -0.112988 3.540259 0.085348
v -0.128787 3.540259 0.066098
v -0.140526 3.540259 0.044135
v -0.147755 3.540259 0.020305
v -0.150196 3.540259 -0.004479
v -0.147755 3.540259 -0.029262
v -0.140526 3.540259 -0.053092
v -0.128787 3.540259 -0.075055
v -0.112988 3.540259 -0.094305
v -0.093738 3.540259 -0.110103
v -0.071775 3.540259 -0.121843
v -0.047945 3.540259 -0.129072
v 0.006013 3.230798 -0.151147
v -0.023162 3.230798 -0.154021
v 0.034066 3.230798 -0.142638
v 0.059920 3.230798 -0.128818
v 0.082581 3.230798 -0.110221
v 0.101178 3.230798 -0.087560
v 0.114997 3.230798 -0.061706
v 0.123507 3.230798 -0.033653
v 0.126381 3.230798 -0.004479
v 0.123507 3.230798 0.024696
v 0.114997 3.230798 0.052749
v 0.101178 3.230798 0.078603
v 0.082581 3.230798 0.101264
v 0.059920 3.230798 0.119861
v 0.034066 3.230798 0.133681
v 0.006013 3.230798 0.142190
v -0.023162 3.230798 0.145064
v -0.052336 3.230798 0.142190
v -0.080389 3.230798 0.133681
v -0.106243 3.230798 0.119861
v -0.128904 3.230798 0.101264
v -0.147501 3.230798 0.078603
v -0.161321 3.230798 0.052749
v -0.169831 3.230798 0.024696
v -0.172704 3.230798 -0.004479
v -0.169831 3.230798 -0.033653
v -0.161321 3.230798 -0.061706
v -0.147501 3.230798 -0.087560
v -0.128904 3.230798 -0.110221
v -0.106243 3.230798 -0.128818
v -0.080389 3.230798 -0.142638
v -0.052336 3.230798 -0.151147
v 0.006013 3.354407 -0.151147
v -0.023162 3.354407 -0.154021
v 0.034066 3.354407 -0.142638
v 0.059920 3.354407 -0.128818
v 0.082581 3.354407 -0.110221
v 0.101178 3.354407 -0.087560
v 0.114997 3.354407 -0.061706
v 0.123507 3.354407 -0.033653
v 0.126381 3.354407 -0.004479
v 0.123507 3.354407 0.024696
v 0.114997 3.354407 0.052749
v 0.101178 3.354407 0.078603
v 0.082581 3.354407 0.101264
v 0.059920 3.354407 0.119861
v 0.034066 3.354407 0.133681
v 0.006013 3.354407 0.142190
v -0.023162 3.354407 0.145064
v -0.052336 3.354407 0.142190
v -0.080389 3.354407 0.133681
v -0.106243 3.354407 0.119861
v -0.128904 3.354407 0.101264
v -0.147501 3.354407 0.078603
v -0.161321 3.354407 0.052749
v -0.169831 3.354407 0.024696
v -0.172704 3.354407 -0.004479
v -0.169831 3.354407 -0.033653
v -0.161321 3.354407 -0.061706
v -0.147501 3.354407 -0.087560
v -0.128904 3.354407 -0.110221
v -0.106243 3.354407 -0.128818
v -0.080389 3.354407 -0.142638
v -0.052336 3.354407 -0.151147
v 0.006013 3.416650 -0.151147
v -0.023162 3.416650 -0.154021
v 0.034066 3.416650 -0.142638
v 0.059920 3.416650 -0.128818
v 0.082581 3.416650 -0.110221
v 0.101178 3.416650 -0.087560
v 0.114997 3.416650 -0.061706
v 0.123507 3.416650 -0.033653
v 0.126381 3.416650 -0.004479
v 0.123507 3.416650 0.024696
v 0.114997 3.416650 0.052749
v 0.101178 3.416650 0.078603
v 0.082581 3.416650 0.101264
v 0.059920 3.416650 0.119861
v 0.034066 3.416650 0.133681
v 0.006013 3.416650 0.142190
v -0.023162 3.416650 0.145064
v -0.052336 3.416650 0.142190
v -0.080389 3.416650 0.133681
v -0.106243 3.416650 0.119861
v -0.128904 3.416650 0.101264
v -0.147501 3.416650 0.078603
v -0.161321 3.416650 0.052749
v -0.169831 3.416650 0.024696
v -0.172704 3.416650 -0.004479
v -0.169831 3.416650 -0.033653
v -0.161321 3.416650 -0.061706
v -0.147501 3.416650 -0.087560
v -0.128904 3.416650 -0.110221
v -0.106243 3.416650 -0.128818
v -0.080389 3.416650 -0.142638
v -0.052336 3.416650 -0.151147
v 0.006013 3.540259 -0.151147
v -0.023162 3.540259 -0.154021
v 0.034066 3.540259 -0.142638
v 0.059920 3.540259 -0.128818
v 0.082581 3.540259 -0.110221
v 0.101178 3.540259 -0.087560
v 0.114997 3.540259 -0.061706
v 0.123507 3.540259 -0.033653
v 0.126381 3.540259 -0.004479
v 0.123507 3.540259 0.024696
v 0.114997 3.540259 0.052749
v 0.101178 3.540259 0.078603
v 0.082581 3.540259 0.101264
v 0.059920 3.540259 0.119861
v 0.034066 3.540259 0.133681
v 0.006013 3.540259 0.142190
v -0.023162 3.540259 0.145064
v -0.052336 3.540259 0.142190
v -0.080389 3.540259 0.133681
v -0.106243 3.540259 0.119861
v -0.128904 3.540259 0.101264
v -0.147501 3.540259 0.078603
v -0.161321 3.540259 0.052749
v -0.169830 3.540259 0.024696
v -0.172704 3.540259 -0.004479
v -0.169830 3.540259 -0.033653
v -0.161321 3.540259 -0.061706
v -0.147501 3.540259 -0.087560
v -0.128904 3.540259 -0.110221
v -0.106243 3.540259 -0.128818
v -0.080389 3.540259 -0.142638
v -0.052336 3.540259 -0.151147
v 0.022864 2.099698 0.041547
v 0.022864 2.130764 0.041547
v 0.022864 2.161829 0.041547
v 0.022864 2.192895 0.041547
v 0.022864 2.223961 0.041547
v 0.022864 2.255027 0.041547
v 0.022864 2.286093 0.041547
v 0.022864 2.317159 0.041547
v 0.022864 2.348225 0.041547
v 0.022864 2.379291 0.041547
v 0.022864 2.410357 0.041547
v -0.083297 2.099698 -0.029388
v -0.083297 2.130764 -0.029388
v -0.083297 2.161829 -0.029388
v -0.083297 2.192895 -0.029388
v -0.083297 2.223961 -0.029388
v -0.083297 2.255027 -0.029388
v -0.083297 2.286093 -0.029388
v -0.083297 2.317159 -0.029388
v -0.083297 2.348225 -0.029388
v -0.083297 2.379291 -0.029388
v -0.083297 2.410357 -0.029388
v 0.013001 2.099698 0.049642
v 0.013001 2.130764 0.049642
v 0.013001 2.161829 0.049642
v 0.013001 2.192895 0.049642
v 0.013001 2.223961 0.049642
v 0.013001 2.255027 0.049642
v 0.013001 2.286093 0.049642
v 0.013001 2.317159 0.049642
v 0.013001 2.348225 0.049642
v 0.013001 2.379291 0.049642
v 0.013001 2.410357 0.049642
v -0.077282 2.099698 -0.040641
v -0.077282 2.130764 -0.040641
v -0.077282 2.161829 -0.040641
v -0.077282 2.192895 -0.040641
v -0.077282 2.223961 -0.040641
v -0.077282 2.255027 -0.040641
v -0.077282 2.286093 -0.040641
v -0.077282 2.317159 -0.040641
v -0.077282 2.348225 -0.040641
v -0.077282 2.379291 -0.040641
v -0.077282 2.410357 -0.040641
v 0.001747 2.099698 0.055657
v 0.001747 2.130764 0.055657
v 0.001747 2.161829 0.055657
v 0.001747 2.192895 0.055657
v 0.001747 2.223961 0.055657
v 0.001747 2.255027 0.055657
v 0.001747 2.286093 0.055657
v 0.001747 2.317159 0.055657
v 0.001747 2.348225 0.055657
v 0.001747 2.379291 0.055657
v 0.001747 2.410357 0.055657
v -0.010463 2.099698 -0.068318
v -0.010463 2.130764 -0.068318
v -0.010463 2.161829 -0.068318
v -0.010463 2.192895 -0.068318
v -0.010463 2.223961 -0.068318
v -0.010463 2.255027 -0.068318
v -0.010463 2.286093 -0.068318
v -0.010463 2.317159 -0.068318
v -0.010463 2.348225 -0.068318
v -0.010463 2.379291 -0.068318
v -0.010463 2.410357 -0.068318
v -0.069188 2.099698 -0.050504
v -0.069188 2.130764 -0.050504
v -0.069188 2.161829 -0.050504
v -0.069188 2.192895 -0.050504
v -0.069188 2.223961 -0.050504
v -0.069188 2.255027 -0.050504
v -0.069188 2.286093 -0.050504
v -0.069188 2.317159 -0.050504
v -0.069188 2.348225 -0.050504
v -0.069188 2.379291 -0.050504
v -0.069188 2.410357 -0.050504
v -0.010463 2.099698 0.059361
v -0.010463 2.130764 0.059361
v -0.010463 2.161829 0.059361
v -0.010463 2.192895 0.059361
v -0.010463 2.223961 0.059361
v -0.010463 2.255027 0.059361
v -0.010463 2.286093 0.059361
v -0.010463 2.317159 0.059361
v -0.010463 2.348225 0.059361
v -0.010463 2.379291 0.059361
v -0.010463 2.410357 0.059361
v 0.001747 2.099698 -0.064614
v 0.001747 2.130764 -0.064614
v 0.001747 2.161829 -0.064614
v 0.001747 2.192895 -0.064614
v 0.001747 2.223961 -0.064614
v 0.001747 2.255027 -0.064614
v 0.001747 2.286093 -0.064614
v 0.001747 2.317159 -0.064614
v 0.001747 2.348225 -0.064614
v 0.001747 2.379291 -0.064614
v 0.001747 2.410357 -0.064614
v -0.059324 2.099698 -0.058599
v -0.059324 2.130764 -0.058599
v -0.059324 2.161829 -0.058599
v -0.059324 2.192895 -0.058599
v -0.059324 2.223961 -0.058599
v -0.059324 2.255027 -0.058599
v -0.059324 2.286093 -0.058599
v -0.059324 2.317159 -0.058599
v -0.059324 2.348225 -0.058599
v -0.059324 2.379291 -0.058599
v -0.059324 2.410357 -0.058599
v -0.023162 2.099698 0.060612
v -0.023162 2.130764 0.060612
v -0.023162 2.161829 0.060612
v -0.023162 2.192895 0.060612
v -0.023162 2.223961 0.060612
v -0.023162 2.255027 0.060612
v -0.023162 2.286093 0.060612
v -0.023162 2.317159 0.060612
v -0.023162 2.348225 0.060612
v -0.023162 2.379291 0.060612
v -0.023162 2.410357 0.060612
v 0.013001 2.099698 -0.058599
v 0.013001 2.130764 -0.058599
v 0.013001 2.161829 -0.058599
v 0.013001 2.192895 -0.058599
v 0.013001 2.223961 -0.058599
v 0.013001 2.255027 -0.058599
v 0.013001 2.286093 -0.058599
v 0.013001 2.317159 -0.058599
v 0.013001 2.348225 -0.058599
v 0.013001 2.379291 -0.058599
v 0.013001 2.410357 -0.058599
v -0.048071 2.099698 -0.064614
v -0.048071 2.130764 -0.064614
v -0.048071 2.161829 -0.064614
v -0.048071 2.192895 -0.064614
v -0.048071 2.223961 -0.064614
v -0.048071 2.255027 -0.064614
v -0.048071 2.286093 -0.064614
v -0.048071 2.317159 -0.064614
v -0.048071 2.348225 -0.064614
v -0.048071 2.379291 -0.064614
v -0.048071 2.410357 -0.064614
v -0.035860 2.099698 0.059361
v -0.035860 2.130764 0.059361
v -0.035860 2.161829 0.059361
v -0.035860 2.192895 0.059361
v -0.035860 2.223961 0.059361
v -0.035860 2.255027 0.059361
v -0.035860 2.286093 0.059361
v -0.035860 2.317159 0.059361
v -0.035860 2.348225 0.059361
v -0.035860 2.379291 0.059361
v -0.035860 2.410357 0.059361
v 0.022864 2.099698 -0.050504
v 0.022864 2.130764 -0.050504
v 0.022864 2.161829 -0.050504
v 0.022864 2.192895 -0.050504
v 0.022864 2.223961 -0.050504
v 0.022864 2.255027 -0.050504
v 0.022864 2.286093 -0.050504
v 0.022864 2.317159 -0.050504
v 0.022864 2.348225 -0.050504
v 0.022864 2.379291 -0.050504
v 0.022864 2.410357 -0.050504
v -0.035860 2.099698 -0.068318
v -0.035860 2.130764 -0.068318
v -0.035860 2.161829 -0.068318
v -0.035860 2.192895 -0.068318
v -0.035860 2.223961 -0.068318
v -0.035860 2.255027 -0.068318
v -0.035860 2.286093 -0.068318
v -0.035860 2.317159 -0.068318
v -0.035860 2.348225 -0.068318
v -0.035860 2.379291 -0.068318
v -0.035860 2.410357 -0.068318
v -0.048071 2.099698 0.055657
v -0.048071 2.130764 0.055657
v -0.048071 2.161829 0.055657
v -0.048071 2.192895 0.055657
v -0.048071 2.223961 0.055657
v -0.048071 2.255027 0.055657
v -0.048071 2.286093 0.055657
v -0.048071 2.317159 0.055657
v -0.048071 2.348225 0.055657
v -0.048071 2.379291 0.055657
v -0.048071 2.410357 0.055657
v 0.030959 2.099698 -0.040641
v 0.030959 2.130764 -0.040641
v 0.030959 2.161829 -0.040641
v 0.030959 2.192895 -0.040641
v 0.030959 2.223961 -0.040641
v 0.030959 2.255027 -0.040641
v 0.030959 2.286093 -0.040641
v 0.030959 2.317159 -0.040641
v 0.030959 2.348225 -0.040641
v 0.030959 2.379291 -0.040641
v 0.030959 2.410357 -0.040641
v -0.059324 2.099698 0.049642
v -0.059324 2.130764 0.049642
v -0.059324 2.161829 0.049642
v -0.059324 2.192895 0.049642
v -0.059324 2.223961 0.049642
v -0.059324 2.255027 0.049642
v -0.059324 2.286093 0.049642
v -0.059324 2.317159 0.049642
v -0.059324 2.348225 0.049642
v -0.059324 2.379291 0.049642
v -0.059324 2.410357 0.049642
v 0.036974 2.099698 -0.029388
v 0.036974 2.130764 -0.029388
v 0.036974 2.161829 -0.029388
v 0.036974 2.192895 -0.029388
v 0.036974 2.223961 -0.029388
v 0.036974 2.255027 -0.029388
v 0.036974 2.286093 -0.029388
v 0.036974 2.317159 -0.029388
v 0.036974 2.348225 -0.029388
v 0.036974 2.379291 -0.029388
v 0.036974 2.410357 -0.029388
v -0.069188 2.099698 0.041547
v -0.069188 2.130764 0.041547
v -0.069188 2.161829 0.041547
v -0.069188 2.192895 0.041547
v -0.069188 2.223961 0.041547
v -0.069188 2.255027 0.041547
v -0.069188 2.286093 0.041547
v -0.069188 2.317159 0.041547
v -0.069188 2.348225 0.041547
v -0.069188 2.379291 0.041547
v -0.069188 2.410357 0.041547
v 0.040678 2.099698 -0.017177
v 0.040678 2.130764 -0.017177
v 0.040678 2.161829 -0.017177
v 0.040678 2.192895 -0.017177
v 0.040678 2.223961 -0.017177
v 0.040678 2.255027 -0.017177
v 0.040678 2.286093 -0.017177
v 0.040678 2.317159 -0.017177
v 0.040678 2.348225 -0.017177
v 0.040678 2.379291 -0.017177
v 0.040678 2.410357 -0.017177
v -0.077282 2.099698 0.031684
v -0.077282 2.130764 0.031684
v -0.077282 2.161829 0.031684
v -0.077282 2.192895 0.031684
v -0.077282 2.223961 0.031684
v -0.077282 2.255027 0.031684
v -0.077282 2.286093 0.031684
v -0.077282 2.317159 0.031684
v -0.077282 2.348225 0.031684
v -0.077282 2.379291 0.031684
v -0.077282 2.410357 0.031684
v 0.041929 2.099698 -0.004479
v 0.041929 2.130764 -0.004479
v 0.041929 2.161829 -0.004479
v 0.041929 2.192895 -0.004479
v 0.041929 2.223961 -0.004479
v 0.041929 2.255027 -0.004479
v 0.041929 2.286093 -0.004479
v 0.041929 2.317159 -0.004479
v 0.041929 2.348225 -0.004479
v 0.041929 2.379291 -0.004479
v 0.041929 2.410357 -0.004479
v -0.083297 2.099698 0.020430
v -0.083297 2.130764 0.020430
v -0.083297 2.161829 0.020430
v -0.083297 2.192895 0.020430
v -0.083297 2.223961 0.020430
v -0.083297 2.255027 0.020430
v -0.083297 2.286093 0.020430
v -0.083297 2.317159 0.020430
v -0.083297 2.348225 0.020430
v -0.083297 2.379291 0.020430
v -0.083297 2.410357 0.020430
v 0.040678 2.099698 0.008220
v 0.040678 2.130764 0.008220
v 0.040678 2.161829 0.008220
v 0.040678 2.192895 0.008220
v 0.040678 2.223961 0.008220
v 0.040678 2.255027 0.008220
v 0.040678 2.286093 0.008220
v 0.040678 2.317159 0.008220
v 0.040678 2.348225 0.008220
v 0.040678 2.379291 0.008220
v 0.040678 2.410357 0.008220
v -0.087001 2.099698 0.008220
v -0.087001 2.130764 0.008220
v -0.087001 2.161829 0.008220
v -0.087001 2.192895 0.008220
v -0.087001 2.223961 0.008220
v -0.087001 2.255027 0.008220
v -0.087001 2.286093 0.008220
v -0.087001 2.317159 0.008220
v -0.087001 2.348225 0.008220
v -0.087001 2.379291 0.008220
v -0.087001 2.410357 0.008220
v 0.036974 2.099698 0.020430
v 0.036974 2.130764 0.020430
v 0.036974 2.161829 0.020430
v 0.036974 2.192895 0.020430
v 0.036974 2.223961 0.020430
v 0.036974 2.255027 0.020430
v 0.036974 2.286093 0.020430
v 0.036974 2.317159 0.020430
v 0.036974 2.348225 0.020430
v 0.036974 2.379291 0.020430
v 0.036974 2.410357 0.020430
v -0.088252 2.099698 -0.004479
v -0.088252 2.130764 -0.004479
v -0.088252 2.161829 -0.004479
v -0.088252 2.192895 -0.004479
v -0.088252 2.223961 -0.004479
v -0.088252 2.255027 -0.004479
v -0.088252 2.286093 -0.004479
v -0.088252 2.317159 -0.004479
v -0.088252 2.348225 -0.004479
v -0.088252 2.379291 -0.004479
v -0.088252 2.410357 -0.004479
v 0.030959 2.410357 0.031684
v 0.030959 2.379291 0.031684
v 0.030959 2.348225 0.031684
v 0.030959 2.317159 0.031684
v 0.030959 2.286093 0.031684
v 0.030959 2.255027 0.031684
v 0.030959 2.223961 0.031684
v 0.030959 2.192895 0.031684
v 0.030959 2.161829 0.031684
v 0.030959 2.130763 0.031684
v 0.030959 2.099698 0.031684
v -0.087001 2.410357 -0.017177
v -0.087001 2.379291 -0.017177
v -0.087001 2.348225 -0.017177
v -0.087001 2.317159 -0.017177
v -0.087001 2.286093 -0.017177
v -0.087001 2.255027 -0.017177
v -0.087001 2.223961 -0.017177
v -0.087001 2.192895 -0.017177
v -0.087001 2.161829 -0.017177
v -0.087001 2.130763 -0.017177
v -0.087001 2.099698 -0.017177
v -0.023162 2.410357 -0.069569
v -0.023162 2.379291 -0.069569
v -0.023162 2.348225 -0.069569
v -0.023162 2.317159 -0.069569
v -0.023162 2.286093 -0.069569
v -0.023162 2.255027 -0.069569
v -0.023162 2.223961 -0.069569
v -0.023162 2.192895 -0.069569
v -0.023162 2.161829 -0.069569
v -0.023162 2.130763 -0.069569
v -0.023162 2.099698 -0.069569
v 0.030822 2.099698 0.049505
v 0.030822 2.130764 0.049505
v 0.030822 2.161829 0.049505
v 0.030822 2.192895 0.049505
v 0.030822 2.223961 0.049505
v 0.030822 2.255027 0.049505
v 0.030822 2.286093 0.049505
v 0.030822 2.317159 0.049505
v 0.030822 2.348225 0.049505
v 0.030822 2.379291 0.049505
v 0.030822 2.410357 0.049505
v -0.093695 2.099698 -0.033694
v -0.093695 2.130764 -0.033694
v -0.093695 2.161829 -0.033694
v -0.093695 2.192895 -0.033694
v -0.093695 2.223961 -0.033694
v -0.093695 2.255027 -0.033694
v -0.093695 2.286093 -0.033694
v -0.093695 2.317159 -0.033694
v -0.093695 2.348225 -0.033694
v -0.093695 2.379291 -0.033694
v -0.093695 2.410357 -0.033694
v 0.019253 2.099698 0.059000
v 0.019253 2.130764 0.059000
v 0.019253 2.161829 0.059000
v 0.019253 2.192895 0.059000
v 0.019253 2.223961 0.059000
v 0.019253 2.255027 0.059000
v 0.019253 2.286093 0.059000
v 0.019253 2.317159 0.059000
v 0.019253 2.348225 0.059000
v 0.019253 2.379291 0.059000
v 0.019253 2.410357 0.059000
v -0.086640 2.099698 -0.046893
v -0.086640 2.130764 -0.046893
v -0.086640 2.161829 -0.046893
v -0.086640 2.192895 -0.046893
v -0.086640 2.223961 -0.046893
v -0.086640 2.255027 -0.046893
v -0.086640 2.286093 -0.046893
v -0.086640 2.317159 -0.046893
v -0.086640 2.348225 -0.046893
v -0.086640 2.379291 -0.046893
v -0.086640 2.410357 -0.046893
v 0.006054 2.099698 0.066055
v 0.006054 2.130764 0.066055
v 0.006054 2.161829 0.066055
v 0.006054 2.192895 0.066055
v 0.006054 2.223961 0.066055
v 0.006054 2.255027 0.066055
v 0.006054 2.286093 0.066055
v 0.006054 2.317159 0.066055
v 0.006054 2.348225 0.066055
v 0.006054 2.379291 0.066055
v 0.006054 2.410357 0.066055
v -0.008268 2.099698 -0.079356
v -0.008268 2.130764 -0.079356
v -0.008268 2.161829 -0.079356
v -0.008268 2.192895 -0.079356
v -0.008268 2.223961 -0.079356
v -0.008268 2.255027 -0.079356
v -0.008268 2.286093 -0.079356
v -0.008268 2.317159 -0.079356
v -0.008268 2.348225 -0.079356
v -0.008268 2.379291 -0.079356
v -0.008268 2.410357 -0.079356
v -0.077145 2.099698 -0.058462
v -0.077145 2.130764 -0.058462
v -0.077145 2.161829 -0.058462
v -0.077145 2.192895 -0.058462
v -0.077145 2.223961 -0.058462
v -0.077145 2.255027 -0.058462
v -0.077145 2.286093 -0.058462
v -0.077145 2.317159 -0.058462
v -0.077145 2.348225 -0.058462
v -0.077145 2.379291 -0.058462
v -0.077145 2.410357 -0.058462
v -0.008268 2.099698 0.070399
v -0.008268 2.130764 0.070399
v -0.008268 2.161829 0.070399
v -0.008268 2.192895 0.070399
v -0.008268 2.223961 0.070399
v -0.008268 2.255027 0.070399
v -0.008268 2.286093 0.070399
v -0.008268 2.317159 0.070399
v -0.008268 2.348225 0.070399
v -0.008268 2.379291 0.070399
v -0.008268 2.410357 0.070399
v 0.006054 2.099698 -0.075012
v 0.006054 2.130764 -0.075012
v 0.006054 2.161829 -0.075012
v 0.006054 2.192895 -0.075012
v 0.006054 2.223961 -0.075012
v 0.006054 2.255027 -0.075012
v 0.006054 2.286093 -0.075012
v 0.006054 2.317159 -0.075012
v 0.006054 2.348225 -0.075012
v 0.006054 2.379291 -0.075012
v 0.006054 2.410357 -0.075012
v -0.065576 2.099698 -0.067957
v -0.065576 2.130764 -0.067957
v -0.065576 2.161829 -0.067957
v -0.065576 2.192895 -0.067957
v -0.065576 2.223961 -0.067957
v -0.065576 2.255027 -0.067957
v -0.065576 2.286093 -0.067957
v -0.065576 2.317159 -0.067957
v -0.065576 2.348225 -0.067957
v -0.065576 2.379291 -0.067957
v -0.065576 2.410357 -0.067957
v -0.023162 2.099698 0.071866
v -0.023162 2.130764 0.071866
v -0.023162 2.161829 0.071866
v -0.023162 2.192895 0.071866
v -0.023162 2.223961 0.071866
v -0.023162 2.255027 0.071866
v -0.023162 2.286093 0.071866
v -0.023162 2.317159 0.071866
v -0.023162 2.348225 0.071866
v -0.023162 2.379291 0.071866
v -0.023162 2.410357 0.071866
v 0.019253 2.099698 -0.067957
v 0.019253 2.130764 -0.067957
v 0.019253 2.161829 -0.067957
v 0.019253 2.192895 -0.067957
v 0.019253 2.223961 -0.067957
v 0.019253 2.255027 -0.067957
v 0.019253 2.286093 -0.067957
v 0.019253 2.317159 -0.067957
v 0.019253 2.348225 -0.067957
v 0.019253 2.379291 -0.067957
v 0.019253 2.410357 -0.067957
v -0.052377 2.099698 -0.075012
v -0.052377 2.130764 -0.075012
v -0.052377 2.161829 -0.075012
v -0.052377 2.192895 -0.075012
v -0.052377 2.223961 -0.075012
v -0.052377 2.255027 -0.075012
v -0.052377 2.286093 -0.075012
v -0.052377 2.317159 -0.075012
v -0.052377 2.348225 -0.075012
v -0.052377 2.379291 -0.075012
v -0.052377 2.410357 -0.075012
v -0.038056 2.099698 0.070399
v -0.038056 2.130764 0.070399
v -0.038056 2.161829 0.070399
v -0.038056 2.192895 0.070399
v -0.038056 2.223961 0.070399
v -0.038056 2.255027 0.070399
v -0.038056 2.286093 0.070399
v -0.038056 2.317159 0.070399
v -0.038056 2.348225 0.070399
v -0.038056 2.379291 0.070399
v -0.038056 2.410357 0.070399
v 0.030822 2.099698 -0.058462
v 0.030822 2.130764 -0.058462
v 0.030822 2.161829 -0.058462
v 0.030822 2.192895 -0.058462
v 0.030822 2.223961 -0.058462
v 0.030822 2.255027 -0.058462
v 0.030822 2.286093 -0.058462
v 0.030822 2.317159 -0.058462
v 0.030822 2.348225 -0.058462
v 0.030822 2.379291 -0.058462
v 0.030822 2.410357 -0.058462
v -0.038056 2.099698 -0.079356
v -0.038056 2.130764 -0.079356
v -0.038056 2.161829 -0.079356
v -0.038056 2.192895 -0.079356
v -0.038056 2.223961 -0.079356
v -0.038056 2.255027 -0.079356
v -0.038056 2.286093 -0.079356
v -0.038056 2.317159 -0.079356
v -0.038056 2.348225 -0.079356
v -0.038056 2.379291 -0.079356
v -0.038056 2.410357 -0.079356
v -0.052377 2.099698 0.066055
v -0.052377 2.130764 0.066055
v -0.052377 2.161829 0.066055
v -0.052377 2.192895 0.066055
v -0.052377 2.223961 0.066055
v -0.052377 2.255027 0.066055
v -0.052377 2.286093 0.066055
v -0.052377 2.317159 0.066055
v -0.052377 2.348225 0.066055
v -0.052377 2.379291 0.066055
v -0.052377 2.410357 0.066055
v 0.040316 2.099698 -0.046893
v 0.040316 2.130764 -0.046893
v 0.040316 2.161829 -0.046893
v 0.040316 2.192895 -0.046893
v 0.040316 2.223961 -0.046893
v 0.040316 2.255027 -0.046893
v 0.040316 2.286093 -0.046893
v 0.040316 2.317159 -0.046893
v 0.040316 2.348225 -0.046893
v 0.040316 2.379291 -0.046893
v 0.040316 2.410357 -0.046893
v -0.065576 2.099698 0.059000
v -0.065576 2.130764 0.059000
v -0.065576 2.161829 0.059000
v -0.065576 2.192895 0.059000
v -0.065576 2.223961 0.059000
v -0.065576 2.255027 0.059000
v -0.065576 2.286093 0.059000
v -0.065576 2.317159 0.059000
v -0.065576 2.348225 0.059000
v -0.065576 2.379291 0.059000
v -0.065576 2.410357 0.059000
v 0.047371 2.099698 -0.033694
v 0.047371 2.130764 -0.033694
v 0.047371 2.161829 -0.033694
v 0.047371 2.192895 -0.033694
v 0.047371 2.223961 -0.033694
v 0.047371 2.255027 -0.033694
v 0.047371 2.286093 -0.033694
v 0.047371 2.317159 -0.033694
v 0.047371 2.348225 -0.033694
v 0.047371 2.379291 -0.033694
v 0.047371 2.410357 -0.033694
v -0.077145 2.099698 0.049505
v -0.077145 2.130764 0.049505
v -0.077145 2.161829 0.049505
v -0.077145 2.192895 0.049505
v -0.077145 2.223961 0.049505
v -0.077145 2.255027 0.049505
v -0.077145 2.286093 0.049505
v -0.077145 2.317159 0.049505
v -0.077145 2.348225 0.049505
v -0.077145 2.379291 0.049505
v -0.077145 2.410357 0.049505
v 0.051716 2.099698 -0.019373
v 0.051716 2.130764 -0.019373
v 0.051716 2.161829 -0.019373
v 0.051716 2.192895 -0.019373
v 0.051716 2.223961 -0.019373
v 0.051716 2.255027 -0.019373
v 0.051716 2.286093 -0.019373
v 0.051716 2.317159 -0.019373
v 0.051716 2.348225 -0.019373
v 0.051716 2.379291 -0.019373
v 0.051716 2.410357 -0.019373
v -0.086640 2.099698 0.037936
v -0.086640 2.130764 0.037936
v -0.086640 2.161829 0.037936
v -0.086640 2.192895 0.037936
v -0.086640 2.223961 0.037936
v -0.086640 2.255027 0.037936
v -0.086640 2.286093 0.037936
v -0.086640 2.317159 0.037936
v -0.086640 2.348225 0.037936
v -0.086640 2.379291 0.037936
v -0.086640 2.410357 0.037936
v 0.053183 2.099698 -0.004479
v 0.053183 2.130764 -0.004479
v 0.053183 2.161829 -0.004479
v 0.053183 2.192895 -0.004479
v 0.053183 2.223961 -0.004479
v 0.053183 2.255027 -0.004479
v 0.053183 2.286093 -0.004479
v 0.053183 2.317159 -0.004479
v 0.053183 2.348225 -0.004479
v 0.053183 2.379291 -0.004479
v 0.053183 2.410357 -0.004479
v -0.093695 2.099698 0.024737
v -0.093695 2.130764 0.024737
v -0.093695 2.161829 0.024737
v -0.093695 2.192895 0.024737
v -0.093695 2.223961 0.024737
v -0.093695 2.255027 0.024737
v -0.093695 2.286093 0.024737
v -0.093695 2.317159 0.024737
v -0.093695 2.348225 0.024737
v -0.093695 2.379291 0.024737
v -0.093695 2.410357 0.024737
v 0.051716 2.099698 0.010416
v 0.051716 2.130764 0.010416
v 0.051716 2.161829 0.010416
v 0.051716 2.192895 0.010416
v 0.051716 2.223961 0.010416
v 0.051716 2.255027 0.010416
v 0.051716 2.286093 0.010416
v 0.051716 2.317159 0.010416
v 0.051716 2.348225 0.010416
v 0.051716 2.379291 0.010416
v 0.051716 2.410357 0.010416
v -0.098039 2.099698 0.010416
v -0.098039 2.130764 0.010416
v -0.098039 2.161829 0.010416
v -0.098039 2.192895 0.010416
v -0.098039 2.223961 0.010416
v -0.098039 2.255027 0.010416
v -0.098039 2.286093 0.010416
v -0.098039 2.317159 0.010416
v -0.098039 2.348225 0.010416
v -0.098039 2.379291 0.010416
v -0.098039 2.410357 0.010416
v 0.047371 2.099698 0.024737
v 0.047371 2.130764 0.024737
v 0.047371 2.161829 0.024737
v 0.047371 2.192895 0.024737
v 0.047371 2.223961 0.024737
v 0.047371 2.255027 0.024737
v 0.047371 2.286093 0.024737
v 0.047371 2.317159 0.024737
v 0.047371 2.348225 0.024737
v 0.047371 2.379291 0.024737
v 0.047371 2.410357 0.024737
v -0.099506 2.099698 -0.004479
v -0.099506 2.130764 -0.004479
v -0.099506 2.161829 -0.004479
v -0.099506 2.192895 -0.004479
v -0.099506 2.223961 -0.004479
v -0.099506 2.255027 -0.004479
v -0.099506 2.286093 -0.004479
v -0.099506 2.317159 -0.004479
v -0.099506 2.348225 -0.004479
v -0.099506 2.379291 -0.004479
v -0.099506 2.410357 -0.004479
v 0.040316 2.410357 0.037936
v 0.040316 2.379291 0.037936
v 0.040316 2.348225 0.037936
v 0.040316 2.317159 0.037936
v 0.040316 2.286093 0.037936
v 0.040316 2.255027 0.037936
v 0.040316 2.223961 0.037936
v 0.040316 2.192895 0.037936
v 0.040316 2.161829 0.037936
v 0.040316 2.130763 0.037936
v 0.040316 2.099698 0.037936
v -0.098039 2.410357 -0.019373
v -0.098039 2.379291 -0.019373
v -0.098039 2.348225 -0.019373
v -0.098039 2.317159 -0.019373
v -0.098039 2.286093 -0.019373
v -0.098039 2.255027 -0.019373
v -0.098039 2.223961 -0.019373
v -0.098039 2.192895 -0.019373
v -0.098039 2.161829 -0.019373
v -0.098039 2.130763 -0.019373
v -0.098039 2.099698 -0.019373
v -0.023162 2.410357 -0.080823
v -0.023162 2.379291 -0.080823
v -0.023162 2.348225 -0.080823
v -0.023162 2.317159 -0.080823
v -0.023162 2.286093 -0.080823
v -0.023162 2.255027 -0.080823
v -0.023162 2.223961 -0.080823
v -0.023162 2.192895 -0.080823
v -0.023162 2.161829 -0.080823
v -0.023162 2.130763 -0.080823
v -0.023162 2.099698 -0.080823
v -0.160038 0.880595 0.343528
v -0.162720 0.880595 0.316302
v -0.162720 0.880595 -0.327650
v -0.160038 0.880595 -0.300424
v -0.160038 0.880595 0.289076
v -0.152096 0.880595 0.262896
v -0.152096 0.880595 -0.274244
v -0.152096 0.880595 0.369709
v -0.160038 0.880595 -0.354877
v -0.121844 0.880595 0.217620
v -0.121844 0.880595 -0.228968
v -0.121844 0.880595 -0.426333
v -0.139200 0.880595 0.238768
v -0.139200 0.880595 -0.250116
v -0.139200 0.880595 -0.405184
v -0.152096 0.880595 -0.381057
v -0.099380 0.880595 -0.004479
v -0.097916 0.880595 -0.019348
v -0.093578 0.880595 0.024689
v -0.086535 0.880595 -0.046823
v -0.097916 0.880595 0.010391
v -0.093578 0.880595 -0.033646
v -0.100696 0.880595 -0.211612
v -0.077056 0.880595 0.049416
v -0.050388 0.880595 -0.190774
v -0.052329 0.880595 -0.074895
v -0.050388 0.880595 0.179426
v -0.052329 0.880595 0.065938
v -0.076568 0.880595 0.187367
v -0.065506 0.880595 0.058895
v -0.065506 0.880595 -0.067852
v -0.076568 0.880595 -0.198716
v -0.086535 0.880595 0.037866
v -0.077056 0.880595 -0.058373
v -0.076568 0.880595 -0.456585
v -0.100696 0.880595 0.200264
v -0.100696 0.880595 -0.443688
v -0.038031 0.880595 0.070275
v -0.038031 0.880595 -0.079233
v -0.008292 0.880595 0.070275
v -0.023162 0.880595 0.071740
v -0.023162 0.880595 0.176744
v -0.023162 0.880595 -0.188092
v -0.023162 0.880595 -0.080697
v -0.008292 0.880595 -0.079233
v 0.004065 0.880595 -0.190774
v 0.006006 0.880595 -0.074895
v 0.019183 0.880595 0.058895
v 0.006006 0.880595 0.065938
v 0.019183 0.880595 -0.067852
v 0.030245 0.880595 -0.198716
v 0.004065 0.880595 -0.464527
v 0.030733 0.880595 0.049416
v -0.023162 0.880595 -0.467208
v 0.040212 0.880595 0.037866
v 0.040212 0.880595 -0.046823
v 0.051592 0.880595 -0.019348
v 0.051592 0.880595 0.010391
v 0.053057 0.880595 -0.004479
v 0.047255 0.880595 0.024689
v 0.047255 0.880595 -0.033646
v 0.054373 0.880595 -0.211612
v 0.075521 0.880595 -0.228968
v 0.092876 0.880595 -0.405184
v 0.092876 0.880595 -0.250116
v 0.075521 0.880595 -0.426333
v 0.116396 0.880595 -0.327650
v 0.113715 0.880595 -0.354877
v 0.105773 0.880595 -0.274244
v 0.113715 0.880595 -0.300424
v 0.105773 0.880595 -0.381057
v 0.054373 0.880595 -0.443688
v 0.030733 0.880595 -0.058373
v 0.030245 0.880595 -0.456585
v -0.050388 0.880595 -0.464527
v -0.121844 0.880595 0.414984
v -0.139200 0.880595 0.393836
v -0.100696 0.880595 0.432340
v -0.076568 0.880595 0.445237
v -0.050388 0.880595 0.453178
v -0.023162 0.880595 0.455860
v 0.030245 0.880595 0.445237
v 0.004065 0.880595 0.453178
v 0.004065 0.880595 0.179426
v 0.054373 0.880595 0.200264
v 0.092876 0.880595 0.393836
v 0.075521 0.880595 0.414984
v 0.075521 0.880595 0.217620
v 0.105773 0.880595 0.262896
v 0.116396 0.880595 0.316302
v 0.113715 0.880595 0.289076
v 0.105773 0.880595 0.369709
v 0.113715 0.880595 0.343528
v 0.054373 0.880595 0.432340
v 0.092876 0.880595 0.238768
v 0.030245 0.880595 0.187367
v -0.023162 2.439275 0.241665
v -0.008601 2.439275 0.243099
v 0.005401 2.439275 0.247346
v 0.018304 2.439275 0.254244
v 0.019815 2.439275 0.255483
v 0.029615 2.439275 0.263526
v 0.038897 2.439275 0.274836
v 0.045794 2.439275 0.287740
v 0.050041 2.439275 0.301741
v 0.051475 2.439275 0.316302
v 0.050041 2.439275 0.330863
v 0.045794 2.439275 0.344864
v 0.038897 2.439275 0.357768
v 0.029615 2.439275 0.369078
v 0.018304 2.439275 0.378360
v 0.005401 2.439275 0.385257
v -0.008601 2.439275 0.389505
v -0.023162 2.439275 0.390939
v -0.037723 2.439275 0.389505
v -0.051724 2.439275 0.385257
v -0.064628 2.439275 0.378360
v -0.075938 2.439275 0.369078
v -0.085220 2.439275 0.357768
v -0.092117 2.439275 0.344864
v -0.096364 2.439275 0.330863
v -0.097799 2.439275 0.316302
v -0.096364 2.439275 0.301741
v -0.092117 2.439275 0.287740
v -0.085220 2.439275 0.274836
v -0.075938 2.439275 0.263526
v -0.066138 2.439275 0.255483
v -0.064628 2.439275 0.254244
v -0.051724 2.439275 0.247346
v -0.037723 2.439275 0.243099
v -0.023219 2.439275 0.241671
v -0.023162 2.439275 -0.402287
v -0.008601 2.439275 -0.400853
v 0.005401 2.439275 -0.396606
v 0.018304 2.439275 -0.389709
v 0.029615 2.439275 -0.380427
v 0.038897 2.439275 -0.369116
v 0.045794 2.439275 -0.356213
v 0.050041 2.439275 -0.342211
v 0.051475 2.439275 -0.327650
v 0.050041 2.439275 -0.313089
v 0.045794 2.439275 -0.299088
v 0.038897 2.439275 -0.286184
v 0.029615 2.439275 -0.274874
v 0.024195 2.439275 -0.270427
v 0.018304 2.439275 -0.265592
v 0.005401 2.439275 -0.258695
v -0.008601 2.439275 -0.254448
v -0.023162 2.439275 -0.253013
v -0.037723 2.439275 -0.254448
v -0.051724 2.439275 -0.258695
v -0.064628 2.439275 -0.265592
v -0.070519 2.439275 -0.270427
v -0.075938 2.439275 -0.274874
v -0.085220 2.439275 -0.286184
v -0.092117 2.439275 -0.299088
v -0.096364 2.439275 -0.313089
v -0.097799 2.439275 -0.327650
v -0.096364 2.439275 -0.342211
v -0.092117 2.439275 -0.356213
v -0.085220 2.439275 -0.369116
v -0.075938 2.439275 -0.380427
v -0.064628 2.439275 -0.389709
v -0.051724 2.439275 -0.396606
v -0.037723 2.439275 -0.400853
v -0.147755 2.951421 0.020305
v -0.150196 2.951421 -0.004479
v 0.094202 2.974068 0.044135
v 0.082463 2.974068 0.066098
v -0.147755 2.951421 -0.029262
v 0.066665 2.974068 0.085348
v -0.140526 2.951421 -0.053092
v 0.047415 2.974068 0.101146
v -0.137035 2.974068 -0.059624
v -0.137035 2.951421 -0.059624
v -0.128787 2.974068 -0.075055
v 0.025452 2.974068 0.112886
v -0.023162 2.974068 -0.131513
v 0.001621 2.974068 -0.129072
v -0.112988 2.974068 -0.094305
v 0.001621 2.974068 0.120114
v 0.025452 2.974068 -0.121843
v -0.093738 2.974068 -0.110103
v -0.023162 2.974068 0.122555
v 0.047415 2.974068 -0.110103
v -0.071775 2.974068 -0.121843
v -0.047945 2.974068 0.120114
v 0.066665 2.974068 -0.094305
v -0.047945 2.974068 -0.129072
v -0.071775 2.974068 0.112886
v 0.082463 2.974068 -0.075055
v -0.093738 2.974068 0.101146
v 0.094202 2.974068 -0.053092
v -0.112988 2.974068 0.085348
v 0.101431 2.974068 -0.029262
v -0.128787 2.974068 0.066098
v 0.103872 2.974068 -0.004479
v -0.137035 2.951421 0.050667
v -0.140526 2.951421 0.044135
v -0.137035 2.974068 0.050667
v 0.101431 2.974068 0.020305
v 0.030822 2.439275 0.049505
v 0.040316 2.439275 0.037936
v -0.093695 2.439275 -0.033694
v -0.098039 2.439275 -0.019373
v 0.019253 2.439275 0.059000
v -0.086640 2.439275 -0.046893
v 0.006054 2.439275 0.066055
v -0.008268 2.439275 -0.079356
v -0.023162 2.439275 -0.080823
v -0.077145 2.439275 -0.058462
v -0.008268 2.439275 0.070399
v 0.006054 2.439275 -0.075012
v -0.065576 2.439275 -0.067957
v -0.022132 2.439275 0.071765
v -0.023162 2.439275 0.071866
v 0.019253 2.439275 -0.067957
v -0.052377 2.439275 -0.075012
v -0.038056 2.439275 0.070399
v 0.030822 2.439275 -0.058462
v -0.038056 2.439275 -0.079356
v -0.052377 2.439275 0.066055
v 0.040316 2.439275 -0.046893
v -0.065576 2.439275 0.059000
v 0.047371 2.439275 -0.033694
v -0.077145 2.439275 0.049505
v 0.051716 2.439275 -0.019373
v -0.086640 2.439275 0.037936
v 0.053183 2.439275 -0.004479
v -0.093695 2.439275 0.024737
v 0.051716 2.439275 0.010416
v -0.098039 2.439275 0.010416
v 0.047371 2.439275 0.024737
v -0.099506 2.439275 -0.004479
vn -1.0000 -0.0000 -0.0000
vn -0.0000 -0.0000 -1.0000
vn 1.0000 -0.0000 -0.0000
vn -0.0000 -0.0000 1.0000
vn -0.0000 -1.0000 -0.0000
vn -0.0000 1.0000 -0.0000
vn 0.0980 -0.0000 -0.9952
vn 0.2903 -0.0000 -0.9569
vn 0.4714 -0.0000 -0.8819
vn 0.6344 -0.0000 -0.7730
vn 0.7730 -0.0000 -0.6344
vn 0.8819 -0.0000 -0.4714
vn 0.9569 -0.0000 -0.2903
vn 0.9952 -0.0000 -0.0980
vn 0.9952 -0.0000 0.0980
vn 0.9569 -0.0000 0.2903
vn 0.8819 -0.0000 0.4714
vn 0.7730 -0.0000 0.6344
vn 0.6344 -0.0000 0.7730
vn 0.4714 -0.0000 0.8819
vn 0.2903 -0.0000 0.9569
vn 0.0980 -0.0000 0.9952
vn -0.0980 -0.0000 0.9952
vn -0.2903 -0.0000 0.9569
vn -0.4714 -0.0000 0.8819
vn -0.6344 -0.0000 0.7730
vn -0.7730 -0.0000 0.6344
vn -0.8819 -0.0000 0.4714
vn -0.9569 -0.0000 0.2903
vn -0.9952 -0.0000 0.0980
vn -0.9952 -0.0000 -0.0980
vn -0.9569 -0.0000 -0.2903
vn -0.8819 -0.0000 -0.4714
vn -0.7730 -0.0000 -0.6344
vn -0.6344 -0.0000 -0.7730
vn -0.4714 -0.0000 -0.8819
vn -0.2903 -0.0000 -0.9569
vn -0.0980 -0.0000 -0.9952
vn -0.0003 -1.0000 -0.0000
vt 0.375000 0.000000
vt 0.625000 0.000000
vt 0.625000 0.250000
vt 0.375000 0.250000
vt 0.625000 0.500000
vt 0.375000 0.500000
vt 0.625000 0.750000
vt 0.375000 0.750000
vt 0.625000 1.000000
vt 0.375000 1.000000
vt 0.125000 0.500000
vt 0.125000 0.750000
vt 0.663144 0.710364
vt 0.663144 0.539636
vt 0.836856 0.710364
vt 0.836856 0.539636
vt 0.875000 0.500000
vt 0.875000 0.750000
vt 0.821126 0.555575
vt 0.817576 0.551227
vt 0.812800 0.699017
vt 0.817576 0.695206
vt 0.821126 0.690859
vt 0.823311 0.686141
vt 0.824049 0.681235
vt 0.823311 0.676329
vt 0.821125 0.671611
vt 0.817576 0.667264
vt 0.812800 0.663453
vt 0.806980 0.660326
vt 0.800340 0.658002
vt 0.793135 0.656571
vt 0.785642 0.656087
vt 0.785642 0.637166
vt 0.789734 0.636902
vt 0.793669 0.636121
vt 0.797295 0.634852
vt 0.800474 0.633144
vt 0.803082 0.631062
vt 0.805021 0.628688
vt 0.806215 0.626112
vt 0.806618 0.623432
vt 0.806215 0.620753
vt 0.805021 0.618176
vt 0.803082 0.615802
vt 0.800474 0.613721
vt 0.797295 0.612013
vt 0.793669 0.610743
vt 0.789734 0.609962
vt 0.785642 0.609698
vt 0.785642 0.590346
vt 0.793135 0.589863
vt 0.800340 0.588432
vt 0.806980 0.586108
vt 0.812800 0.582980
vt 0.817576 0.579170
vt 0.821126 0.574822
vt 0.823311 0.570104
vt 0.824049 0.565198
vt 0.823311 0.560292
vt 0.778149 0.589863
vt 0.781549 0.609962
vt 0.777615 0.610743
vt 0.773988 0.612013
vt 0.770809 0.613721
vt 0.768201 0.615802
vt 0.766262 0.618176
vt 0.765069 0.620753
vt 0.764666 0.623432
vt 0.765069 0.626112
vt 0.766262 0.628688
vt 0.768201 0.631062
vt 0.770809 0.633144
vt 0.773988 0.634852
vt 0.777615 0.636121
vt 0.781549 0.636902
vt 0.778149 0.656571
vt 0.770944 0.658002
vt 0.764304 0.660326
vt 0.758484 0.663453
vt 0.753707 0.667264
vt 0.750158 0.671612
vt 0.747972 0.676329
vt 0.747234 0.681235
vt 0.747972 0.686141
vt 0.750158 0.690859
vt 0.753707 0.695206
vt 0.758484 0.699017
vt 0.764304 0.702144
vt 0.770944 0.704468
vt 0.778149 0.705899
vt 0.785642 0.706383
vt 0.793135 0.705899
vt 0.800340 0.704468
vt 0.806980 0.702145
vt 0.812800 0.547416
vt 0.806980 0.544289
vt 0.800340 0.541965
vt 0.793135 0.540534
vt 0.785642 0.540051
vt 0.778149 0.540534
vt 0.770944 0.541965
vt 0.764304 0.544289
vt 0.758484 0.547416
vt 0.753707 0.551227
vt 0.750158 0.555575
vt 0.747972 0.560292
vt 0.747234 0.565198
vt 0.747972 0.570104
vt 0.750158 0.574822
vt 0.753707 0.579169
vt 0.758484 0.582980
vt 0.764304 0.586108
vt 0.770944 0.588432
vt 0.968750 0.500000
vt 1.000000 0.500000
vt 1.000000 0.998017
vt 0.968750 0.998017
vt 0.937500 0.500000
vt 0.937500 0.998017
vt 0.906250 0.500000
vt 0.906250 0.998017
vt 0.902076 0.998017
vt 0.875000 0.998017
vt 0.843750 0.998017
vt 0.843750 0.500000
vt 0.812500 0.998017
vt 0.812500 0.500000
vt 0.781250 0.998017
vt 0.781250 0.500000
vt 0.750000 0.998017
vt 0.750000 0.500000
vt 0.718750 0.998017
vt 0.718750 0.500000
vt 0.687500 0.998017
vt 0.687500 0.500000
vt 0.656250 0.998017
vt 0.656250 0.500000
vt 0.625000 0.998017
vt 0.593750 0.998017
vt 0.593750 0.500000
vt 0.562500 0.998017
vt 0.562500 0.500000
vt 0.531250 0.998017
vt 0.531250 0.500000
vt 0.500000 0.998017
vt 0.500000 0.500000
vt 0.468750 0.998017
vt 0.468750 0.500000
vt 0.437500 0.998017
vt 0.437500 0.500000
vt 0.406250 0.998017
vt 0.406250 0.500000
vt 0.375000 0.998017
vt 0.343750 0.500000
vt 0.343750 0.998017
vt 0.312500 0.500000
vt 0.312500 0.998017
vt 0.281250 0.500000
vt 0.281250 0.998017
vt 0.250000 0.500000
vt 0.250000 0.998017
vt 0.218750 0.500000
vt 0.218750 0.998017
vt 0.187500 0.500000
vt 0.187500 0.998017
vt 0.156250 0.500000
vt 0.156250 0.998017
vt 0.125000 0.998017
vt 0.093750 0.500000
vt 0.097924 0.998017
vt 0.093750 0.998017
vt 0.062500 0.500000
vt 0.062500 0.998017
vt 0.031250 0.500000
vt 0.031250 0.998017
vt 0.000000 0.500000
vt 0.000124 0.998017
vt 0.000000 0.998017
vt 0.843750 0.500000
vt 0.718750 0.500000
vt 0.593750 0.500000
vt 0.968750 0.500000
vt 0.610026 0.998017
vt 0.389973 0.998017
vt 0.485388 0.296822
vt 0.471731 0.341844
vt 0.419706 0.080294
vt 0.419706 0.080294
vt 0.449553 0.116663
vt 0.449553 0.116663
vt 0.028269 0.341844
vt 0.028269 0.341844
vt 0.014612 0.296822
vt 0.014612 0.296822
vt 0.383337 0.050447
vt 0.383337 0.050447
vt 0.050447 0.383337
vt 0.050447 0.383337
vt 0.341844 0.028269
vt 0.296822 0.485389
vt 0.296822 0.485388
vt 0.250000 0.490000
vt 0.250000 0.490000
vt 0.080294 0.419706
vt 0.296822 0.014612
vt 0.341844 0.471731
vt 0.116663 0.449553
vt 0.250000 0.010000
vt 0.383337 0.449553
vt 0.383337 0.449553
vt 0.158156 0.471731
vt 0.158156 0.471731
vt 0.203178 0.014612
vt 0.419706 0.419706
vt 0.203178 0.485388
vt 0.203178 0.485388
vt 0.158156 0.028269
vt 0.158156 0.028269
vt 0.449553 0.383337
vt 0.449553 0.383337
vt 0.116663 0.050447
vt 0.080294 0.080294
vt 0.050447 0.116663
vt 0.490000 0.250000
vt 0.490000 0.250000
vt 0.028269 0.158156
vt 0.028269 0.158156
vt 0.485388 0.203178
vt 0.014612 0.203178
vt 0.471731 0.158156
vt 0.471731 0.158156
vt 0.010000 0.250000
vt 0.010000 0.250000
vt 0.471731 0.158156
vt 0.028269 0.341844
vt 0.341844 0.028269
vt 0.341844 0.471731
vt 0.203178 0.014612
vt 0.419706 0.419706
vt 0.158156 0.028269
vt 0.485388 0.296822
vt 0.050447 0.116663
vt 0.014612 0.296822
vt 0.419706 0.080294
vt 0.449553 0.116663
vt 0.014612 0.296822
vt 0.014612 0.296822
vt 0.010000 0.250000
vt 0.485388 0.296822
vt 0.010000 0.250000
vt 0.014612 0.296822
vt 0.010000 0.250000
vt 0.014612 0.296822
vt 0.010000 0.250000
vt 0.010000 0.250000
vt 0.014612 0.296822
vt 0.010000 0.250000
vt 0.419706 0.080294
vt 0.449553 0.116663
vt 0.014612 0.296822
vt 0.014612 0.296822
vt 0.383337 0.449553
vt 0.014612 0.296822
vt 0.014612 0.296822
vt 0.485388 0.296822
vt 0.014612 0.296822
vt 0.010000 0.250000
vt 0.010000 0.250000
vt 0.485388 0.296822
vt 0.490000 0.250000
vt 0.449553 0.116663
vt 0.485388 0.296822
vt 0.158156 0.471731
vt 0.014612 0.296822
vt 0.471731 0.158156
vt 0.449553 0.116663
vt 0.449553 0.116663
vt 0.449553 0.116663
vt 0.471731 0.158156
vt 0.449553 0.116663
vt 0.471731 0.158156
vt 0.203178 0.485388
vt 0.158156 0.471731
vt 0.449553 0.116663
vt 0.419706 0.080294
vt 0.449553 0.116663
vt 0.471731 0.158156
vt 0.471731 0.158156
vt 0.419706 0.080294
vt 0.471731 0.158156
vt 0.203178 0.485388
vt 0.449553 0.116663
vt 0.449553 0.116663
vt 0.419706 0.080294
vt 0.449553 0.116663
vt 0.449553 0.116663
vt 0.471731 0.158156
vt 0.449553 0.116663
vt 0.471731 0.158156
vt 0.449553 0.116663
vt 0.449553 0.116663
vt 0.449553 0.116663
vt 0.203178 0.485388
vt 0.449553 0.116663
vt 0.449553 0.116663
vt 0.471731 0.158156
vt 0.449553 0.116663
vt 0.203178 0.485388
vt 0.014612 0.203178
vt 0.014612 0.203178
vt 0.014612 0.203178
vt 0.014612 0.203178
vt 0.028269 0.158156
vt 0.203178 0.485388
vt 0.419706 0.080294
vt 0.050447 0.116663
vt 0.203178 0.485388
vt 0.014612 0.203178
vt 0.028269 0.158156
vt 0.050447 0.116663
vt 0.203178 0.485388
vt 0.014612 0.203178
vt 0.028269 0.341844
vt 0.014612 0.203178
vt 0.014612 0.203178
vt 0.014612 0.203178
vt 0.014612 0.203178
vt 0.028269 0.158156
vt 0.050447 0.116663
vt 0.203178 0.485388
vt 0.158156 0.471731
vt 0.014612 0.203178
vt 0.485388 0.203178
vt 0.485388 0.203178
vt 0.485388 0.203178
vt 0.203178 0.485388
vt 0.485388 0.203178
vt 0.028269 0.341844
vt 0.485388 0.203178
vt 0.203178 0.485388
vt 0.050447 0.116663
vt 0.485388 0.203178
vt 0.485388 0.203178
vt 0.203178 0.485388
vt 0.485388 0.203178
vt 0.050447 0.116663
vt 0.050447 0.116663
vt 0.028269 0.158156
vt 0.028269 0.158156
vt 0.203178 0.485388
vt 0.050447 0.116663
vt 0.050447 0.116663
vt 0.203178 0.485388
vt 0.203178 0.485389
vt 0.203178 0.485388
vt 0.203178 0.485388
vt 0.490000 0.250000
vt 0.028269 0.341844
vt 0.028269 0.341844
vt 0.050447 0.116663
vt 0.158156 0.471731
vt 0.050447 0.116663
vt 0.050447 0.116663
vt 0.050447 0.116663
vt 0.050447 0.116663
vt 0.203178 0.485388
vt 0.203178 0.485388
vt 0.158156 0.028269
vt 0.203178 0.014612
vt 0.203178 0.014612
vt 0.028269 0.341844
vt 0.158156 0.028269
vt 0.158156 0.028269
vt 0.203178 0.014612
vt 0.485388 0.296822
vt 0.485388 0.296822
vt 0.485388 0.296822
vt 0.485388 0.296822
vt 0.203178 0.014612
vt 0.080294 0.080294
vt 0.080294 0.080294
vt 0.080294 0.080294
vt 0.203178 0.014612
vt 0.203178 0.014612
vt 0.419706 0.080294
vt 0.080294 0.080294
vt 0.471731 0.341844
vt 0.471731 0.341844
vt 0.471731 0.341844
vt 0.203178 0.014612
vt 0.383337 0.050447
vt 0.419706 0.080294
vt 0.471731 0.341844
vt 0.158156 0.028269
vt 0.203178 0.014612
vt 0.471731 0.341844
vt 0.471731 0.341844
vt 0.383337 0.050447
vt 0.116663 0.050447
vt 0.116663 0.050447
vt 0.383337 0.050447
vt 0.116663 0.050447
vt 0.116663 0.050447
vt 0.203178 0.014612
vt 0.116663 0.050447
vt 0.116663 0.050447
vt 0.116663 0.050447
vt 0.116663 0.050447
vt 0.116663 0.050447
vt 0.116663 0.050447
vt 0.116663 0.050447
vt 0.419706 0.080294
vt 0.116663 0.050447
vt 0.383337 0.050447
vt 0.449553 0.383337
vt 0.449553 0.383337
vt 0.449553 0.383337
vt 0.449553 0.383337
vt 0.449553 0.383337
vt 0.449553 0.383337
vt 0.449553 0.383337
vt 0.449553 0.383337
vt 0.383337 0.050447
vt 0.158156 0.028269
vt 0.203178 0.014612
vt 0.250000 0.490000
vt 0.250000 0.490000
vt 0.203178 0.485389
vt 0.383337 0.050447
vt 0.250000 0.490000
vt 0.250000 0.490000
vt 0.250000 0.490000
vt 0.250000 0.490000
vt 0.250000 0.490000
vt 0.250000 0.490000
vt 0.250000 0.490000
vt 0.250000 0.490000
vt 0.250000 0.490000
vt 0.419706 0.419706
vt 0.419706 0.419706
vt 0.050447 0.383337
vt 0.050447 0.383337
vt 0.050447 0.383337
vt 0.050447 0.383337
vt 0.383337 0.449553
vt 0.383337 0.449553
vt 0.383337 0.449553
vt 0.383337 0.449553
vt 0.383337 0.449553
vt 0.383337 0.449553
vt 0.383337 0.449553
vt 0.050447 0.383337
vt 0.296822 0.485388
vt 0.341844 0.471731
vt 0.250000 0.010000
vt 0.250000 0.010000
vt 0.250000 0.010000
vt 0.250000 0.010000
vt 0.296822 0.485388
vt 0.296822 0.485388
vt 0.116663 0.449553
vt 0.116663 0.449553
vt 0.116663 0.449553
vt 0.050447 0.383337
vt 0.116663 0.449553
vt 0.116663 0.449553
vt 0.116663 0.449553
vt 0.116663 0.449553
vt 0.116663 0.449553
vt 0.116663 0.449553
vt 0.116663 0.449553
vt 0.116663 0.449553
vt 0.341844 0.471731
vt 0.116663 0.449553
vt 0.341844 0.471731
vt 0.341844 0.471731
vt 0.341844 0.471731
vt 0.341844 0.471731
vt 0.296822 0.014612
vt 0.296822 0.014612
vt 0.296822 0.014612
vt 0.341844 0.028269
vt 0.296822 0.014612
vt 0.296822 0.485388
vt 0.296822 0.014612
vt 0.296822 0.014612
vt 0.296822 0.014612
vt 0.296822 0.014612
vt 0.341844 0.028269
vt 0.080294 0.419706
vt 0.080294 0.419706
vt 0.080294 0.419706
vt 0.080294 0.419706
vt 0.080294 0.419706
vt 0.341844 0.028269
vt 0.080294 0.419706
vt 0.080294 0.419706
vt 0.080294 0.419706
vt 0.080294 0.419706
vt 0.296822 0.485389
vt 0.080294 0.419706
vt 0.080294 0.419706
vt 0.080294 0.419706
vt 0.296822 0.485388
vt 0.296822 0.485389
vt 0.341844 0.028269
vt 0.341844 0.028269
vt 0.341844 0.028269
vt 0.341844 0.028269
vt 0.341844 0.028269
vt 0.028269 0.341844
vt 0.419706 0.080294
vt 0.034865 0.354184
vt 0.034865 0.354184
vt 0.034865 0.145816
vt 0.034865 0.145816
vt 0.419706 0.080294
vt 0.449553 0.116663
vt 0.449553 0.116663
vt 0.419706 0.080294
vt 0.449553 0.116663
vt 0.419706 0.080294
vt 0.014612 0.296822
vt 0.014612 0.296822
vt 0.014612 0.296822
vt 0.116663 0.050447
vt 0.028269 0.341844
vt 0.158156 0.028269
vt 0.250000 0.010000
vt 0.341844 0.028269
vt 0.341844 0.028269
vt 0.296822 0.485388
vt 0.080294 0.419706
vt 0.028269 0.158156
vt 0.116663 0.449553
vt 0.116663 0.449553
vt 0.028269 0.158156
vt 0.383337 0.449553
vt 0.203178 0.485389
vt 0.449553 0.383337
vt 0.050447 0.116663
vt 0.010000 0.250000
vt 0.253236 0.010319
vt 0.375000 0.208753
vt 0.625000 0.208753
vt 0.375000 0.704892
vt 0.625000 0.704892
vt 0.275819 0.704892
vt 0.125000 0.704892
vt 0.214650 0.704892
vt 0.207676 0.707364
vt 0.201070 0.710840
vt 0.196162 0.714805
vt 0.193139 0.719108
vt 0.192119 0.723583
vt 0.193139 0.728058
vt 0.196162 0.732361
vt 0.201070 0.736327
vt 0.207676 0.739803
vt 0.215725 0.742655
vt 0.224908 0.744775
vt 0.234872 0.746080
vt 0.245234 0.746521
vt 0.255597 0.746080
vt 0.265561 0.744775
vt 0.274744 0.742655
vt 0.282793 0.739803
vt 0.289399 0.736327
vt 0.294307 0.732361
vt 0.297330 0.728058
vt 0.298350 0.723583
vt 0.297330 0.719108
vt 0.294307 0.714805
vt 0.289399 0.710840
vt 0.282793 0.707364
vt 0.875000 0.704892
vt 0.625000 0.541247
vt 0.125000 0.541247
vt 0.211533 0.541247
vt 0.215725 0.542752
vt 0.224908 0.544898
vt 0.234872 0.546220
vt 0.245234 0.546666
vt 0.255597 0.546220
vt 0.265561 0.544898
vt 0.274744 0.542752
vt 0.278936 0.541247
vt 0.375000 0.541247
vt 0.274744 0.704506
vt 0.265561 0.702360
vt 0.255597 0.701039
vt 0.245234 0.700592
vt 0.245967 0.647725
vt 0.255834 0.647301
vt 0.266026 0.645949
vt 0.275419 0.643753
vt 0.283652 0.640799
vt 0.290409 0.637199
vt 0.295430 0.633092
vt 0.298522 0.628636
vt 0.299566 0.624001
vt 0.298522 0.619367
vt 0.295430 0.614910
vt 0.290409 0.610803
vt 0.283652 0.607203
vt 0.275419 0.604249
vt 0.266026 0.602054
vt 0.255834 0.600702
vt 0.245234 0.600245
vt 0.234635 0.600702
vt 0.224443 0.602054
vt 0.215050 0.604249
vt 0.206817 0.607203
vt 0.200060 0.610803
vt 0.195039 0.614910
vt 0.191947 0.619367
vt 0.190903 0.624001
vt 0.191947 0.628636
vt 0.195039 0.633092
vt 0.200060 0.637199
vt 0.206817 0.640799
vt 0.215050 0.643753
vt 0.224443 0.645949
vt 0.234635 0.647301
vt 0.245234 0.647757
vt 0.245193 0.700594
vt 0.234872 0.701039
vt 0.224908 0.702360
vt 0.215725 0.704507
vt 0.625000 0.045108
vt 0.375000 0.045108
vt 0.282793 0.539944
vt 0.289399 0.536631
vt 0.294307 0.532851
vt 0.297330 0.528749
vt 0.298350 0.524483
vt 0.297330 0.520217
vt 0.294307 0.516115
vt 0.289399 0.512334
vt 0.282793 0.509021
vt 0.274744 0.506301
vt 0.265561 0.504281
vt 0.255597 0.503036
vt 0.245234 0.502616
vt 0.234872 0.503036
vt 0.224908 0.504281
vt 0.215725 0.506301
vt 0.207676 0.509021
vt 0.201070 0.512334
vt 0.196162 0.516115
vt 0.193139 0.520217
vt 0.192119 0.524483
vt 0.193139 0.528749
vt 0.196162 0.532851
vt 0.201070 0.536631
vt 0.207676 0.539944
vt 0.875000 0.541247
vt 0.657018 0.573666
vt 0.842982 0.573666
vt 0.657018 0.672474
vt 0.842982 0.672474
vt 0.842982 0.605484
vt 0.842982 0.642674
vt 0.845674 0.640471
vt 0.851249 0.632436
vt 0.853132 0.624079
vt 0.851249 0.615722
vt 0.845674 0.607687
vt 0.842982 0.642674
vt 0.842982 0.605484
vt 0.836621 0.600281
vt 0.824438 0.593790
vt 0.809592 0.588463
vt 0.792655 0.584504
vt 0.774277 0.582067
vt 0.755164 0.581244
vt 0.736052 0.582067
vt 0.717674 0.584504
vt 0.700736 0.588463
vt 0.685891 0.593790
vt 0.673707 0.600281
vt 0.664654 0.607687
vt 0.659079 0.615722
vt 0.657197 0.624079
vt 0.659079 0.632436
vt 0.664654 0.640471
vt 0.673707 0.647877
vt 0.685891 0.654368
vt 0.700736 0.659695
vt 0.717674 0.663654
vt 0.736052 0.666091
vt 0.755164 0.666914
vt 0.774277 0.666091
vt 0.792655 0.663654
vt 0.809592 0.659695
vt 0.824438 0.654368
vt 0.836621 0.647877
s 0
f 3/1/1 30/2/1 34/3/1 8/4/1
f 8/4/2 34/3/2 36/5/2 22/6/2
f 22/6/3 36/5/3 41/7/3 17/8/3
f 17/8/4 41/7/4 30/9/4 3/10/4
f 8/11/5 22/6/5 17/8/5 3/12/5
f 19/13/3 26/14/3 54/14/3 51/13/3
f 5/15/6 12/16/6 34/17/6 30/18/6
f 12/16/6 26/14/6 36/5/6 34/17/6
f 26/14/6 19/13/6 41/7/6 36/5/6
f 19/13/6 5/15/6 30/18/6 41/7/6
f 4036/19/6 4035/20/6 49/16/6 44/15/6 4096/21/6 4097/22/6 4028/23/6 4021/24/6 4022/25/6 4025/26/6 4026/27/6 4033/28/6 4030/29/6 4056/30/6 4049/31/6 4047/32/6 4062/33/6 4061/34/6 4058/35/6 4048/36/6 4050/37/6 4044/38/6 4053/39/6 4039/40/6 4041/41/6 4037/42/6 4038/43/6 4042/44/6 4040/45/6 4054/46/6 4051/47/6 4046/48/6 4059/49/6 4064/50/6 4063/51/6 4045/52/6 4052/53/6 4043/54/6 4031/55/6 4034/56/6 4027/57/6 4024/58/6 4023/59/6 4029/60/6
f 4066/61/6 4063/51/6 4064/50/6 4065/62/6 4067/63/6 4070/64/6 4093/65/6 4076/66/6 4081/67/6 4077/68/6 4079/69/6 4078/70/6 4080/71/6 4075/72/6 4073/73/6 4068/74/6 4069/75/6 4060/76/6 4061/34/6 4062/33/6 4104/77/6 4116/78/6 4105/79/6 4108/80/6 4115/81/6 4109/82/6 4111/83/6 4110/84/6 4113/85/6 4112/86/6 4106/87/6 4107/88/6 4114/89/6 4102/90/6 4103/91/6 4101/92/6 4100/93/6 4099/94/6 4098/95/6 4096/21/6 44/15/6 51/13/6 54/14/6 49/16/6 4035/20/6 4032/96/6 4057/97/6 4055/98/6 4095/99/6 4074/100/6 4072/101/6 4094/102/6 4092/103/6 4086/104/6 4084/105/6 4091/106/6 4088/107/6 4087/108/6 4090/109/6 4089/110/6 4085/111/6 4083/112/6 4082/113/6 4071/114/6
f 12/16/1 5/15/1 44/15/1 49/16/1
f 5/15/4 19/13/4 51/13/4 44/15/4
f 26/14/2 12/16/2 49/16/2 54/14/2
f 10/115/7 2/116/7 4117/117/7 4118/118/7
f 16/119/8 10/115/8 4118/118/8 4119/120/8
f 25/121/9 16/119/9 4119/120/9 4120/122/9
f 32/17/10 25/121/10 4120/122/10 4121/123/10 4122/124/10
f 4123/125/11 39/126/11 32/17/11 4122/124/11
f 4124/127/12 45/128/12 39/126/12 4123/125/12
f 4125/129/13 52/130/13 45/128/13 4124/127/13
f 4126/131/14 58/132/14 52/130/14 4125/129/14
f 4127/133/15 61/134/15 58/132/15 4126/131/15
f 4128/135/16 63/136/16 61/134/16 4127/133/16
f 4129/137/17 64/138/17 63/136/17 4128/135/17
f 4130/139/18 65/5/18 64/138/18 4129/137/18
f 4131/140/19 66/141/19 65/5/19 4130/139/19
f 4132/142/20 67/143/20 66/141/20 4131/140/20
f 4133/144/21 68/145/21 67/143/21 4132/142/21
f 4134/146/22 69/147/22 68/145/22 4133/144/22
f 4135/148/23 70/149/23 69/147/23 4134/146/23
f 4136/150/24 71/151/24 70/149/24 4135/148/24
f 4137/152/25 72/153/25 71/151/25 4136/150/25
f 4138/154/26 73/6/26 72/153/26 4137/152/26
f 74/155/27 73/6/27 4138/154/27 4139/156/27
f 75/157/28 74/155/28 4139/156/28 4140/158/28
f 76/159/29 75/157/29 4140/158/29 4141/160/29
f 77/161/30 76/159/30 4141/160/30 4142/162/30
f 78/163/31 77/161/31 4142/162/31 4143/164/31
f 79/165/32 78/163/32 4143/164/32 4144/166/32
f 80/167/33 79/165/33 4144/166/33 4145/168/33
f 81/11/34 80/167/34 4145/168/34 4146/169/34
f 82/170/35 81/11/35 4146/169/35 4147/171/35 4148/172/35
f 83/173/36 82/170/36 4148/172/36 4149/174/36
f 84/175/37 83/173/37 4149/174/37 4150/176/37
f 2/177/38 84/175/38 4150/176/38 4151/178/38 4117/179/38
f 75/157/6 76/159/6 108/159/6 107/157/6
f 110/163/32 111/165/32 143/165/32 142/163/32
f 2/116/6 10/115/6 86/115/6 85/116/6
f 84/175/6 2/177/6 85/177/6 116/175/6
f 61/134/6 63/136/6 95/136/6 94/134/6
f 71/151/6 72/153/6 104/153/6 103/151/6
f 80/167/6 81/11/6 113/11/6 112/167/6
f 39/126/6 45/128/6 91/128/6 90/126/6
f 67/143/6 68/145/6 100/145/6 99/143/6
f 76/159/6 77/161/6 109/161/6 108/159/6
f 10/115/6 16/119/6 87/119/6 86/115/6
f 63/136/6 64/138/6 96/138/6 95/136/6
f 72/153/6 73/6/6 105/6/6 104/153/6
f 81/11/6 82/170/6 114/170/6 113/11/6
f 45/128/6 52/130/6 92/130/6 91/128/6
f 68/145/6 69/147/6 101/147/6 100/145/6
f 77/161/6 78/163/6 110/163/6 109/161/6
f 16/119/6 25/121/6 88/121/6 87/119/6
f 64/138/6 65/5/6 97/5/6 96/138/6
f 73/6/6 74/155/6 106/155/6 105/6/6
f 82/170/6 83/173/6 115/173/6 114/170/6
f 52/130/6 58/132/6 93/132/6 92/130/6
f 69/147/6 70/149/6 102/149/6 101/147/6
f 78/163/6 79/165/6 111/165/6 110/163/6
f 25/121/6 32/17/6 89/17/6 88/121/6
f 65/5/6 66/141/6 98/141/6 97/5/6
f 74/155/6 75/157/6 107/157/6 106/155/6
f 83/173/6 84/175/6 116/175/6 115/173/6
f 58/132/6 61/134/6 94/134/6 93/132/6
f 70/149/6 71/151/6 103/151/6 102/149/6
f 79/165/6 80/167/6 112/167/6 111/165/6
f 32/17/6 39/126/6 90/126/6 89/17/6
f 66/141/6 67/143/6 99/143/6 98/141/6
f 118/115/6 119/119/6 151/119/6 150/115/6
f 97/5/19 98/141/19 130/141/19 129/5/19
f 111/165/33 112/167/33 144/167/33 143/165/33
f 98/141/20 99/143/20 131/143/20 130/141/20
f 85/116/7 86/115/7 118/115/7 117/116/7
f 112/167/34 113/11/34 145/11/34 144/167/34
f 99/143/21 100/145/21 132/145/21 131/143/21
f 86/115/8 87/119/8 119/119/8 118/115/8
f 113/11/35 114/170/35 146/170/35 145/11/35
f 100/145/22 101/147/22 133/147/22 132/145/22
f 87/119/9 88/121/9 120/121/9 119/119/9
f 114/170/36 115/173/36 147/173/36 146/170/36
f 101/147/23 102/149/23 134/149/23 133/147/23
f 88/121/10 89/17/10 121/17/10 120/121/10
f 115/173/37 116/175/37 148/175/37 147/173/37
f 102/149/24 103/151/24 135/151/24 134/149/24
f 89/17/11 90/126/11 122/126/11 121/17/11
f 116/175/38 85/177/38 117/177/38 148/175/38
f 103/151/25 104/153/25 136/153/25 135/151/25
f 90/126/12 91/128/12 123/128/12 122/126/12
f 104/153/26 105/6/26 137/6/26 136/153/26
f 91/128/13 92/130/13 124/130/13 123/128/13
f 105/6/27 106/155/27 138/155/27 137/6/27
f 92/130/14 93/132/14 125/132/14 124/130/14
f 106/155/28 107/157/28 139/157/28 138/155/28
f 93/132/15 94/134/15 126/134/15 125/132/15
f 107/157/29 108/159/29 140/159/29 139/157/29
f 94/134/16 95/136/16 127/136/16 126/134/16
f 108/159/30 109/161/30 141/161/30 140/159/30
f 95/136/17 96/138/17 128/138/17 127/136/17
f 109/161/31 110/163/31 142/163/31 141/161/31
f 96/138/18 97/5/18 129/5/18 128/138/18
f 4108/17/11 153/17/11 154/126/11 4115/180/11
f 145/11/6 146/170/6 178/170/6 177/11/6
f 132/145/6 133/147/6 165/147/6 164/145/6
f 119/119/6 120/121/6 152/121/6 151/119/6
f 146/170/6 147/173/6 179/173/6 178/170/6
f 133/147/6 134/149/6 166/149/6 165/147/6
f 120/121/6 121/17/6 153/17/6 152/121/6
f 147/173/6 148/175/6 180/175/6 179/173/6
f 134/149/6 135/151/6 167/151/6 166/149/6
f 121/17/6 122/126/6 154/126/6 153/17/6
f 148/175/6 117/177/6 149/177/6 180/175/6
f 135/151/6 136/153/6 168/153/6 167/151/6
f 122/126/6 123/128/6 155/128/6 154/126/6
f 136/153/6 137/6/6 169/6/6 168/153/6
f 123/128/6 124/130/6 156/130/6 155/128/6
f 137/6/6 138/155/6 170/155/6 169/6/6
f 124/130/6 125/132/6 157/132/6 156/130/6
f 138/155/6 139/157/6 171/157/6 170/155/6
f 125/132/6 126/134/6 158/134/6 157/132/6
f 139/157/6 140/159/6 172/159/6 171/157/6
f 126/134/6 127/136/6 159/136/6 158/134/6
f 140/159/6 141/161/6 173/161/6 172/159/6
f 127/136/6 128/138/6 160/138/6 159/136/6
f 141/161/6 142/163/6 174/163/6 173/161/6
f 128/138/6 129/5/6 161/5/6 160/138/6
f 142/163/6 143/165/6 175/165/6 174/163/6
f 129/5/6 130/141/6 162/141/6 161/5/6
f 143/165/6 144/167/6 176/167/6 175/165/6
f 130/141/6 131/143/6 163/143/6 162/141/6
f 117/116/6 118/115/6 150/115/6 149/116/6
f 144/167/6 145/11/6 177/11/6 176/167/6
f 131/143/6 132/145/6 164/145/6 163/143/6
f 180/175/38 149/177/38 4062/177/38 4047/175/38
f 4099/151/25 167/151/25 168/153/25 4098/153/25
f 4115/180/12 154/126/12 155/128/12 4109/128/12
f 4098/153/26 168/153/26 169/6/26 4096/6/26
f 4109/128/13 155/128/13 156/130/13 4111/130/13
f 4096/6/27 169/6/27 170/155/27 4097/155/27
f 4111/130/14 156/130/14 157/132/14 4110/132/14
f 170/155/28 171/157/28 4028/157/28 4097/155/28
f 4110/132/15 157/132/15 158/134/15 4113/181/15
f 4028/157/29 171/157/29 172/159/29 4021/159/29
f 4113/181/16 158/134/16 159/136/16 4112/136/16
f 4021/159/30 172/159/30 173/161/30 4022/161/30
f 4112/136/17 159/136/17 160/138/17 4106/138/17
f 4022/161/31 173/161/31 174/163/31 4025/163/31
f 4106/138/18 160/138/18 161/5/18 4107/5/18
f 4025/163/32 174/163/32 175/165/32 4026/165/32
f 4107/5/19 161/5/19 162/141/19 4114/182/19
f 4026/165/33 175/165/33 176/167/33 4033/167/33
f 4114/182/20 162/141/20 163/143/20 4102/143/20
f 149/116/7 150/115/7 4104/183/7 4062/116/7
f 4033/167/34 176/167/34 177/11/34 4030/11/34
f 4102/143/21 163/143/21 164/145/21 4103/145/21
f 4104/183/8 150/115/8 151/119/8 4116/119/8
f 177/11/35 178/170/35 4056/170/35 4030/11/35
f 4103/145/22 164/145/22 165/147/22 4101/147/22
f 4116/119/9 151/119/9 152/121/9 4105/121/9
f 4056/170/36 178/170/36 179/173/36 4049/173/36
f 4101/147/23 165/147/23 166/149/23 4100/149/23
f 152/121/10 153/17/10 4108/17/10 4105/121/10
f 4049/173/37 179/173/37 180/175/37 4047/175/37
f 4100/149/24 166/149/24 167/151/24 4099/151/24
f 182/115/7 181/116/7 4152/117/7 4153/118/7
f 183/119/8 182/115/8 4153/118/8 4154/120/8
f 184/121/9 183/119/9 4154/120/9 4155/122/9
f 185/17/10 184/121/10 4155/122/10 4156/124/10
f 4157/125/11 186/126/11 185/17/11 4156/124/11
f 4158/127/12 187/128/12 186/126/12 4157/125/12
f 4159/129/13 188/130/13 187/128/13 4158/127/13
f 4160/131/14 189/132/14 188/130/14 4159/129/14
f 4161/133/15 190/134/15 189/132/15 4160/131/15
f 4162/135/16 191/136/16 190/134/16 4161/133/16
f 4163/137/17 192/138/17 191/136/17 4162/135/17
f 4164/139/18 193/5/18 192/138/18 4163/137/18
f 4166/140/19 194/141/19 193/5/19 4164/139/19 4165/184/19
f 4167/142/20 195/143/20 194/141/20 4166/140/20
f 4168/144/21 196/145/21 195/143/21 4167/142/21
f 4169/146/22 197/147/22 196/145/22 4168/144/22
f 4170/148/23 198/149/23 197/147/23 4169/146/23
f 4171/150/24 199/151/24 198/149/24 4170/148/24
f 4172/152/25 200/153/25 199/151/25 4171/150/25
f 4174/154/26 201/6/26 200/153/26 4172/152/26 4173/185/26
f 202/155/27 201/6/27 4174/154/27 4175/156/27
f 203/157/28 202/155/28 4175/156/28 4176/158/28
f 204/159/29 203/157/29 4176/158/29 4177/160/29
f 205/161/30 204/159/30 4177/160/30 4178/162/30
f 206/163/31 205/161/31 4178/162/31 4179/164/31
f 207/165/32 206/163/32 4179/164/32 4180/166/32
f 208/167/33 207/165/33 4180/166/33 4181/168/33
f 209/11/34 208/167/34 4181/168/34 4182/169/34
f 210/170/35 209/11/35 4182/169/35 4183/172/35
f 211/173/36 210/170/36 4183/172/36 4184/174/36
f 212/175/37 211/173/37 4184/174/37 4185/176/37
f 181/177/38 212/175/38 4185/176/38 4152/179/38
f 203/157/6 204/159/6 236/159/6 235/157/6
f 238/163/32 239/165/32 271/165/32 270/163/32
f 181/116/6 182/115/6 214/115/6 213/116/6
f 212/175/6 181/177/6 213/177/6 244/175/6
f 190/134/6 191/136/6 223/136/6 222/134/6
f 199/151/6 200/153/6 232/153/6 231/151/6
f 208/167/6 209/11/6 241/11/6 240/167/6
f 186/126/6 187/128/6 219/128/6 218/126/6
f 195/143/6 196/145/6 228/145/6 227/143/6
f 204/159/6 205/161/6 237/161/6 236/159/6
f 182/115/6 183/119/6 215/119/6 214/115/6
f 191/136/6 192/138/6 224/138/6 223/136/6
f 200/153/6 201/6/6 233/6/6 232/153/6
f 209/11/6 210/170/6 242/170/6 241/11/6
f 187/128/6 188/130/6 220/130/6 219/128/6
f 196/145/6 197/147/6 229/147/6 228/145/6
f 205/161/6 206/163/6 238/163/6 237/161/6
f 183/119/6 184/121/6 216/121/6 215/119/6
f 192/138/6 193/5/6 225/5/6 224/138/6
f 201/6/6 202/155/6 234/155/6 233/6/6
f 210/170/6 211/173/6 243/173/6 242/170/6
f 188/130/6 189/132/6 221/132/6 220/130/6
f 197/147/6 198/149/6 230/149/6 229/147/6
f 206/163/6 207/165/6 239/165/6 238/163/6
f 184/121/6 185/17/6 217/17/6 216/121/6
f 193/5/6 194/141/6 226/141/6 225/5/6
f 202/155/6 203/157/6 235/157/6 234/155/6
f 211/173/6 212/175/6 244/175/6 243/173/6
f 189/132/6 190/134/6 222/134/6 221/132/6
f 198/149/6 199/151/6 231/151/6 230/149/6
f 207/165/6 208/167/6 240/167/6 239/165/6
f 185/17/6 186/126/6 218/126/6 217/17/6
f 194/141/6 195/143/6 227/143/6 226/141/6
f 246/115/6 247/119/6 279/119/6 278/115/6
f 225/5/19 226/141/19 258/141/19 257/5/19
f 239/165/33 240/167/33 272/167/33 271/165/33
f 226/141/20 227/143/20 259/143/20 258/141/20
f 213/116/7 214/115/7 246/115/7 245/116/7
f 240/167/34 241/11/34 273/11/34 272/167/34
f 227/143/21 228/145/21 260/145/21 259/143/21
f 214/115/8 215/119/8 247/119/8 246/115/8
f 241/11/35 242/170/35 274/170/35 273/11/35
f 228/145/22 229/147/22 261/147/22 260/145/22
f 215/119/9 216/121/9 248/121/9 247/119/9
f 242/170/36 243/173/36 275/173/36 274/170/36
f 229/147/23 230/149/23 262/149/23 261/147/23
f 216/121/10 217/17/10 249/17/10 248/121/10
f 243/173/37 244/175/37 276/175/37 275/173/37
f 230/149/24 231/151/24 263/151/24 262/149/24
f 217/17/11 218/126/11 250/126/11 249/17/11
f 244/175/38 213/177/38 245/177/38 276/175/38
f 231/151/25 232/153/25 264/153/25 263/151/25
f 218/126/12 219/128/12 251/128/12 250/126/12
f 232/153/26 233/6/26 265/6/26 264/153/26
f 219/128/13 220/130/13 252/130/13 251/128/13
f 233/6/27 234/155/27 266/155/27 265/6/27
f 220/130/14 221/132/14 253/132/14 252/130/14
f 234/155/28 235/157/28 267/157/28 266/155/28
f 221/132/15 222/134/15 254/134/15 253/132/15
f 235/157/29 236/159/29 268/159/29 267/157/29
f 222/134/16 223/136/16 255/136/16 254/134/16
f 236/159/30 237/161/30 269/161/30 268/159/30
f 223/136/17 224/138/17 256/138/17 255/136/17
f 237/161/31 238/163/31 270/163/31 269/161/31
f 224/138/18 225/5/18 257/5/18 256/138/18
f 4086/17/11 281/17/11 282/126/11 4084/180/11
f 273/11/6 274/170/6 306/170/6 305/11/6
f 260/145/6 261/147/6 293/147/6 292/145/6
f 247/119/6 248/121/6 280/121/6 279/119/6
f 274/170/6 275/173/6 307/173/6 306/170/6
f 261/147/6 262/149/6 294/149/6 293/147/6
f 248/121/6 249/17/6 281/17/6 280/121/6
f 275/173/6 276/175/6 308/175/6 307/173/6
f 262/149/6 263/151/6 295/151/6 294/149/6
f 249/17/6 250/126/6 282/126/6 281/17/6
f 276/175/6 245/177/6 277/177/6 308/175/6
f 263/151/6 264/153/6 296/153/6 295/151/6
f 250/126/6 251/128/6 283/128/6 282/126/6
f 264/153/6 265/6/6 297/6/6 296/153/6
f 251/128/6 252/130/6 284/130/6 283/128/6
f 265/6/6 266/155/6 298/155/6 297/6/6
f 252/130/6 253/132/6 285/132/6 284/130/6
f 266/155/6 267/157/6 299/157/6 298/155/6
f 253/132/6 254/134/6 286/134/6 285/132/6
f 267/157/6 268/159/6 300/159/6 299/157/6
f 254/134/6 255/136/6 287/136/6 286/134/6
f 268/159/6 269/161/6 301/161/6 300/159/6
f 255/136/6 256/138/6 288/138/6 287/136/6
f 269/161/6 270/163/6 302/163/6 301/161/6
f 256/138/6 257/5/6 289/5/6 288/138/6
f 270/163/6 271/165/6 303/165/6 302/163/6
f 257/5/6 258/141/6 290/141/6 289/5/6
f 271/165/6 272/167/6 304/167/6 303/165/6
f 258/141/6 259/143/6 291/143/6 290/141/6
f 245/116/6 246/115/6 278/115/6 277/116/6
f 272/167/6 273/11/6 305/11/6 304/167/6
f 259/143/6 260/145/6 292/145/6 291/143/6
f 308/175/38 277/177/38 4074/177/38 4095/175/38
f 4052/151/25 295/151/25 296/153/25 4043/153/25
f 4084/180/12 282/126/12 283/128/12 4091/128/12
f 4043/153/26 296/153/26 297/6/26 4031/6/26
f 4091/128/13 283/128/13 284/130/13 4088/130/13
f 4031/6/27 297/6/27 298/155/27 4034/155/27
f 4088/130/14 284/130/14 285/132/14 4087/132/14
f 4034/155/28 298/155/28 299/157/28 4027/157/28
f 4087/132/15 285/132/15 286/134/15 4090/181/15
f 4027/157/29 299/157/29 300/159/29 4024/159/29
f 4090/181/16 286/134/16 287/136/16 4089/136/16
f 4024/159/30 300/159/30 301/161/30 4023/161/30
f 4089/136/17 287/136/17 288/138/17 4085/138/17
f 4023/161/31 301/161/31 302/163/31 4029/163/31
f 4085/138/18 288/138/18 289/5/18 4083/5/18
f 4029/163/32 302/163/32 303/165/32 4036/165/32
f 4083/5/19 289/5/19 290/141/19 4082/182/19
f 4036/165/33 303/165/33 304/167/33 4035/167/33
f 4082/182/20 290/141/20 291/143/20 4071/143/20
f 4074/116/7 277/116/7 278/115/7 4072/183/7
f 4035/167/34 304/167/34 305/11/34 4032/11/34
f 4071/143/21 291/143/21 292/145/21 4066/145/21
f 4072/183/8 278/115/8 279/119/8 4094/119/8
f 305/11/35 306/170/35 4057/170/35 4032/11/35
f 4066/145/22 292/145/22 293/147/22 4063/147/22
f 4094/119/9 279/119/9 280/121/9 4092/121/9
f 4057/170/36 306/170/36 307/173/36 4055/173/36
f 4063/147/23 293/147/23 294/149/23 4045/149/23
f 280/121/10 281/17/10 4086/17/10 4092/121/10
f 4055/173/37 307/173/37 308/175/37 4095/175/37
f 4045/149/24 294/149/24 295/151/24 4052/151/24
f 316/186/6 348/186/6 347/187/6 315/187/6
f 415/188/18 321/189/18 320/190/18 414/191/18
f 499/192/32 335/193/32 334/194/32 498/195/32
f 541/196/19 322/197/19 321/189/19 415/188/19
f 583/198/33 336/199/33 335/193/33 499/192/33
f 625/200/20 323/200/20 322/197/20 541/196/20
f 709/201/7 310/202/7 309/203/7 708/204/7
f 751/205/34 337/205/34 336/199/34 583/198/34
f 793/206/21 324/206/21 323/200/21 625/200/21
f 835/207/8 311/207/8 310/202/8 709/201/8
f 877/208/35 338/208/35 337/205/35 751/205/35
f 919/209/22 325/209/22 324/206/22 793/206/22
f 961/210/9 312/211/9 311/207/9 835/207/9
f 1003/212/36 339/213/36 338/208/36 877/208/36
f 1045/214/23 326/214/23 325/209/23 919/209/23
f 1087/215/10 313/215/10 312/211/10 961/210/10
f 1129/216/37 340/217/37 339/213/37 1003/212/37
f 1171/218/24 327/219/24 326/214/24 1045/214/24
f 1213/220/11 314/221/11 313/215/11 1087/215/11
f 708/204/38 309/203/38 340/217/38 1129/216/38
f 1255/222/25 328/222/25 327/219/25 1171/218/25
f 1297/187/12 315/187/12 314/221/12 1213/220/12
f 1339/223/26 329/223/26 328/222/26 1255/222/26
f 1381/186/13 316/186/13 315/187/13 1297/187/13
f 1423/224/27 330/224/27 329/223/27 1339/223/27
f 1465/225/14 317/226/14 316/186/14 1381/186/14
f 1507/227/28 331/228/28 330/224/28 1423/224/28
f 1549/229/15 318/229/15 317/226/15 1465/225/15
f 1591/230/29 332/230/29 331/228/29 1507/227/29
f 1633/231/16 319/232/16 318/229/16 1549/229/16
f 1675/233/30 333/234/30 332/230/30 1591/230/30
f 414/191/17 320/190/17 319/232/17 1633/231/17
f 498/195/31 334/194/31 333/234/31 1675/233/31
f 4078/229/16 350/229/16 351/232/16 4080/235/16
f 330/224/6 362/224/6 361/223/6 329/223/6
f 317/226/6 349/226/6 348/186/6 316/186/6
f 331/228/6 363/228/6 362/224/6 330/224/6
f 318/229/6 350/229/6 349/226/6 317/226/6
f 332/230/6 364/230/6 363/228/6 331/228/6
f 319/232/6 351/232/6 350/229/6 318/229/6
f 333/234/6 365/234/6 364/230/6 332/230/6
f 320/190/6 352/190/6 351/232/6 319/232/6
f 334/194/6 366/194/6 365/234/6 333/234/6
f 321/189/6 353/189/6 352/190/6 320/190/6
f 335/193/6 367/193/6 366/194/6 334/194/6
f 322/197/6 354/197/6 353/189/6 321/189/6
f 336/199/6 368/199/6 367/193/6 335/193/6
f 323/200/6 355/200/6 354/197/6 322/197/6
f 310/202/6 342/202/6 341/203/6 309/203/6
f 337/205/6 369/205/6 368/199/6 336/199/6
f 324/206/6 356/206/6 355/200/6 323/200/6
f 311/207/6 343/207/6 342/202/6 310/202/6
f 338/208/6 370/208/6 369/205/6 337/205/6
f 325/209/6 357/209/6 356/206/6 324/206/6
f 312/211/6 344/211/6 343/207/6 311/207/6
f 339/213/6 371/213/6 370/208/6 338/208/6
f 326/214/6 358/214/6 357/209/6 325/209/6
f 313/215/6 345/215/6 344/211/6 312/211/6
f 340/217/6 372/217/6 371/213/6 339/213/6
f 327/219/6 359/219/6 358/214/6 326/214/6
f 314/221/6 346/221/6 345/215/6 313/215/6
f 309/203/6 341/203/6 372/217/6 340/217/6
f 328/222/6 360/222/6 359/219/6 327/219/6
f 315/187/6 347/187/6 346/221/6 314/221/6
f 329/223/6 361/223/6 360/222/6 328/222/6
f 4041/230/30 364/230/30 365/234/30 4037/234/30
f 4080/235/17 351/232/17 352/190/17 4075/190/17
f 4037/234/31 365/234/31 366/194/31 4038/194/31
f 4075/190/18 352/190/18 353/189/18 4073/189/18
f 4038/194/32 366/194/32 367/193/32 4042/236/32
f 4073/189/19 353/189/19 354/197/19 4068/197/19
f 4042/236/33 367/193/33 368/199/33 4040/199/33
f 4068/197/20 354/197/20 355/200/20 4069/237/20
f 4064/203/7 341/203/7 342/202/7 4065/202/7
f 4040/199/34 368/199/34 369/205/34 4054/205/34
f 4069/237/21 355/200/21 356/206/21 4060/206/21
f 4065/202/8 342/202/8 343/207/8 4067/238/8
f 4054/205/35 369/205/35 370/208/35 4051/208/35
f 4060/206/22 356/206/22 357/209/22 4061/209/22
f 4067/238/9 343/207/9 344/211/9 4070/211/9
f 4051/208/36 370/208/36 371/213/36 4046/213/36
f 4061/209/23 357/209/23 358/214/23 4058/239/23
f 4070/211/10 344/211/10 345/215/10 4093/240/10
f 371/213/37 372/217/37 4059/217/37 4046/213/37
f 4058/239/24 358/214/24 359/219/24 4048/241/24
f 4093/240/11 345/215/11 346/221/11 4076/221/11
f 4059/217/38 372/217/38 341/203/38 4064/203/38
f 4048/241/25 359/219/25 360/222/25 4050/222/25
f 4076/221/12 346/221/12 347/187/12 4081/187/12
f 4050/222/26 360/222/26 361/223/26 4044/223/26
f 4081/187/13 347/187/13 348/186/13 4077/242/13
f 4044/223/27 361/223/27 362/224/27 4053/243/27
f 4077/242/14 348/186/14 349/226/14 4079/226/14
f 4053/243/28 362/224/28 363/228/28 4039/228/28
f 4079/226/15 349/226/15 350/229/15 4078/229/15
f 4039/228/29 363/228/29 364/230/29 4041/230/29
f 3657/244/31 457/194/31 1716/234/31 3625/234/31
f 440/245/6 1784/245/6 1733/246/6 389/246/6
f 458/247/31 459/248/31 1714/249/31 1715/234/31
f 1409/250/5 2753/250/5 2837/226/5 1493/226/5
f 460/247/31 461/247/31 1712/251/31 1713/251/31
f 999/211/5 2343/211/5 2469/215/5 1125/215/5
f 462/247/31 463/252/31 1710/253/31 1711/251/31
f 388/246/5 1732/246/5 1785/245/5 441/245/5
f 464/254/31 465/247/31 1708/251/31 1709/251/31
f 1494/225/6 2838/225/6 2754/250/6 1410/250/6
f 466/247/31 467/244/31 1706/255/31 1707/256/31
f 1126/215/6 2470/215/6 2344/211/6 1000/211/6
f 468/257/31 469/195/31 1704/258/31 1705/258/31
f 442/259/6 1786/259/6 1731/260/6 387/260/6
f 470/261/31 471/262/31 1702/255/31 1703/258/31
f 1411/250/5 2755/250/5 2839/225/5 1495/225/5
f 472/262/31 473/247/31 1700/258/31 1701/258/31
f 1001/263/5 2345/263/5 2471/240/5 1127/240/5
f 474/264/31 475/265/31 1698/258/31 1699/255/31
f 386/246/5 1730/246/5 1787/245/5 443/245/5
f 476/247/31 477/247/31 1696/255/31 1697/255/31
f 1496/225/6 2840/225/6 2756/266/6 1412/266/6
f 478/267/31 479/247/31 1694/251/31 1695/268/31
f 1128/215/6 2472/215/6 2346/211/6 1002/211/6
f 480/267/31 481/247/31 1692/249/31 1693/269/31
f 444/245/6 1788/245/6 1729/246/6 385/246/6
f 482/247/31 483/248/31 1690/249/31 1691/251/31
f 1413/270/5 2757/270/5 2841/271/5 1497/271/5
f 484/247/31 485/248/31 1688/249/31 1689/251/31
f 1003/212/5 2347/212/5 2473/216/5 1129/216/5
f 486/247/31 487/248/31 1686/249/31 1687/251/31
f 384/272/5 1728/272/5 1789/259/5 445/259/5
f 488/194/31 489/194/31 1684/234/31 1685/251/31
f 1498/271/6 2842/271/6 2758/273/6 1414/273/6
f 490/247/31 491/248/31 1682/251/31 1683/251/31
f 1130/217/6 2474/217/6 2348/274/6 1004/274/6
f 492/248/31 493/275/31 1680/249/31 1681/249/31
f 446/259/6 1790/259/6 1727/246/6 383/246/6
f 494/247/31 495/247/31 1678/251/31 1679/249/31
f 1415/273/5 2759/273/5 2843/271/5 1499/271/5
f 496/195/31 497/247/31 1676/253/31 1677/233/31
f 1005/274/5 2349/274/5 2475/216/5 1131/216/5
f 3646/190/17 373/190/17 1674/276/17 3614/276/17
f 382/277/5 1726/277/5 1791/259/5 447/259/5
f 374/278/17 375/279/17 1672/280/17 1673/235/17
f 1500/271/6 2844/271/6 2760/266/6 1416/266/6
f 376/246/17 377/281/17 1670/232/17 1671/282/17
f 1132/283/6 2476/283/6 2350/284/6 1006/284/6
f 378/285/17 379/272/17 1668/235/17 1669/276/17
f 448/286/6 1792/286/6 1725/246/6 381/246/6
f 380/287/17 381/246/17 1666/288/17 1667/288/17
f 1417/266/5 2761/266/5 2845/271/5 1501/271/5
f 382/277/17 383/246/17 1664/288/17 1665/231/17
f 1007/284/5 2351/284/5 2477/283/5 1133/283/5
f 384/272/17 385/246/17 1662/232/17 1663/289/17
f 380/287/5 1724/287/5 1793/290/5 449/290/5
f 386/246/17 387/260/17 1660/276/17 1661/288/17
f 1502/271/6 2846/271/6 2762/266/6 1418/266/6
f 388/246/17 389/246/17 1658/289/17 1659/291/17
f 1134/292/6 2478/292/6 2352/284/6 1008/284/6
f 390/293/17 391/294/17 1656/291/17 1657/288/17
f 450/295/6 1794/295/6 1723/272/6 379/272/6
f 392/246/17 393/246/17 1654/288/17 1655/288/17
f 1419/250/5 2763/250/5 2847/271/5 1503/271/5
f 394/296/17 395/297/17 1652/298/17 1653/298/17
f 1009/284/5 2353/284/5 2479/283/5 1135/283/5
f 396/296/17 397/299/17 1650/289/17 1651/298/17
f 378/285/5 1722/285/5 1795/189/5 451/189/5
f 398/299/17 399/297/17 1648/289/17 1649/276/17
f 1504/271/6 2848/271/6 2764/250/6 1420/250/6
f 400/299/17 401/297/17 1646/300/17 1647/276/17
f 1136/283/6 2480/283/6 2354/284/6 1010/284/6
f 402/301/17 403/297/17 1644/231/17 1645/276/17
f 452/189/6 1796/189/6 1721/281/6 377/281/6
f 404/302/17 405/303/17 1642/300/17 1643/276/17
f 1421/266/5 2765/266/5 2849/271/5 1505/271/5
f 406/303/17 407/303/17 1640/288/17 1641/276/17
f 1011/284/5 2355/284/5 2481/304/5 1137/304/5
f 408/305/17 409/306/17 1638/307/17 1639/276/17
f 376/246/5 1720/246/5 1797/189/5 453/189/5
f 410/190/17 411/190/17 1636/288/17 1637/276/17
f 1506/225/6 2850/225/6 2766/250/6 1422/250/6
f 412/191/17 413/308/17 1634/289/17 1635/231/17
f 1138/309/6 2482/309/6 2356/212/6 1012/212/6
f 3625/234/30 1716/234/30 1632/230/30 3603/230/30
f 454/189/6 1798/189/6 1719/279/6 375/279/6
f 1715/234/30 1714/249/30 1630/230/30 1631/310/30
f 1423/224/5 2767/224/5 2851/227/5 1507/227/5
f 1713/251/30 1712/251/30 1628/311/30 1629/311/30
f 1013/284/5 2357/284/5 2483/304/5 1139/304/5
f 1711/251/30 1710/253/30 1626/312/30 1627/313/30
f 374/278/5 1718/278/5 1799/189/5 455/189/5
f 1709/251/30 1708/251/30 1624/312/30 1625/312/30
f 1508/314/6 2852/314/6 2768/224/6 1424/224/6
f 1707/256/30 1706/255/30 1622/230/30 1623/230/30
f 1140/315/6 2484/315/6 2358/284/6 1014/284/6
f 1705/258/30 1704/258/30 1620/312/30 1621/312/30
f 456/316/6 1800/316/6 1717/190/6 373/190/6
f 1703/258/30 1702/255/30 1618/313/30 1619/313/30
f 1425/317/5 2769/317/5 2853/314/5 1509/314/5
f 1701/258/30 1700/258/30 1616/313/30 1617/313/30
f 1015/284/5 2359/284/5 2485/318/5 1141/318/5
f 1699/255/30 1698/258/30 1614/311/30 1615/311/30
f 498/195/5 1842/195/5 1843/192/5 499/192/5
f 1697/255/30 1696/255/30 1612/319/30 1613/319/30
f 1510/320/6 2854/320/6 2770/321/6 1426/321/6
f 1695/268/30 1694/251/30 1610/319/30 1611/319/30
f 1142/322/6 2486/322/6 2360/212/6 1016/212/6
f 1693/269/30 1692/249/30 1608/323/30 1609/323/30
f 500/324/6 1844/324/6 1841/247/6 497/247/6
f 1691/251/30 1690/249/30 1606/325/30 1607/325/30
f 1427/321/5 2771/321/5 2855/320/5 1511/320/5
f 1689/251/30 1688/249/30 1604/326/30 1605/326/30
f 1017/212/5 2361/212/5 2487/304/5 1143/304/5
f 1687/251/30 1686/249/30 1602/327/30 1603/325/30
f 496/195/5 1840/195/5 1845/324/5 501/324/5
f 1685/251/30 1684/234/30 1600/328/30 1601/327/30
f 1512/329/6 2856/329/6 2772/330/6 1428/330/6
f 1683/251/30 1682/251/30 1598/327/30 1599/327/30
f 1144/331/6 2488/331/6 2362/332/6 1018/332/6
f 1681/249/30 1680/249/30 1596/311/30 1597/327/30
f 502/193/6 1846/193/6 1839/247/6 495/247/6
f 1679/249/30 1678/251/30 1594/311/30 1595/311/30
f 1429/330/5 2773/330/5 2857/320/5 1513/320/5
f 1677/233/30 1676/253/30 1592/333/30 1593/312/30
f 1019/332/5 2363/332/5 2489/318/5 1145/318/5
f 3614/276/16 1674/276/16 1590/229/16 3592/229/16
f 494/247/5 1838/247/5 1847/193/5 503/193/5
f 1673/235/16 1672/280/16 1588/229/16 1589/334/16
f 1514/320/6 2858/320/6 2774/330/6 1430/330/6
f 1671/282/16 1670/232/16 1586/335/16 1587/336/16
f 1146/337/6 2490/337/6 2364/332/6 1020/332/6
f 1669/276/16 1668/235/16 1584/338/16 1585/335/16
f 504/339/6 1848/339/6 1837/275/6 493/275/6
f 1667/288/16 1666/288/16 1582/340/16 1583/340/16
f 1431/330/5 2775/330/5 2859/320/5 1515/320/5
f 1665/231/16 1664/288/16 1580/229/16 1581/338/16
f 1021/332/5 2365/332/5 2491/341/5 1147/341/5
f 1663/289/16 1662/232/16 1578/229/16 1579/229/16
f 492/248/5 1836/248/5 1849/193/5 505/193/5
f 1661/288/16 1660/276/16 1576/335/16 1577/336/16
f 1516/329/6 2860/329/6 2776/342/6 1432/342/6
f 1659/291/16 1658/289/16 1574/335/16 1575/335/16
f 1148/341/6 2492/341/6 2366/332/6 1022/332/6
f 1657/288/16 1656/291/16 1572/335/16 1573/335/16
f 506/193/6 1850/193/6 1835/248/6 491/248/6
f 1655/288/16 1654/288/16 1570/343/16 1571/343/16
f 1433/321/5 2777/321/5 2861/320/5 1517/320/5
f 1653/298/16 1652/298/16 1568/344/16 1569/343/16
f 1023/332/5 2367/332/5 2493/345/5 1149/345/5
f 1651/298/16 1650/289/16 1566/343/16 1567/344/16
f 490/247/5 1834/247/5 1851/193/5 507/193/5
f 1649/276/16 1648/289/16 1564/344/16 1565/343/16
f 1518/320/6 2862/320/6 2778/321/6 1434/321/6
f 1647/276/16 1646/300/16 1562/335/16 1563/346/16
f 1150/345/6 2494/345/6 2368/284/6 1024/284/6
f 1645/276/16 1644/231/16 1560/346/16 1561/343/16
f 508/339/6 1852/339/6 1833/194/6 489/194/6
f 1643/276/16 1642/300/16 1558/340/16 1559/346/16
f 1435/347/5 2779/347/5 2863/227/5 1519/227/5
f 1641/276/16 1640/288/16 1556/335/16 1557/335/16
f 1025/284/5 2369/284/5 2495/283/5 1151/283/5
f 1639/276/16 1638/307/16 1554/335/16 1555/335/16
f 488/194/5 1832/194/5 1853/193/5 509/193/5
f 1637/276/16 1636/288/16 1552/335/16 1553/335/16
f 1520/227/6 2864/227/6 2780/348/6 1436/348/6
f 1635/231/16 1634/289/16 1550/334/16 1551/338/16
f 1152/283/6 2496/283/6 2370/212/6 1026/212/6
f 3603/230/29 1632/230/29 1548/228/29 3581/228/29
f 510/193/6 1854/193/6 1831/248/6 487/248/6
f 1631/310/29 1630/230/29 1546/349/29 1547/350/29
f 1437/348/5 2781/348/5 2865/227/5 1521/227/5
f 1629/311/29 1628/311/29 1544/228/29 1545/349/29
f 1027/284/5 2371/284/5 2497/351/5 1153/351/5
f 1627/313/29 1626/312/29 1542/350/29 1543/228/29
f 486/247/5 1830/247/5 1855/193/5 511/193/5
f 1625/312/29 1624/312/29 1540/329/29 1541/350/29
f 1522/228/6 2866/228/6 2782/347/6 1438/347/6
f 1623/230/29 1622/230/29 1538/320/29 1539/329/29
f 1154/292/6 2498/292/6 2372/212/6 1028/212/6
f 1621/312/29 1620/312/29 1536/320/29 1537/320/29
f 512/192/6 1856/192/6 1829/248/6 485/248/6
f 1619/313/29 1618/313/29 1534/227/29 1535/227/29
f 1439/352/5 2783/352/5 2867/228/5 1523/228/5
f 1617/313/29 1616/313/29 1532/320/29 1533/227/29
f 1029/212/5 2373/212/5 2499/283/5 1155/283/5
f 1615/311/29 1614/311/29 1530/320/29 1531/227/29
f 484/247/5 1828/247/5 1857/324/5 513/324/5
f 1613/319/29 1612/319/29 1528/320/29 1529/320/29
f 1524/228/6 2868/228/6 2784/353/6 1440/353/6
f 1611/319/29 1610/319/29 1526/350/29 1527/350/29
f 1156/283/6 2500/283/6 2374/212/6 1030/212/6
f 1609/323/29 1608/323/29 1524/228/29 1525/350/29
f 514/192/6 1858/192/6 1827/248/6 483/248/6
f 1607/325/29 1606/325/29 1522/228/29 1523/228/29
f 1441/321/5 2785/321/5 2869/350/5 1525/350/5
f 1605/326/29 1604/326/29 1520/227/29 1521/227/29
f 1031/284/5 2375/284/5 2501/354/5 1157/354/5
f 1603/325/29 1602/327/29 1518/320/29 1519/227/29
f 482/247/5 1826/247/5 1859/193/5 515/193/5
f 1601/327/29 1600/328/29 1516/329/29 1517/320/29
f 1526/350/6 2870/350/6 2786/321/6 1442/321/6
f 1599/327/29 1598/327/29 1514/320/29 1515/320/29
f 1158/355/6 2502/355/6 2376/212/6 1032/212/6
f 1597/327/29 1596/311/29 1512/329/29 1513/320/29
f 516/192/6 1860/192/6 1825/247/6 481/247/6
f 1595/311/29 1594/311/29 1510/320/29 1511/320/29
f 1443/321/5 2787/321/5 2871/350/5 1527/350/5
f 1593/312/29 1592/333/29 1508/314/29 1509/314/29
f 1033/212/5 2377/212/5 2503/217/5 1159/217/5
f 3592/229/15 1590/229/15 1506/225/15 3570/225/15
f 480/267/5 1824/267/5 1861/324/5 517/324/5
f 1589/334/15 1588/229/15 1504/271/15 1505/271/15
f 1528/320/6 2872/320/6 2788/342/6 1444/342/6
f 1587/336/15 1586/335/15 1502/271/15 1503/271/15
f 1160/217/6 2504/217/6 2378/284/6 1034/284/6
f 1585/335/15 1584/338/15 1500/271/15 1501/271/15
f 518/324/6 1862/324/6 1823/247/6 479/247/6
f 1583/340/15 1582/340/15 1498/271/15 1499/271/15
f 1445/342/5 2789/342/5 2873/320/5 1529/320/5
f 1581/338/15 1580/229/15 1496/225/15 1497/271/15
f 1035/212/5 2379/212/5 2505/356/5 1161/356/5
f 1579/229/15 1578/229/15 1494/225/15 1495/225/15
f 478/267/5 1822/267/5 1863/324/5 519/324/5
f 1577/336/15 1576/335/15 1492/226/15 1493/226/15
f 1530/320/6 2874/320/6 2790/342/6 1446/342/6
f 1575/335/15 1574/335/15 1490/226/15 1491/226/15
f 1162/357/6 2506/357/6 2380/212/6 1036/212/6
f 1573/335/15 1572/335/15 1488/358/15 1489/358/15
f 520/324/6 1864/324/6 1821/247/6 477/247/6
f 1571/343/15 1570/343/15 1486/358/15 1487/358/15
f 1447/317/5 2791/317/5 2875/227/5 1531/227/5
f 1569/343/15 1568/344/15 1484/358/15 1485/358/15
f 1037/332/5 2381/332/5 2507/357/5 1163/357/5
f 1567/344/15 1566/343/15 1482/358/15 1483/358/15
f 476/247/5 1820/247/5 1865/324/5 521/324/5
f 1565/343/15 1564/344/15 1480/226/15 1481/358/15
f 1532/320/6 2876/320/6 2792/224/6 1448/224/6
f 1563/346/15 1562/335/15 1478/226/15 1479/225/15
f 1164/351/6 2508/351/6 2382/213/6 1038/213/6
f 1561/343/15 1560/346/15 1476/226/15 1477/226/15
f 522/324/6 1866/324/6 1819/265/6 475/265/6
f 1559/346/15 1558/340/15 1474/226/15 1475/226/15
f 1449/224/5 2793/224/5 2877/227/5 1533/227/5
f 1557/335/15 1556/335/15 1472/226/15 1473/226/15
f 1039/213/5 2383/213/5 2509/351/5 1165/351/5
f 1555/335/15 1554/335/15 1470/225/15 1471/226/15
f 474/264/5 1818/264/5 1867/359/5 523/359/5
f 1553/335/15 1552/335/15 1468/225/15 1469/225/15
f 1534/227/6 2878/227/6 2794/224/6 1450/224/6
f 1551/338/15 1550/334/15 1466/271/15 1467/271/15
f 1166/283/6 2510/283/6 2384/213/6 1040/213/6
f 3581/228/28 1548/228/28 1464/224/28 3559/224/28
f 524/360/6 1868/360/6 1817/247/6 473/247/6
f 1547/350/28 1546/349/28 1462/224/28 1463/361/28
f 1451/224/5 2795/224/5 2879/227/5 1535/227/5
f 1545/349/28 1544/228/28 1460/224/28 1461/224/28
f 1041/362/5 2385/362/5 2511/354/5 1167/354/5
f 1543/228/28 1542/350/28 1458/243/28 1459/224/28
f 472/262/5 1816/262/5 1869/359/5 525/359/5
f 1541/350/28 1540/329/28 1456/363/28 1457/364/28
f 1536/320/6 2880/320/6 2796/243/6 1452/243/6
f 1539/329/28 1538/320/28 1454/365/28 1455/366/28
f 1168/367/6 2512/367/6 2386/362/6 1042/362/6
f 1537/320/28 1536/320/28 1452/243/28 1453/243/28
f 526/324/6 1870/324/6 1815/262/6 471/262/6
f 1535/227/28 1534/227/28 1450/224/28 1451/224/28
f 1453/243/5 2797/243/5 2881/320/5 1537/320/5
f 1533/227/28 1532/320/28 1448/224/28 1449/224/28
f 1043/213/5 2387/213/5 2513/368/5 1169/368/5
f 1531/227/28 1530/320/28 1446/342/28 1447/317/28
f 470/261/5 1814/261/5 1871/359/5 527/359/5
f 1529/320/28 1528/320/28 1444/342/28 1445/342/28
f 1538/320/6 2882/320/6 2798/365/6 1454/365/6
f 1527/350/28 1526/350/28 1442/321/28 1443/321/28
f 1170/355/6 2514/355/6 2388/213/6 1044/213/6
f 1525/350/28 1524/228/28 1440/353/28 1441/321/28
f 528/324/6 1872/324/6 1813/195/6 469/195/6
f 1523/228/28 1522/228/28 1438/347/28 1439/352/28
f 1455/366/5 2799/366/5 2883/329/5 1539/329/5
f 1521/227/28 1520/227/28 1436/348/28 1437/348/28
f 1045/214/5 2389/214/5 2515/218/5 1171/218/5
f 1519/227/28 1518/320/28 1434/321/28 1435/347/28
f 468/257/5 1812/257/5 1873/324/5 529/324/5
f 1517/320/28 1516/329/28 1432/342/28 1433/321/28
f 1540/329/6 2884/329/6 2800/363/6 1456/363/6
f 1515/320/28 1514/320/28 1430/330/28 1431/330/28
f 1172/369/6 2516/369/6 2390/370/6 1046/370/6
f 1513/320/28 1512/329/28 1428/330/28 1429/330/28
f 530/360/6 1874/360/6 1811/244/6 467/244/6
f 1511/320/28 1510/320/28 1426/321/28 1427/321/28
f 1457/364/5 2801/364/5 2885/350/5 1541/350/5
f 1509/314/28 1508/314/28 1424/224/28 1425/317/28
f 1047/371/5 2391/371/5 2517/369/5 1173/369/5
f 3570/225/14 1506/225/14 1422/250/14 3548/250/14
f 466/247/5 1810/247/5 1875/372/5 531/372/5
f 1505/271/14 1504/271/14 1420/250/14 1421/266/14
f 1542/350/6 2886/350/6 2802/243/6 1458/243/6
f 1503/271/14 1502/271/14 1418/266/14 1419/250/14
f 1174/373/6 2518/373/6 2392/239/6 1048/239/6
f 1501/271/14 1500/271/14 1416/266/14 1417/266/14
f 532/372/6 1876/372/6 1809/247/6 465/247/6
f 1499/271/14 1498/271/14 1414/273/14 1415/273/14
f 1459/224/5 2803/224/5 2887/228/5 1543/228/5
f 1497/271/14 1496/225/14 1412/266/14 1413/270/14
f 1049/239/5 2393/239/5 2519/373/5 1175/373/5
f 1495/225/14 1494/225/14 1410/250/14 1411/250/14
f 464/254/5 1808/254/5 1877/360/5 533/360/5
f 1493/226/14 1492/226/14 1408/266/14 1409/250/14
f 1544/228/6 2888/228/6 2804/224/6 1460/224/6
f 1491/226/14 1490/226/14 1406/266/14 1407/266/14
f 1176/374/6 2520/374/6 2394/239/6 1050/239/6
f 1489/358/14 1488/358/14 1404/266/14 1405/266/14
f 534/324/6 1878/324/6 1807/252/6 463/252/6
f 1487/358/14 1486/358/14 1402/266/14 1403/266/14
f 1461/224/5 2805/224/5 2889/349/5 1545/349/5
f 1485/358/14 1484/358/14 1400/273/14 1401/266/14
f 1051/375/5 2395/375/5 2521/373/5 1177/373/5
f 1483/358/14 1482/358/14 1398/266/14 1399/273/14
f 462/247/5 1806/247/5 1879/360/5 535/360/5
f 1481/358/14 1480/226/14 1396/273/14 1397/266/14
f 1546/349/6 2890/349/6 2806/224/6 1462/224/6
f 1479/225/14 1478/226/14 1394/376/14 1395/273/14
f 1178/373/6 2522/373/6 2396/375/6 1052/375/6
f 1477/226/14 1476/226/14 1392/377/14 1393/378/14
f 536/359/6 1880/359/6 1805/247/6 461/247/6
f 1475/226/14 1474/226/14 1390/379/14 1391/377/14
f 1463/361/5 2807/361/5 2891/350/5 1547/350/5
f 1473/226/14 1472/226/14 1388/376/14 1389/376/14
f 1053/375/5 2397/375/5 2523/373/5 1179/373/5
f 1471/226/14 1470/225/14 1386/266/14 1387/376/14
f 460/247/5 1804/247/5 1881/360/5 537/360/5
f 1469/225/14 1468/225/14 1384/266/14 1385/266/14
f 1548/228/6 2892/228/6 2808/224/6 1464/224/6
f 1467/271/14 1466/271/14 1382/266/14 1383/266/14
f 1180/374/6 2524/374/6 2398/380/6 1054/380/6
f 3559/224/27 1464/224/27 1380/223/27 3537/223/27
f 538/324/6 1882/324/6 1803/248/6 459/248/6
f 1463/361/27 1462/224/27 1378/223/27 1379/223/27
f 1465/225/5 2809/225/5 2893/229/5 1549/229/5
f 1461/224/27 1460/224/27 1376/223/27 1377/223/27
f 1055/375/5 2399/375/5 2525/373/5 1181/373/5
f 1459/224/27 1458/243/27 1374/381/27 1375/223/27
f 458/247/5 1802/247/5 1883/324/5 539/324/5
f 1457/364/27 1456/363/27 1372/382/27 1373/381/27
f 1550/334/6 2894/334/6 2810/271/6 1466/271/6
f 1455/366/27 1454/365/27 1370/382/27 1371/382/27
f 1182/373/6 2526/373/6 2400/375/6 1056/375/6
f 1453/243/27 1452/243/27 1368/383/27 1369/382/27
f 540/192/6 1884/192/6 1801/194/6 457/194/6
f 1451/224/27 1450/224/27 1366/383/27 1367/383/27
f 1467/271/5 2811/271/5 2895/338/5 1551/338/5
f 1449/224/27 1448/224/27 1364/383/27 1365/383/27
f 1057/384/5 2401/384/5 2527/218/5 1183/218/5
f 1447/317/27 1446/342/27 1362/382/27 1363/382/27
f 415/188/5 1759/188/5 1885/196/5 541/196/5
f 1445/342/27 1444/342/27 1360/381/27 1361/381/27
f 1552/335/6 2896/335/6 2812/225/6 1468/225/6
f 1443/321/27 1442/321/27 1358/223/27 1359/223/27
f 1184/218/6 2528/218/6 2402/385/6 1058/385/6
f 1441/321/27 1440/353/27 1356/223/27 1357/223/27
f 542/196/6 1886/196/6 1760/386/6 416/386/6
f 1439/352/27 1438/347/27 1354/223/27 1355/387/27
f 1469/225/5 2813/225/5 2897/335/5 1553/335/5
f 1437/348/27 1436/348/27 1352/223/27 1353/223/27
f 1059/385/5 2403/385/5 2529/218/5 1185/218/5
f 1435/347/27 1434/321/27 1350/223/27 1351/223/27
f 417/386/5 1761/386/5 1887/196/5 543/196/5
f 1433/321/27 1432/342/27 1348/381/27 1349/223/27
f 1554/335/6 2898/335/6 2814/225/6 1470/225/6
f 1431/330/27 1430/330/27 1346/381/27 1347/381/27
f 1186/219/6 2530/219/6 2404/384/6 1060/384/6
f 1429/330/27 1428/330/27 1344/381/27 1345/381/27
f 544/196/6 1888/196/6 1762/189/6 418/189/6
f 1427/321/27 1426/321/27 1342/223/27 1343/223/27
f 1471/226/5 2815/226/5 2899/335/5 1555/335/5
f 1425/317/27 1424/224/27 1340/223/27 1341/223/27
f 1061/384/5 2405/384/5 2531/219/5 1187/219/5
f 3548/250/13 1422/250/13 1338/388/13 3526/388/13
f 419/189/5 1763/189/5 1889/197/5 545/197/5
f 1421/266/13 1420/250/13 1336/389/13 1337/390/13
f 1556/335/6 2900/335/6 2816/226/6 1472/226/6
f 1419/250/13 1418/266/13 1334/390/13 1335/389/13
f 1188/219/6 2532/219/6 2406/391/6 1062/391/6
f 1417/266/13 1416/266/13 1332/390/13 1333/390/13
f 546/392/6 1890/392/6 1764/393/6 420/393/6
f 1415/273/13 1414/273/13 1330/390/13 1331/389/13
f 1473/226/5 2817/226/5 2901/335/5 1557/335/5
f 1413/270/13 1412/266/13 1328/389/13 1329/394/13
f 1063/391/5 2407/391/5 2533/395/5 1189/395/5
f 1411/250/13 1410/250/13 1326/390/13 1327/390/13
f 421/295/5 1765/295/5 1891/392/5 547/392/5
f 1409/250/13 1408/266/13 1324/390/13 1325/389/13
f 1558/340/6 2902/340/6 2818/226/6 1474/226/6
f 1407/266/13 1406/266/13 1322/390/13 1323/390/13
f 1190/395/6 2534/395/6 2408/396/6 1064/396/6
f 1405/266/13 1404/266/13 1320/388/13 1321/397/13
f 548/392/6 1892/392/6 1766/295/6 422/295/6
f 1403/266/13 1402/266/13 1318/397/13 1319/397/13
f 1475/226/5 2819/226/5 2903/346/5 1559/346/5
f 1401/266/13 1400/273/13 1316/397/13 1317/397/13
f 1065/396/5 2409/396/5 2535/395/5 1191/395/5
f 1399/273/13 1398/266/13 1314/398/13 1315/397/13
f 423/295/5 1767/295/5 1893/392/5 549/392/5
f 1397/266/13 1396/273/13 1312/398/13 1313/398/13
f 1560/346/6 2904/346/6 2820/226/6 1476/226/6
f 1395/273/13 1394/376/13 1310/187/13 1311/388/13
f 1192/373/6 2536/373/6 2410/396/6 1066/396/6
f 1393/378/13 1392/377/13 1308/398/13 1309/398/13
f 550/399/6 1894/399/6 1768/189/6 424/189/6
f 1391/377/13 1390/379/13 1306/187/13 1307/398/13
f 1477/226/5 2821/226/5 2905/343/5 1561/343/5
f 1389/376/13 1388/376/13 1304/398/13 1305/398/13
f 1067/396/5 2411/396/5 2537/373/5 1193/373/5
f 1387/376/13 1386/266/13 1302/398/13 1303/398/13
f 425/189/5 1769/189/5 1895/196/5 551/196/5
f 1385/266/13 1384/266/13 1300/398/13 1301/398/13
f 1562/335/6 2906/335/6 2822/226/6 1478/226/6
f 1383/266/13 1382/266/13 1298/388/13 1299/388/13
f 1194/373/6 2538/373/6 2412/239/6 1068/239/6
f 3537/223/26 1380/223/26 1296/222/26 3515/222/26
f 552/196/6 1896/196/6 1770/189/6 426/189/6
f 1379/223/26 1378/223/26 1294/222/26 1295/400/26
f 1479/225/5 2823/225/5 2907/346/5 1563/346/5
f 1377/223/26 1376/223/26 1292/222/26 1293/222/26
f 1069/239/5 2413/239/5 2539/218/5 1195/218/5
f 1375/223/26 1374/381/26 1290/401/26 1291/222/26
f 427/189/5 1771/189/5 1897/402/5 553/402/5
f 1373/381/26 1372/382/26 1288/403/26 1289/403/26
f 1564/344/6 2908/344/6 2824/226/6 1480/226/6
f 1371/382/26 1370/382/26 1286/401/26 1287/404/26
f 1196/373/6 2540/373/6 2414/405/6 1070/405/6
f 1369/382/26 1368/383/26 1284/401/26 1285/401/26
f 554/402/6 1898/402/6 1772/189/6 428/189/6
f 1367/383/26 1366/383/26 1282/222/26 1283/222/26
f 1481/358/5 2825/358/5 2909/343/5 1565/343/5
f 1365/383/26 1364/383/26 1280/222/26 1281/222/26
f 1071/405/5 2415/405/5 2541/218/5 1197/218/5
f 1363/382/26 1362/382/26 1278/406/26 1279/407/26
f 429/189/5 1773/189/5 1899/402/5 555/402/5
f 1361/381/26 1360/381/26 1276/406/26 1277/406/26
f 1566/343/6 2910/343/6 2826/358/6 1482/358/6
f 1359/223/26 1358/223/26 1274/408/26 1275/408/26
f 1198/218/6 2542/218/6 2416/405/6 1072/405/6
f 1357/223/26 1356/223/26 1272/409/26 1273/408/26
f 556/402/6 1900/402/6 1774/316/6 430/316/6
f 1355/387/26 1354/223/26 1270/410/26 1271/411/26
f 1483/358/5 2827/358/5 2911/344/5 1567/344/5
f 1353/223/26 1352/223/26 1268/412/26 1269/412/26
f 1073/405/5 2417/405/5 2543/218/5 1199/218/5
f 1351/223/26 1350/223/26 1266/408/26 1267/410/26
f 431/413/5 1775/413/5 1901/402/5 557/402/5
f 1349/223/26 1348/381/26 1264/406/26 1265/408/26
f 1568/344/6 2912/344/6 2828/358/6 1484/358/6
f 1347/381/26 1346/381/26 1262/414/26 1263/414/26
f 1200/373/6 2544/373/6 2418/371/6 1074/371/6
f 1345/381/26 1344/381/26 1260/414/26 1261/414/26
f 558/415/6 1902/415/6 1776/189/6 432/189/6
f 1343/223/26 1342/223/26 1258/408/26 1259/408/26
f 1485/358/5 2829/358/5 2913/343/5 1569/343/5
f 1341/223/26 1340/223/26 1256/222/26 1257/407/26
f 1075/371/5 2419/371/5 2545/373/5 1201/373/5
f 3526/388/12 1338/388/12 1254/221/12 3504/221/12
f 433/189/5 1777/189/5 1903/415/5 559/415/5
f 1337/390/12 1336/389/12 1252/221/12 1253/416/12
f 1570/343/6 2914/343/6 2830/358/6 1486/358/6
f 1335/389/12 1334/390/12 1250/221/12 1251/221/12
f 1202/219/6 2546/219/6 2420/380/6 1076/380/6
f 1333/390/12 1332/390/12 1248/417/12 1249/221/12
f 560/415/6 1904/415/6 1778/189/6 434/189/6
f 1331/389/12 1330/390/12 1246/418/12 1247/419/12
f 1487/358/5 2831/358/5 2915/343/5 1571/343/5
f 1329/394/12 1328/389/12 1244/417/12 1245/419/12
f 1077/214/5 2421/214/5 2547/374/5 1203/374/5
f 1327/390/12 1326/390/12 1242/418/12 1243/418/12
f 435/316/5 1779/316/5 1905/196/5 561/196/5
f 1325/389/12 1324/390/12 1240/419/12 1241/419/12
f 1572/335/6 2916/335/6 2832/358/6 1488/358/6
f 1323/390/12 1322/390/12 1238/420/12 1239/419/12
f 1204/374/6 2548/374/6 2422/371/6 1078/371/6
f 1321/397/12 1320/388/12 1236/421/12 1237/420/12
f 562/399/6 1906/399/6 1780/295/6 436/295/6
f 1319/397/12 1318/397/12 1234/420/12 1235/420/12
f 1489/358/5 2833/358/5 2917/335/5 1573/335/5
f 1317/397/12 1316/397/12 1232/421/12 1233/420/12
f 1079/371/5 2423/371/5 2549/395/5 1205/395/5
f 1315/397/12 1314/398/12 1230/422/12 1231/421/12
f 437/393/5 1781/393/5 1907/399/5 563/399/5
f 1313/398/12 1312/398/12 1228/420/12 1229/416/12
f 1574/335/6 2918/335/6 2834/226/6 1490/226/6
f 1311/388/12 1310/187/12 1226/423/12 1227/423/12
f 1206/395/6 2550/395/6 2424/371/6 1080/371/6
f 1309/398/12 1308/398/12 1224/420/12 1225/420/12
f 564/424/6 1908/424/6 1782/259/6 438/259/6
f 1307/398/12 1306/187/12 1222/423/12 1223/420/12
f 1491/226/5 2835/226/5 2919/335/5 1575/335/5
f 1305/398/12 1304/398/12 1220/419/12 1221/419/12
f 1081/405/5 2425/405/5 2551/219/5 1207/219/5
f 1303/398/12 1302/398/12 1218/417/12 1219/417/12
f 439/245/5 1783/245/5 1909/196/5 565/196/5
f 1301/398/12 1300/398/12 1216/416/12 1217/417/12
f 1576/335/6 2920/335/6 2836/226/6 1492/226/6
f 1299/388/12 1298/388/12 1214/416/12 1215/416/12
f 1208/219/6 2552/219/6 2426/239/6 1082/239/6
f 3515/222/25 1296/222/25 1212/219/25 3493/219/25
f 566/196/6 1910/196/6 1784/245/6 440/245/6
f 1295/400/25 1294/222/25 1210/425/25 1211/395/25
f 1493/226/5 2837/226/5 2921/336/5 1577/336/5
f 1293/222/25 1292/222/25 1208/219/25 1209/425/25
f 1083/239/5 2427/239/5 2553/425/5 1209/425/5
f 1291/222/25 1290/401/25 1206/395/25 1207/219/25
f 441/245/5 1785/245/5 1911/197/5 567/197/5
f 1289/403/25 1288/403/25 1204/374/25 1205/395/25
f 1578/229/6 2922/229/6 2838/225/6 1494/225/6
f 1287/404/25 1286/401/25 1202/219/25 1203/374/25
f 1210/425/6 2554/425/6 2428/214/6 1084/214/6
f 1285/401/25 1284/401/25 1200/373/25 1201/373/25
f 568/197/6 1912/197/6 1786/259/6 442/259/6
f 1283/222/25 1282/222/25 1198/218/25 1199/218/25
f 1495/225/5 2839/225/5 2923/229/5 1579/229/5
f 1281/222/25 1280/222/25 1196/373/25 1197/218/25
f 1085/426/5 2429/426/5 2555/395/5 1211/395/5
f 1279/407/25 1278/406/25 1194/373/25 1195/218/25
f 443/245/5 1787/245/5 1913/197/5 569/197/5
f 1277/406/25 1276/406/25 1192/373/25 1193/373/25
f 1580/229/6 2924/229/6 2840/225/6 1496/225/6
f 1275/408/25 1274/408/25 1190/395/25 1191/395/25
f 1212/219/6 2556/219/6 2430/214/6 1086/214/6
f 1273/408/25 1272/409/25 1188/219/25 1189/395/25
f 570/197/6 1914/197/6 1788/245/6 444/245/6
f 1271/411/25 1270/410/25 1186/219/25 1187/219/25
f 1497/271/5 2841/271/5 2925/338/5 1581/338/5
f 1269/412/25 1268/412/25 1184/218/25 1185/218/25
f 1087/215/5 2431/215/5 2557/220/5 1213/220/5
f 1267/410/25 1266/408/25 1182/373/25 1183/218/25
f 445/259/5 1789/259/5 1915/197/5 571/197/5
f 1265/408/25 1264/406/25 1180/374/25 1181/373/25
f 1582/340/6 2926/340/6 2842/271/6 1498/271/6
f 1263/414/25 1262/414/25 1178/373/25 1179/373/25
f 1214/416/6 2558/416/6 2432/240/6 1088/240/6
f 1261/414/25 1260/414/25 1176/374/25 1177/373/25
f 572/197/6 1916/197/6 1790/259/6 446/259/6
f 1259/408/25 1258/408/25 1174/373/25 1175/373/25
f 1499/271/5 2843/271/5 2927/340/5 1583/340/5
f 1257/407/25 1256/222/25 1172/369/25 1173/369/25
f 1089/240/5 2433/240/5 2559/416/5 1215/416/5
f 3668/427/38 667/428/38 1170/355/38 3482/429/38
f 447/259/5 1791/259/5 1917/430/5 573/430/5
f 668/427/38 669/427/38 1168/367/38 1169/368/38
f 1584/338/6 2928/338/6 2844/271/6 1500/271/6
f 670/431/38 671/427/38 1166/283/38 1167/354/38
f 1216/416/6 2560/416/6 2434/215/6 1090/215/6
f 672/428/38 673/432/38 1164/351/38 1165/351/38
f 574/392/6 1918/392/6 1792/286/6 448/286/6
f 674/203/38 675/428/38 1162/357/38 1163/357/38
f 1501/271/5 2845/271/5 2929/335/5 1585/335/5
f 676/433/38 677/428/38 1160/217/38 1161/356/38
f 1091/215/5 2435/215/5 2561/417/5 1217/417/5
f 678/434/38 679/203/38 1158/355/38 1159/217/38
f 449/290/5 1793/290/5 1919/392/5 575/392/5
f 680/203/38 681/428/38 1156/283/38 1157/354/38
f 1586/335/6 2930/335/6 2846/271/6 1502/271/6
f 682/203/38 683/433/38 1154/292/38 1155/283/38
f 1218/417/6 2562/417/6 2436/215/6 1092/215/6
f 684/435/38 685/436/38 1152/283/38 1153/351/38
f 576/197/6 1920/197/6 1794/295/6 450/295/6
f 686/435/38 687/435/38 1150/345/38 1151/283/38
f 1503/271/5 2847/271/5 2931/336/5 1587/336/5
f 688/437/38 689/203/38 1148/341/38 1149/345/38
f 1093/215/5 2437/215/5 2563/417/5 1219/417/5
f 690/437/38 691/435/38 1146/337/38 1147/341/38
f 451/189/5 1795/189/5 1921/197/5 577/197/5
f 692/203/38 693/203/38 1144/331/38 1145/318/38
f 1588/229/6 2932/229/6 2848/271/6 1504/271/6
f 694/203/38 695/203/38 1142/322/38 1143/304/38
f 1220/419/6 2564/419/6 2438/215/6 1094/215/6
f 696/428/38 697/428/38 1140/315/38 1141/318/38
f 578/197/6 1922/197/6 1796/189/6 452/189/6
f 698/428/38 699/427/38 1138/309/38 1139/304/38
f 1505/271/5 2849/271/5 2933/334/5 1589/334/5
f 700/427/38 701/427/38 1136/283/38 1137/304/38
f 1095/215/5 2439/215/5 2565/419/5 1221/419/5
f 702/427/38 703/438/38 1134/292/38 1135/283/38
f 453/189/5 1797/189/5 1923/197/5 579/197/5
f 704/427/38 705/427/38 1132/283/38 1133/283/38
f 1590/229/6 2934/229/6 2850/225/6 1506/225/6
f 706/439/38 707/427/38 1130/217/38 1131/216/38
f 1222/423/6 2566/423/6 2440/240/6 1096/240/6
f 3504/221/11 1254/221/11 1128/215/11 3471/215/11
f 580/197/6 1924/197/6 1798/189/6 454/189/6
f 1253/416/11 1252/221/11 1126/215/11 1127/240/11
f 1507/227/5 2851/227/5 2935/230/5 1591/230/5
f 1251/221/11 1250/221/11 1124/240/11 1125/215/11
f 1097/240/5 2441/240/5 2567/420/5 1223/420/5
f 1249/221/11 1248/417/11 1122/440/11 1123/240/11
f 455/189/5 1799/189/5 1925/399/5 581/399/5
f 1247/419/11 1246/418/11 1120/440/11 1121/440/11
f 1592/333/6 2936/333/6 2852/314/6 1508/314/6
f 1245/419/11 1244/417/11 1118/215/11 1119/215/11
f 1224/420/6 2568/420/6 2442/240/6 1098/240/6
f 1243/418/11 1242/418/11 1116/215/11 1117/215/11
f 582/197/6 1926/197/6 1800/316/6 456/316/6
f 1241/419/11 1240/419/11 1114/215/11 1115/215/11
f 1509/314/5 2853/314/5 2937/312/5 1593/312/5
f 1239/419/11 1238/420/11 1112/441/11 1113/441/11
f 1099/215/5 2443/215/5 2569/420/5 1225/420/5
f 1237/420/11 1236/421/11 1110/215/11 1111/441/11
f 499/192/5 1843/192/5 1927/198/5 583/198/5
f 1235/420/11 1234/420/11 1108/215/11 1109/215/11
f 1594/311/6 2938/311/6 2854/320/6 1510/320/6
f 1233/420/11 1232/421/11 1106/240/11 1107/215/11
f 1226/423/6 2570/423/6 2444/215/6 1100/215/6
f 1231/421/11 1230/422/11 1104/215/11 1105/240/11
f 584/198/6 1928/198/6 1844/324/6 500/324/6
f 1229/416/11 1228/420/11 1102/441/11 1103/441/11
f 1511/320/5 2855/320/5 2939/311/5 1595/311/5
f 1227/423/11 1226/423/11 1100/215/11 1101/215/11
f 1101/215/5 2445/215/5 2571/423/5 1227/423/5
f 1225/420/11 1224/420/11 1098/240/11 1099/215/11
f 501/324/5 1845/324/5 1929/198/5 585/198/5
f 1223/420/11 1222/423/11 1096/240/11 1097/240/11
f 1596/311/6 2940/311/6 2856/329/6 1512/329/6
f 1221/419/11 1220/419/11 1094/215/11 1095/215/11
f 1228/420/6 2572/420/6 2446/441/6 1102/441/6
f 1219/417/11 1218/417/11 1092/215/11 1093/215/11
f 586/198/6 1930/198/6 1846/193/6 502/193/6
f 1217/417/11 1216/416/11 1090/215/11 1091/215/11
f 1513/320/5 2857/320/5 2941/327/5 1597/327/5
f 1215/416/11 1214/416/11 1088/240/11 1089/240/11
f 1103/441/5 2447/441/5 2573/416/5 1229/416/5
f 3493/219/24 1212/219/24 1086/214/24 3460/214/24
f 503/193/5 1847/193/5 1931/199/5 587/199/5
f 1211/395/24 1210/425/24 1084/214/24 1085/426/24
f 1598/327/6 2942/327/6 2858/320/6 1514/320/6
f 1209/425/24 1208/219/24 1082/239/24 1083/239/24
f 1230/422/6 2574/422/6 2448/215/6 1104/215/6
f 1207/219/24 1206/395/24 1080/371/24 1081/405/24
f 588/442/6 1932/442/6 1848/339/6 504/339/6
f 1205/395/24 1204/374/24 1078/371/24 1079/371/24
f 1515/320/5 2859/320/5 2943/327/5 1599/327/5
f 1203/374/24 1202/219/24 1076/380/24 1077/214/24
f 1105/240/5 2449/240/5 2575/421/5 1231/421/5
f 1201/373/24 1200/373/24 1074/371/24 1075/371/24
f 505/193/5 1849/193/5 1933/442/5 589/442/5
f 1199/218/24 1198/218/24 1072/405/24 1073/405/24
f 1600/328/6 2944/328/6 2860/329/6 1516/329/6
f 1197/218/24 1196/373/24 1070/405/24 1071/405/24
f 1232/421/6 2576/421/6 2450/240/6 1106/240/6
f 1195/218/24 1194/373/24 1068/239/24 1069/239/24
f 590/442/6 1934/442/6 1850/193/6 506/193/6
f 1193/373/24 1192/373/24 1066/396/24 1067/396/24
f 1517/320/5 2861/320/5 2945/327/5 1601/327/5
f 1191/395/24 1190/395/24 1064/396/24 1065/396/24
f 1107/215/5 2451/215/5 2577/420/5 1233/420/5
f 1189/395/24 1188/219/24 1062/391/24 1063/391/24
f 507/193/5 1851/193/5 1935/442/5 591/442/5
f 1187/219/24 1186/219/24 1060/384/24 1061/384/24
f 1602/327/6 2946/327/6 2862/320/6 1518/320/6
f 1185/218/24 1184/218/24 1058/385/24 1059/385/24
f 1234/420/6 2578/420/6 2452/215/6 1108/215/6
f 1183/218/24 1182/373/24 1056/375/24 1057/384/24
f 592/443/6 1936/443/6 1852/339/6 508/339/6
f 1181/373/24 1180/374/24 1054/380/24 1055/375/24
f 1519/227/5 2863/227/5 2947/325/5 1603/325/5
f 1179/373/24 1178/373/24 1052/375/24 1053/375/24
f 1109/215/5 2453/215/5 2579/420/5 1235/420/5
f 1177/373/24 1176/374/24 1050/239/24 1051/375/24
f 509/193/5 1853/193/5 1937/198/5 593/198/5
f 1175/373/24 1174/373/24 1048/239/24 1049/239/24
f 1604/326/6 2948/326/6 2864/227/6 1520/227/6
f 1173/369/24 1172/369/24 1046/370/24 1047/371/24
f 1236/421/6 2580/421/6 2454/215/6 1110/215/6
f 3482/429/37 1170/355/37 1044/213/37 3449/213/37
f 594/198/6 1938/198/6 1854/193/6 510/193/6
f 1169/368/37 1168/367/37 1042/362/37 1043/213/37
f 1521/227/5 2865/227/5 2949/326/5 1605/326/5
f 1167/354/37 1166/283/37 1040/213/37 1041/362/37
f 1111/441/5 2455/441/5 2581/420/5 1237/420/5
f 1165/351/37 1164/351/37 1038/213/37 1039/213/37
f 511/193/5 1855/193/5 1939/444/5 595/444/5
f 1163/357/37 1162/357/37 1036/212/37 1037/332/37
f 1606/325/6 2950/325/6 2866/228/6 1522/228/6
f 1161/356/37 1160/217/37 1034/284/37 1035/212/37
f 1238/420/6 2582/420/6 2456/441/6 1112/441/6
f 1159/217/37 1158/355/37 1032/212/37 1033/212/37
f 596/444/6 1940/444/6 1856/192/6 512/192/6
f 1157/354/37 1156/283/37 1030/212/37 1031/284/37
f 1523/228/5 2867/228/5 2951/325/5 1607/325/5
f 1155/283/37 1154/292/37 1028/212/37 1029/212/37
f 1113/441/5 2457/441/5 2583/419/5 1239/419/5
f 1153/351/37 1152/283/37 1026/212/37 1027/284/37
f 513/324/5 1857/324/5 1941/444/5 597/444/5
f 1151/283/37 1150/345/37 1024/284/37 1025/284/37
f 1608/323/6 2952/323/6 2868/228/6 1524/228/6
f 1149/345/37 1148/341/37 1022/332/37 1023/332/37
f 1240/419/6 2584/419/6 2458/215/6 1114/215/6
f 1147/341/37 1146/337/37 1020/332/37 1021/332/37
f 598/444/6 1942/444/6 1858/192/6 514/192/6
f 1145/318/37 1144/331/37 1018/332/37 1019/332/37
f 1525/350/5 2869/350/5 2953/323/5 1609/323/5
f 1143/304/37 1142/322/37 1016/212/37 1017/212/37
f 1115/215/5 2459/215/5 2585/419/5 1241/419/5
f 1141/318/37 1140/315/37 1014/284/37 1015/284/37
f 515/193/5 1859/193/5 1943/444/5 599/444/5
f 1139/304/37 1138/309/37 1012/212/37 1013/284/37
f 1610/319/6 2954/319/6 2870/350/6 1526/350/6
f 1137/304/37 1136/283/37 1010/284/37 1011/284/37
f 1242/418/6 2586/418/6 2460/215/6 1116/215/6
f 1135/283/37 1134/292/37 1008/284/37 1009/284/37
f 600/445/6 1944/445/6 1860/192/6 516/192/6
f 1133/283/37 1132/283/37 1006/284/37 1007/284/37
f 1527/350/5 2871/350/5 2955/319/5 1611/319/5
f 1131/216/37 1130/217/37 1004/274/37 1005/274/37
f 1117/215/5 2461/215/5 2587/418/5 1243/418/5
f 3471/215/10 1128/215/10 1002/211/10 3438/211/10
f 517/324/5 1861/324/5 1945/445/5 601/445/5
f 1127/240/10 1126/215/10 1000/211/10 1001/263/10
f 1612/319/6 2956/319/6 2872/320/6 1528/320/6
f 1125/215/10 1124/240/10 998/211/10 999/211/10
f 1244/417/6 2588/417/6 2462/215/6 1118/215/6
f 1123/240/10 1122/440/10 996/446/10 997/211/10
f 602/445/6 1946/445/6 1862/324/6 518/324/6
f 1121/440/10 1120/440/10 994/447/10 995/447/10
f 1529/320/5 2873/320/5 2957/319/5 1613/319/5
f 1119/215/10 1118/215/10 992/447/10 993/448/10
f 1119/215/5 2463/215/5 2589/419/5 1245/419/5
f 1117/215/10 1116/215/10 990/448/10 991/448/10
f 519/324/5 1863/324/5 1947/198/5 603/198/5
f 1115/215/10 1114/215/10 988/447/10 989/447/10
f 1614/311/6 2958/311/6 2874/320/6 1530/320/6
f 1113/441/10 1112/441/10 986/449/10 987/447/10
f 1246/418/6 2590/418/6 2464/440/6 1120/440/6
f 1111/441/10 1110/215/10 984/450/10 985/449/10
f 604/443/6 1948/443/6 1864/324/6 520/324/6
f 1109/215/10 1108/215/10 982/449/10 983/449/10
f 1531/227/5 2875/227/5 2959/311/5 1615/311/5
f 1107/215/10 1106/240/10 980/450/10 981/449/10
f 1121/440/5 2465/440/5 2591/419/5 1247/419/5
f 1105/240/10 1104/215/10 978/451/10 979/450/10
f 521/324/5 1865/324/5 1949/443/5 605/443/5
f 1103/441/10 1102/441/10 976/449/10 977/263/10
f 1616/313/6 2960/313/6 2876/320/6 1532/320/6
f 1101/215/10 1100/215/10 974/452/10 975/452/10
f 1248/417/6 2592/417/6 2466/440/6 1122/440/6
f 1099/215/10 1098/240/10 972/449/10 973/449/10
f 606/453/6 1950/453/6 1866/324/6 522/324/6
f 1097/240/10 1096/240/10 970/452/10 971/449/10
f 1533/227/5 2877/227/5 2961/313/5 1617/313/5
f 1095/215/10 1094/215/10 968/447/10 969/447/10
f 1123/240/5 2467/240/5 2593/221/5 1249/221/5
f 1093/215/10 1092/215/10 966/446/10 967/446/10
f 523/359/5 1867/359/5 1951/198/5 607/198/5
f 1091/215/10 1090/215/10 964/263/10 965/446/10
f 1618/313/6 2962/313/6 2878/227/6 1534/227/6
f 1089/240/10 1088/240/10 962/263/10 963/263/10
f 713/454/5 2057/454/5 2183/455/5 839/455/5
f 3460/214/23 1086/214/23 960/209/23 3427/209/23
f 1250/221/6 2594/221/6 2468/240/6 1124/240/6
f 1085/426/23 1084/214/23 958/456/23 959/209/23
f 608/198/6 1952/198/6 1868/360/6 524/360/6
f 1083/239/23 1082/239/23 956/456/23 957/456/23
f 1535/227/5 2879/227/5 2963/313/5 1619/313/5
f 1081/405/23 1080/371/23 954/456/23 955/456/23
f 840/455/6 2184/455/6 2058/454/6 714/454/6
f 1079/371/23 1078/371/23 952/209/23 953/456/23
f 1125/215/5 2469/215/5 2595/221/5 1251/221/5
f 1077/214/23 1076/380/23 950/457/23 951/458/23
f 525/359/5 1869/359/5 1953/199/5 609/199/5
f 1075/371/23 1074/371/23 948/459/23 949/459/23
f 1620/312/6 2964/312/6 2880/320/6 1536/320/6
f 1073/405/23 1072/405/23 946/459/23 947/459/23
f 715/460/5 2059/460/5 2185/455/5 841/455/5
f 1071/405/23 1070/405/23 944/459/23 945/459/23
f 1252/221/6 2596/221/6 2470/215/6 1126/215/6
f 1069/239/23 1068/239/23 942/459/23 943/459/23
f 610/199/6 1954/199/6 1870/324/6 526/324/6
f 1067/396/23 1066/396/23 940/459/23 941/459/23
f 1537/320/5 2881/320/5 2965/312/5 1621/312/5
f 1065/396/23 1064/396/23 938/458/23 939/459/23
f 842/455/6 2186/455/6 2060/461/6 716/461/6
f 1063/391/23 1062/391/23 936/458/23 937/458/23
f 1127/240/5 2471/240/5 2597/416/5 1253/416/5
f 1061/384/23 1060/384/23 934/458/23 935/458/23
f 527/359/5 1871/359/5 1955/199/5 611/199/5
f 1059/385/23 1058/385/23 932/458/23 933/458/23
f 1622/230/6 2966/230/6 2882/320/6 1538/320/6
f 1057/384/23 1056/375/23 930/458/23 931/458/23
f 717/460/5 2061/460/5 2187/455/5 843/455/5
f 1055/375/23 1054/380/23 928/456/23 929/458/23
f 1254/221/6 2598/221/6 2472/215/6 1128/215/6
f 1053/375/23 1052/375/23 926/456/23 927/456/23
f 612/199/6 1956/199/6 1872/324/6 528/324/6
f 1051/375/23 1050/239/23 924/456/23 925/456/23
f 1539/329/5 2883/329/5 2967/230/5 1623/230/5
f 1049/239/23 1048/239/23 922/456/23 923/456/23
f 844/207/6 2188/207/6 2062/460/6 718/460/6
f 1047/371/23 1046/370/23 920/209/23 921/209/23
f 1129/216/5 2473/216/5 2052/204/5 708/204/5
f 3449/213/36 1044/213/36 918/208/36 3416/208/36
f 529/324/5 1873/324/5 1957/199/5 613/199/5
f 1043/213/36 1042/362/36 916/208/36 917/462/36
f 1624/312/6 2968/312/6 2884/329/6 1540/329/6
f 1041/362/36 1040/213/36 914/208/36 915/208/36
f 719/460/5 2063/460/5 2189/455/5 845/455/5
f 1039/213/36 1038/213/36 912/463/36 913/208/36
f 707/427/6 2051/427/6 2474/217/6 1130/217/6
f 1037/332/36 1036/212/36 910/464/36 911/464/36
f 614/465/6 1958/465/6 1874/360/6 530/360/6
f 1035/212/36 1034/284/36 908/466/36 909/463/36
f 1541/350/5 2885/350/5 2969/312/5 1625/312/5
f 1033/212/36 1032/212/36 906/467/36 907/467/36
f 846/455/6 2190/455/6 2064/460/6 720/460/6
f 1031/284/36 1030/212/36 904/468/36 905/468/36
f 1131/216/5 2475/216/5 2050/439/5 706/439/5
f 1029/212/36 1028/212/36 902/468/36 903/468/36
f 531/372/5 1875/372/5 1959/199/5 615/199/5
f 1027/284/36 1026/212/36 900/469/36 901/469/36
f 1626/312/6 2970/312/6 2886/350/6 1542/350/6
f 1025/284/36 1024/284/36 898/469/36 899/469/36
f 721/460/5 2065/460/5 2191/455/5 847/455/5
f 1023/332/36 1022/332/36 896/470/36 897/470/36
f 705/427/6 2049/427/6 2476/283/6 1132/283/6
f 1021/332/36 1020/332/36 894/471/36 895/470/36
f 616/442/6 1960/442/6 1876/372/6 532/372/6
f 1019/332/36 1018/332/36 892/470/36 893/471/36
f 1543/228/5 2887/228/5 2971/313/5 1627/313/5
f 1017/212/36 1016/212/36 890/472/36 891/472/36
f 848/207/6 2192/207/6 2066/460/6 722/460/6
f 1015/284/36 1014/284/36 888/470/36 889/470/36
f 1133/283/5 2477/283/5 2048/427/5 704/427/5
f 1013/284/36 1012/212/36 886/472/36 887/470/36
f 533/360/5 1877/360/5 1961/442/5 617/442/5
f 1011/284/36 1010/284/36 884/470/36 885/470/36
f 1628/311/6 2972/311/6 2888/228/6 1544/228/6
f 1009/284/36 1008/284/36 882/473/36 883/473/36
f 723/454/5 2067/454/5 2193/474/5 849/474/5
f 1007/284/36 1006/284/36 880/473/36 881/473/36
f 703/438/6 2047/438/6 2478/292/6 1134/292/6
f 1005/274/36 1004/274/36 878/462/36 879/475/36
f 618/199/6 1962/199/6 1878/324/6 534/324/6
f 3438/211/9 1002/211/9 876/474/9 3405/474/9
f 1545/349/5 2889/349/5 2973/311/5 1629/311/5
f 1001/263/9 1000/211/9 874/476/9 875/477/9
f 850/455/6 2194/455/6 2068/454/6 724/454/6
f 999/211/9 998/211/9 872/477/9 873/476/9
f 1135/283/5 2479/283/5 2046/427/5 702/427/5
f 997/211/9 996/446/9 870/477/9 871/477/9
f 535/360/5 1879/360/5 1963/199/5 619/199/5
f 995/447/9 994/447/9 868/477/9 869/476/9
f 1630/230/6 2974/230/6 2890/349/6 1546/349/6
f 993/448/9 992/447/9 866/476/9 867/478/9
f 725/454/5 2069/454/5 2195/455/5 851/455/5
f 991/448/9 990/448/9 864/477/9 865/477/9
f 701/427/6 2045/427/6 2480/283/6 1136/283/6
f 989/447/9 988/447/9 862/477/9 863/476/9
f 620/199/6 1964/199/6 1880/359/6 536/359/6
f 987/447/9 986/449/9 860/477/9 861/477/9
f 1547/350/5 2891/350/5 2975/310/5 1631/310/5
f 985/449/9 984/450/9 858/474/9 859/479/9
f 852/455/6 2196/455/6 2070/454/6 726/454/6
f 983/449/9 982/449/9 856/479/9 857/479/9
f 1137/304/5 2481/304/5 2044/427/5 700/427/5
f 981/449/9 980/450/9 854/479/9 855/479/9
f 537/360/5 1881/360/5 1965/199/5 621/199/5
f 979/450/9 978/451/9 852/455/9 853/479/9
f 1632/230/6 2976/230/6 2892/228/6 1548/228/6
f 977/263/9 976/449/9 850/455/9 851/455/9
f 727/454/5 2071/454/5 2197/479/5 853/479/5
f 975/452/9 974/452/9 848/207/9 849/474/9
f 699/427/6 2043/427/6 2482/309/6 1138/309/6
f 973/449/9 972/449/9 846/455/9 847/455/9
f 622/199/6 1966/199/6 1882/324/6 538/324/6
f 971/449/9 970/452/9 844/207/9 845/455/9
f 1549/229/5 2893/229/5 2977/231/5 1633/231/5
f 969/447/9 968/447/9 842/455/9 843/455/9
f 854/479/6 2198/479/6 2072/454/6 728/454/6
f 967/446/9 966/446/9 840/455/9 841/455/9
f 1139/304/5 2483/304/5 2042/428/5 698/428/5
f 965/446/9 964/263/9 838/455/9 839/455/9
f 539/324/5 1883/324/5 1967/443/5 623/443/5
f 963/263/9 962/263/9 836/474/9 837/474/9
f 1634/289/6 2978/289/6 2894/334/6 1550/334/6
f 3427/209/22 960/209/22 834/480/22 3394/480/22
f 729/454/5 2073/454/5 2199/479/5 855/479/5
f 959/209/22 958/456/22 832/480/22 833/480/22
f 697/428/6 2041/428/6 2484/315/6 1140/315/6
f 957/456/22 956/456/22 830/480/22 831/480/22
f 624/199/6 1968/199/6 1884/192/6 540/192/6
f 955/456/22 954/456/22 828/481/22 829/481/22
f 1551/338/5 2895/338/5 2979/231/5 1635/231/5
f 953/456/22 952/209/22 826/481/22 827/481/22
f 856/479/6 2200/479/6 2074/454/6 730/454/6
f 951/458/22 950/457/22 824/482/22 825/206/22
f 1141/318/5 2485/318/5 2040/428/5 696/428/5
f 949/459/22 948/459/22 822/481/22 823/481/22
f 541/196/5 1885/196/5 1969/200/5 625/200/5
f 947/459/22 946/459/22 820/481/22 821/481/22
f 1636/288/6 2980/288/6 2896/335/6 1552/335/6
f 945/459/22 944/459/22 818/481/22 819/481/22
f 731/454/5 2075/454/5 2201/479/5 857/479/5
f 943/459/22 942/459/22 816/480/22 817/480/22
f 695/203/6 2039/203/6 2486/322/6 1142/322/6
f 941/459/22 940/459/22 814/480/22 815/480/22
f 626/483/6 1970/483/6 1886/196/6 542/196/6
f 939/459/22 938/458/22 812/480/22 813/480/22
f 1553/335/5 2897/335/5 2981/276/5 1637/276/5
f 937/458/22 936/458/22 810/484/22 811/484/22
f 858/474/6 2202/474/6 2076/485/6 732/485/6
f 935/458/22 934/458/22 808/486/22 809/486/22
f 1143/304/5 2487/304/5 2038/203/5 694/203/5
f 933/458/22 932/458/22 806/487/22 807/486/22
f 543/196/5 1887/196/5 1971/483/5 627/483/5
f 931/458/22 930/458/22 804/482/22 805/488/22
f 1638/307/6 2982/307/6 2898/335/6 1554/335/6
f 929/458/22 928/456/22 802/489/22 803/482/22
f 733/454/5 2077/454/5 2203/479/5 859/479/5
f 927/456/22 926/456/22 800/489/22 801/489/22
f 693/203/6 2037/203/6 2488/331/6 1144/331/6
f 925/456/22 924/456/22 798/480/22 799/489/22
f 628/490/6 1972/490/6 1888/196/6 544/196/6
f 923/456/22 922/456/22 796/480/22 797/480/22
f 1555/335/5 2899/335/5 2983/276/5 1639/276/5
f 921/209/22 920/209/22 794/481/22 795/481/22
f 860/477/6 2204/477/6 2078/454/6 734/454/6
f 3416/208/35 918/208/35 792/205/35 3383/205/35
f 1145/318/5 2489/318/5 2036/203/5 692/203/5
f 917/462/35 916/208/35 790/205/35 791/491/35
f 545/197/5 1889/197/5 1973/490/5 629/490/5
f 915/208/35 914/208/35 788/491/35 789/205/35
f 1640/288/6 2984/288/6 2900/335/6 1556/335/6
f 913/208/35 912/463/35 786/492/35 787/491/35
f 735/454/5 2079/454/5 2205/477/5 861/477/5
f 911/464/35 910/464/35 784/493/35 785/492/35
f 691/435/6 2035/435/6 2490/337/6 1146/337/6
f 909/463/35 908/466/35 782/494/35 783/495/35
f 630/496/6 1974/496/6 1890/392/6 546/392/6
f 907/467/35 906/467/35 780/497/35 781/494/35
f 1557/335/5 2901/335/5 2985/276/5 1641/276/5
f 905/468/35 904/468/35 778/497/35 779/497/35
f 862/477/6 2206/477/6 2080/485/6 736/485/6
f 903/468/35 902/468/35 776/498/35 777/498/35
f 1147/341/5 2491/341/5 2034/437/5 690/437/5
f 901/469/35 900/469/35 774/494/35 775/499/35
f 547/392/5 1891/392/5 1975/490/5 631/490/5
f 899/469/35 898/469/35 772/500/35 773/500/35
f 1642/300/6 2986/300/6 2902/340/6 1558/340/6
f 897/470/35 896/470/35 770/491/35 771/205/35
f 737/501/5 2081/501/5 2207/476/5 863/476/5
f 895/470/35 894/471/35 768/205/35 769/491/35
f 689/203/6 2033/203/6 2492/341/6 1148/341/6
f 893/471/35 892/470/35 766/502/35 767/503/35
f 632/490/6 1976/490/6 1892/392/6 548/392/6
f 891/472/35 890/472/35 764/205/35 765/205/35
f 1559/346/5 2903/346/5 2987/276/5 1643/276/5
f 889/470/35 888/470/35 762/491/35 763/205/35
f 864/477/6 2208/477/6 2082/501/6 738/501/6
f 887/470/35 886/472/35 760/504/35 761/491/35
f 1149/345/5 2493/345/5 2032/437/5 688/437/5
f 885/470/35 884/470/35 758/500/35 759/500/35
f 549/392/5 1893/392/5 1977/490/5 633/490/5
f 883/473/35 882/473/35 756/500/35 757/500/35
f 1644/231/6 2988/231/6 2904/346/6 1560/346/6
f 881/473/35 880/473/35 754/205/35 755/205/35
f 739/485/5 2083/485/5 2209/477/5 865/477/5
f 879/475/35 878/462/35 752/491/35 753/491/35
f 687/435/6 2031/435/6 2494/345/6 1150/345/6
f 3405/474/8 876/474/8 750/505/8 3372/501/8
f 634/496/6 1978/496/6 1894/399/6 550/399/6
f 875/477/8 874/476/8 748/485/8 749/454/8
f 1561/343/5 2905/343/5 2989/276/5 1645/276/5
f 873/476/8 872/477/8 746/485/8 747/485/8
f 866/476/6 2210/476/6 2084/506/6 740/506/6
f 871/477/8 870/477/8 744/485/8 745/454/8
f 1151/283/5 2495/283/5 2030/435/5 686/435/5
f 869/476/8 868/477/8 742/454/8 743/454/8
f 551/196/5 1895/196/5 1979/490/5 635/490/5
f 867/478/8 866/476/8 740/506/8 741/460/8
f 1646/300/6 2990/300/6 2906/335/6 1562/335/6
f 865/477/8 864/477/8 738/501/8 739/485/8
f 741/460/5 2085/460/5 2211/478/5 867/478/5
f 863/476/8 862/477/8 736/485/8 737/501/8
f 685/436/6 2029/436/6 2496/283/6 1152/283/6
f 861/477/8 860/477/8 734/454/8 735/454/8
f 636/490/6 1980/490/6 1896/196/6 552/196/6
f 859/479/8 858/474/8 732/485/8 733/454/8
f 1563/346/5 2907/346/5 2991/276/5 1647/276/5
f 857/479/8 856/479/8 730/454/8 731/454/8
f 868/477/6 2212/477/6 2086/454/6 742/454/6
f 855/479/8 854/479/8 728/454/8 729/454/8
f 1153/351/5 2497/351/5 2028/435/5 684/435/5
f 853/479/8 852/455/8 726/454/8 727/454/8
f 553/402/5 1897/402/5 1981/200/5 637/200/5
f 851/455/8 850/455/8 724/454/8 725/454/8
f 1648/289/6 2992/289/6 2908/344/6 1564/344/6
f 849/474/8 848/207/8 722/460/8 723/454/8
f 743/454/5 2087/454/5 2213/476/5 869/476/5
f 847/455/8 846/455/8 720/460/8 721/460/8
f 683/433/6 2027/433/6 2498/292/6 1154/292/6
f 845/455/8 844/207/8 718/460/8 719/460/8
f 638/200/6 1982/200/6 1898/402/6 554/402/6
f 843/455/8 842/455/8 716/461/8 717/460/8
f 1565/343/5 2909/343/5 2993/276/5 1649/276/5
f 841/455/8 840/455/8 714/454/8 715/460/8
f 870/477/6 2214/477/6 2088/485/6 744/485/6
f 839/455/8 838/455/8 712/485/8 713/454/8
f 1155/283/5 2499/283/5 2026/203/5 682/203/5
f 837/474/8 836/474/8 710/485/8 711/202/8
f 555/402/5 1899/402/5 1983/507/5 639/507/5
f 3394/480/21 834/480/21 666/507/21 3361/507/21
f 1650/289/6 2994/289/6 2910/343/6 1566/343/6
f 833/480/21 832/480/21 664/508/21 665/509/21
f 745/454/5 2089/454/5 2215/477/5 871/477/5
f 831/480/21 830/480/21 662/508/21 663/508/21
f 681/428/6 2025/428/6 2500/283/6 1156/283/6
f 829/481/21 828/481/21 660/509/21 661/508/21
f 640/200/6 1984/200/6 1900/402/6 556/402/6
f 827/481/21 826/481/21 658/510/21 659/509/21
f 1567/344/5 2911/344/5 2995/298/5 1651/298/5
f 825/206/21 824/482/21 656/507/21 657/511/21
f 872/477/6 2216/477/6 2090/485/6 746/485/6
f 823/481/21 822/481/21 654/509/21 655/509/21
f 1157/354/5 2501/354/5 2024/203/5 680/203/5
f 821/481/21 820/481/21 652/508/21 653/508/21
f 557/402/5 1901/402/5 1985/200/5 641/200/5
f 819/481/21 818/481/21 650/509/21 651/508/21
f 1652/298/6 2996/298/6 2912/344/6 1568/344/6
f 817/480/21 816/480/21 648/483/21 649/507/21
f 747/485/5 2091/485/5 2217/476/5 873/476/5
f 815/480/21 814/480/21 646/483/21 647/483/21
f 679/203/6 2023/203/6 2502/355/6 1158/355/6
f 813/480/21 812/480/21 644/483/21 645/483/21
f 642/200/6 1986/200/6 1902/415/6 558/415/6
f 811/484/21 810/484/21 642/200/21 643/483/21
f 1569/343/5 2913/343/5 2997/298/5 1653/298/5
f 809/486/21 808/486/21 640/200/21 641/200/21
f 874/476/6 2218/476/6 2092/485/6 748/485/6
f 807/486/21 806/487/21 638/200/21 639/507/21
f 1159/217/5 2503/217/5 2022/434/5 678/434/5
f 805/488/21 804/482/21 636/490/21 637/200/21
f 559/415/5 1903/415/5 1987/483/5 643/483/5
f 803/482/21 802/489/21 634/496/21 635/490/21
f 1654/288/6 2998/288/6 2914/343/6 1570/343/6
f 801/489/21 800/489/21 632/490/21 633/490/21
f 749/454/5 2093/454/5 2219/477/5 875/477/5
f 799/489/21 798/480/21 630/496/21 631/490/21
f 677/428/6 2021/428/6 2504/217/6 1160/217/6
f 797/480/21 796/480/21 628/490/21 629/490/21
f 644/483/6 1988/483/6 1904/415/6 560/415/6
f 795/481/21 794/481/21 626/483/21 627/483/21
f 1571/343/5 2915/343/5 2999/288/5 1655/288/5
f 3383/205/34 792/205/34 624/199/34 3350/199/34
f 876/474/6 2220/474/6 2094/505/6 750/505/6
f 791/491/34 790/205/34 622/199/34 623/443/34
f 1161/356/5 2505/356/5 2020/433/5 676/433/5
f 789/205/34 788/491/34 620/199/34 621/199/34
f 561/196/5 1905/196/5 1989/483/5 645/483/5
f 787/491/34 786/492/34 618/199/34 619/199/34
f 1656/291/6 3000/291/6 2916/335/6 1572/335/6
f 785/492/34 784/493/34 616/442/34 617/442/34
f 751/205/5 2095/205/5 2221/208/5 877/208/5
f 783/495/34 782/494/34 614/465/34 615/199/34
f 675/428/6 2019/428/6 2506/357/6 1162/357/6
f 781/494/34 780/497/34 612/199/34 613/199/34
f 646/483/6 1990/483/6 1906/399/6 562/399/6
f 779/497/34 778/497/34 610/199/34 611/199/34
f 1573/335/5 2917/335/5 3001/288/5 1657/288/5
f 777/498/34 776/498/34 608/198/34 609/199/34
f 878/462/6 2222/462/6 2096/491/6 752/491/6
f 775/499/34 774/494/34 606/453/34 607/198/34
f 1163/357/5 2507/357/5 2018/203/5 674/203/5
f 773/500/34 772/500/34 604/443/34 605/443/34
f 563/399/5 1907/399/5 1991/483/5 647/483/5
f 771/205/34 770/491/34 602/445/34 603/198/34
f 1658/289/6 3002/289/6 2918/335/6 1574/335/6
f 769/491/34 768/205/34 600/445/34 601/445/34
f 753/491/5 2097/491/5 2223/475/5 879/475/5
f 767/503/34 766/502/34 598/444/34 599/444/34
f 673/432/6 2017/432/6 2508/351/6 1164/351/6
f 765/205/34 764/205/34 596/444/34 597/444/34
f 648/483/6 1992/483/6 1908/424/6 564/424/6
f 763/205/34 762/491/34 594/198/34 595/444/34
f 1575/335/5 2919/335/5 3003/291/5 1659/291/5
f 761/491/34 760/504/34 592/443/34 593/198/34
f 880/473/6 2224/473/6 2098/205/6 754/205/6
f 759/500/34 758/500/34 590/442/34 591/442/34
f 1165/351/5 2509/351/5 2016/428/5 672/428/5
f 757/500/34 756/500/34 588/442/34 589/442/34
f 565/196/5 1909/196/5 1993/507/5 649/507/5
f 755/205/34 754/205/34 586/198/34 587/199/34
f 1660/276/6 3004/276/6 2920/335/6 1576/335/6
f 753/491/34 752/491/34 584/198/34 585/198/34
f 755/205/5 2099/205/5 2225/473/5 881/473/5
f 3372/501/7 750/505/7 667/428/7 3668/427/7
f 671/427/6 2015/427/6 2510/283/6 1166/283/6
f 749/454/7 748/485/7 669/427/7 668/427/7
f 650/509/6 1994/509/6 1910/196/6 566/196/6
f 747/485/7 746/485/7 671/427/7 670/431/7
f 1577/336/5 2921/336/5 3005/288/5 1661/288/5
f 745/454/7 744/485/7 673/432/7 672/428/7
f 882/473/6 2226/473/6 2100/500/6 756/500/6
f 743/454/7 742/454/7 675/428/7 674/203/7
f 1167/354/5 2511/354/5 2014/431/5 670/431/5
f 741/460/7 740/506/7 677/428/7 676/433/7
f 567/197/5 1911/197/5 1995/508/5 651/508/5
f 739/485/7 738/501/7 679/203/7 678/434/7
f 1662/232/6 3006/232/6 2922/229/6 1578/229/6
f 737/501/7 736/485/7 681/428/7 680/203/7
f 757/500/5 2101/500/5 2227/473/5 883/473/5
f 735/454/7 734/454/7 683/433/7 682/203/7
f 669/427/6 2013/427/6 2512/367/6 1168/367/6
f 733/454/7 732/485/7 685/436/7 684/435/7
f 652/508/6 1996/508/6 1912/197/6 568/197/6
f 731/454/7 730/454/7 687/435/7 686/435/7
f 1579/229/5 2923/229/5 3007/289/5 1663/289/5
f 729/454/7 728/454/7 689/203/7 688/437/7
f 884/470/6 2228/470/6 2102/500/6 758/500/6
f 727/454/7 726/454/7 691/435/7 690/437/7
f 1169/368/5 2513/368/5 2012/427/5 668/427/5
f 725/454/7 724/454/7 693/203/7 692/203/7
f 569/197/5 1913/197/5 1997/508/5 653/508/5
f 723/454/7 722/460/7 695/203/7 694/203/7
f 1664/288/6 3008/288/6 2924/229/6 1580/229/6
f 721/460/7 720/460/7 697/428/7 696/428/7
f 759/500/5 2103/500/5 2229/470/5 885/470/5
f 719/460/7 718/460/7 699/427/7 698/428/7
f 667/428/6 2011/428/6 2514/355/6 1170/355/6
f 717/427/7 716/461/7 701/427/7 700/427/7
f 654/509/6 1998/509/6 1914/197/6 570/197/6
f 715/460/7 714/454/7 703/438/7 702/427/7
f 1581/338/5 2925/338/5 3009/231/5 1665/231/5
f 713/454/7 712/485/7 705/427/7 704/427/7
f 886/472/6 2230/472/6 2104/504/6 760/504/6
f 711/202/7 710/485/7 707/427/7 706/439/7
f 1171/218/5 2515/218/5 2599/222/5 1255/222/5
f 3361/507/20 666/507/20 582/197/20 3339/197/20
f 571/197/5 1915/197/5 1999/509/5 655/509/5
f 665/509/20 664/508/20 580/197/20 581/399/20
f 1666/288/6 3010/288/6 2926/340/6 1582/340/6
f 663/508/20 662/508/20 578/197/20 579/197/20
f 761/491/5 2105/491/5 2231/470/5 887/470/5
f 661/508/20 660/509/20 576/197/20 577/197/20
f 1256/222/6 2600/222/6 2516/369/6 1172/369/6
f 659/509/20 658/510/20 574/392/20 575/392/20
f 656/507/6 2000/507/6 1916/197/6 572/197/6
f 657/511/20 656/507/20 572/197/20 573/430/20
f 1583/340/5 2927/340/5 3011/288/5 1667/288/5
f 655/509/20 654/509/20 570/197/20 571/197/20
f 888/470/6 2232/470/6 2106/491/6 762/491/6
f 653/508/20 652/508/20 568/197/20 569/197/20
f 1173/369/5 2517/369/5 2601/407/5 1257/407/5
f 651/508/20 650/509/20 566/196/20 567/197/20
f 573/430/5 1917/430/5 2001/511/5 657/511/5
f 649/507/20 648/483/20 564/424/20 565/196/20
f 1668/235/6 3012/235/6 2928/338/6 1584/338/6
f 647/483/20 646/483/20 562/399/20 563/399/20
f 763/205/5 2107/205/5 2233/470/5 889/470/5
f 645/483/20 644/483/20 560/415/20 561/196/20
f 1258/408/6 2602/408/6 2518/373/6 1174/373/6
f 643/483/20 642/200/20 558/415/20 559/415/20
f 658/510/6 2002/510/6 1918/392/6 574/392/6
f 641/200/20 640/200/20 556/402/20 557/402/20
f 1585/335/5 2929/335/5 3013/276/5 1669/276/5
f 639/507/20 638/200/20 554/402/20 555/402/20
f 890/472/6 2234/472/6 2108/205/6 764/205/6
f 637/200/20 636/490/20 552/196/20 553/402/20
f 1175/373/5 2519/373/5 2603/408/5 1259/408/5
f 635/490/20 634/496/20 550/399/20 551/196/20
f 575/392/5 1919/392/5 2003/509/5 659/509/5
f 633/490/20 632/490/20 548/392/20 549/392/20
f 1670/232/6 3014/232/6 2930/335/6 1586/335/6
f 631/490/20 630/496/20 546/392/20 547/392/20
f 765/205/5 2109/205/5 2235/472/5 891/472/5
f 629/490/20 628/490/20 544/196/20 545/197/20
f 1260/414/6 2604/414/6 2520/374/6 1176/374/6
f 627/483/20 626/483/20 542/196/20 543/196/20
f 660/509/6 2004/509/6 1920/197/6 576/197/6
f 3350/199/33 624/199/33 540/192/33 3328/512/33
f 1587/336/5 2931/336/5 3015/282/5 1671/282/5
f 623/443/33 622/199/33 538/324/33 539/324/33
f 892/470/6 2236/470/6 2110/502/6 766/502/6
f 621/199/33 620/199/33 536/359/33 537/360/33
f 1177/373/5 2521/373/5 2605/414/5 1261/414/5
f 619/199/33 618/199/33 534/324/33 535/360/33
f 577/197/5 1921/197/5 2005/508/5 661/508/5
f 617/442/33 616/442/33 532/372/33 533/360/33
f 1672/280/6 3016/280/6 2932/229/6 1588/229/6
f 615/199/33 614/465/33 530/360/33 531/372/33
f 767/503/5 2111/503/5 2237/471/5 893/471/5
f 613/199/33 612/199/33 528/324/33 529/324/33
f 1262/414/6 2606/414/6 2522/373/6 1178/373/6
f 611/199/33 610/199/33 526/324/33 527/359/33
f 662/508/6 2006/508/6 1922/197/6 578/197/6
f 609/199/33 608/198/33 524/360/33 525/359/33
f 1589/334/5 2933/334/5 3017/235/5 1673/235/5
f 607/198/33 606/453/33 522/324/33 523/359/33
f 894/471/6 2238/471/6 2112/205/6 768/205/6
f 605/443/33 604/443/33 520/324/33 521/324/33
f 1179/373/5 2523/373/5 2607/414/5 1263/414/5
f 603/198/33 602/445/33 518/324/33 519/324/33
f 579/197/5 1923/197/5 2007/508/5 663/508/5
f 601/445/33 600/445/33 516/192/33 517/324/33
f 1674/276/6 3018/276/6 2934/229/6 1590/229/6
f 599/444/33 598/444/33 514/192/33 515/193/33
f 769/491/5 2113/491/5 2239/470/5 895/470/5
f 597/444/33 596/444/33 512/192/33 513/324/33
f 1264/406/6 2608/406/6 2524/374/6 1180/374/6
f 595/444/33 594/198/33 510/193/33 511/193/33
f 664/508/6 2008/508/6 1924/197/6 580/197/6
f 593/198/33 592/443/33 508/339/33 509/193/33
f 1591/230/5 2935/230/5 3019/233/5 1675/233/5
f 591/442/33 590/442/33 506/193/33 507/193/33
f 896/470/6 2240/470/6 2114/491/6 770/491/6
f 589/442/33 588/442/33 504/339/33 505/193/33
f 1181/373/5 2525/373/5 2609/408/5 1265/408/5
f 587/199/33 586/198/33 502/193/33 503/193/33
f 581/399/5 1925/399/5 2009/509/5 665/509/5
f 585/198/33 584/198/33 500/324/33 501/324/33
f 1676/253/6 3020/253/6 2936/333/6 1592/333/6
f 3339/197/19 582/197/19 456/316/19 3317/513/19
f 771/205/5 2115/205/5 2241/470/5 897/470/5
f 581/399/19 580/197/19 454/189/19 455/189/19
f 1266/408/6 2610/408/6 2526/373/6 1182/373/6
f 579/197/19 578/197/19 452/189/19 453/189/19
f 666/507/6 2010/507/6 1926/197/6 582/197/6
f 577/197/19 576/197/19 450/295/19 451/189/19
f 1593/312/5 2937/312/5 3021/233/5 1677/233/5
f 575/392/19 574/392/19 448/286/19 449/290/19
f 898/469/6 2242/469/6 2116/500/6 772/500/6
f 573/430/19 572/197/19 446/259/19 447/259/19
f 1183/218/5 2527/218/5 2611/410/5 1267/410/5
f 571/197/19 570/197/19 444/245/19 445/259/19
f 708/204/5 2052/204/5 2053/201/5 709/201/5
f 569/197/19 568/197/19 442/259/19 443/245/19
f 1678/251/6 3022/251/6 2938/311/6 1594/311/6
f 567/197/19 566/196/19 440/245/19 441/245/19
f 773/500/5 2117/500/5 2243/469/5 899/469/5
f 565/196/19 564/424/19 438/259/19 439/245/19
f 1268/412/6 2612/412/6 2528/218/6 1184/218/6
f 563/399/19 562/399/19 436/295/19 437/393/19
f 710/485/6 2054/485/6 2051/427/6 707/427/6
f 561/196/19 560/415/19 434/189/19 435/316/19
f 1595/311/5 2939/311/5 3023/249/5 1679/249/5
f 559/415/19 558/415/19 432/189/19 433/189/19
f 900/469/6 2244/469/6 2118/494/6 774/494/6
f 557/402/19 556/402/19 430/316/19 431/413/19
f 1185/218/5 2529/218/5 2613/412/5 1269/412/5
f 555/402/19 554/402/19 428/189/19 429/189/19
f 706/439/5 2050/439/5 2055/202/5 711/202/5
f 553/402/19 552/196/19 426/189/19 427/189/19
f 1680/249/6 3024/249/6 2940/311/6 1596/311/6
f 551/196/19 550/399/19 424/189/19 425/189/19
f 775/499/5 2119/499/5 2245/469/5 901/469/5
f 549/392/19 548/392/19 422/295/19 423/295/19
f 1270/410/6 2614/410/6 2530/219/6 1186/219/6
f 547/392/19 546/392/19 420/393/19 421/295/19
f 712/485/6 2056/485/6 2049/427/6 705/427/6
f 545/197/19 544/196/19 418/189/19 419/189/19
f 1597/327/5 2941/327/5 3025/249/5 1681/249/5
f 543/196/19 542/196/19 416/386/19 417/386/19
f 902/468/6 2246/468/6 2120/498/6 776/498/6
f 3328/512/32 540/192/32 457/194/32 3657/244/32
f 1187/219/5 2531/219/5 2615/411/5 1271/411/5
f 539/324/32 538/324/32 459/248/32 458/247/32
f 704/427/5 2048/427/5 2057/454/5 713/454/5
f 537/360/32 536/359/32 461/247/32 460/247/32
f 1682/251/6 3026/251/6 2942/327/6 1598/327/6
f 535/360/32 534/324/32 463/252/32 462/247/32
f 777/498/5 2121/498/5 2247/468/5 903/468/5
f 533/360/32 532/372/32 465/247/32 464/254/32
f 1272/409/6 2616/409/6 2532/219/6 1188/219/6
f 531/372/32 530/360/32 467/244/32 466/247/32
f 714/454/6 2058/454/6 2047/438/6 703/438/6
f 529/324/32 528/324/32 469/195/32 468/257/32
f 1599/327/5 2943/327/5 3027/251/5 1683/251/5
f 527/359/32 526/324/32 471/262/32 470/261/32
f 904/468/6 2248/468/6 2122/497/6 778/497/6
f 525/359/32 524/360/32 473/247/32 472/262/32
f 1189/395/5 2533/395/5 2617/408/5 1273/408/5
f 523/359/32 522/324/32 475/265/32 474/264/32
f 702/427/5 2046/427/5 2059/460/5 715/460/5
f 521/324/32 520/324/32 477/247/32 476/247/32
f 1684/234/6 3028/234/6 2944/328/6 1600/328/6
f 519/324/32 518/324/32 479/247/32 478/267/32
f 779/497/5 2123/497/5 2249/468/5 905/468/5
f 517/324/32 516/192/32 481/247/32 480/267/32
f 1274/408/6 2618/408/6 2534/395/6 1190/395/6
f 515/193/32 514/192/32 483/248/32 482/247/32
f 716/461/6 2060/461/6 2045/427/6 701/427/6
f 513/324/32 512/192/32 485/248/32 484/247/32
f 1601/327/5 2945/327/5 3029/251/5 1685/251/5
f 511/193/32 510/193/32 487/248/32 486/247/32
f 906/467/6 2250/467/6 2124/497/6 780/497/6
f 509/193/32 508/339/32 489/194/32 488/194/32
f 1191/395/5 2535/395/5 2619/408/5 1275/408/5
f 507/248/32 506/193/32 491/248/32 490/247/32
f 700/427/5 2044/427/5 2061/460/5 717/460/5
f 505/193/32 504/339/32 493/275/32 492/248/32
f 1686/249/6 3030/249/6 2946/327/6 1602/327/6
f 503/193/32 502/193/32 495/247/32 494/247/32
f 781/494/5 2125/494/5 2251/467/5 907/467/5
f 501/324/32 500/324/32 497/247/32 496/195/32
f 1276/406/6 2620/406/6 2536/373/6 1192/373/6
f 3317/513/18 456/316/18 373/190/18 3646/190/18
f 718/460/6 2062/460/6 2043/427/6 699/427/6
f 455/189/18 454/189/18 375/279/18 374/278/18
f 1603/325/5 2947/325/5 3031/251/5 1687/251/5
f 453/189/18 452/189/18 377/281/18 376/246/18
f 908/466/6 2252/466/6 2126/494/6 782/494/6
f 451/189/18 450/295/18 379/272/18 378/285/18
f 1193/373/5 2537/373/5 2621/406/5 1277/406/5
f 449/290/18 448/286/18 381/246/18 380/287/18
f 698/428/5 2042/428/5 2063/460/5 719/460/5
f 447/259/18 446/259/18 383/246/18 382/277/18
f 1688/249/6 3032/249/6 2948/326/6 1604/326/6
f 445/259/18 444/245/18 385/246/18 384/272/18
f 783/495/5 2127/495/5 2253/463/5 909/463/5
f 443/245/18 442/259/18 387/260/18 386/246/18
f 1278/406/6 2622/406/6 2538/373/6 1194/373/6
f 441/245/18 440/245/18 389/246/18 388/246/18
f 720/460/6 2064/460/6 2041/428/6 697/428/6
f 439/245/18 438/259/18 391/294/18 390/293/18
f 1605/326/5 2949/326/5 3033/251/5 1689/251/5
f 437/393/18 436/295/18 393/246/18 392/246/18
f 910/464/6 2254/464/6 2128/493/6 784/493/6
f 435/316/18 434/189/18 395/297/18 394/296/18
f 1195/218/5 2539/218/5 2623/407/5 1279/407/5
f 433/189/18 432/189/18 397/299/18 396/296/18
f 696/428/5 2040/428/5 2065/460/5 721/460/5
f 431/413/18 430/316/18 399/297/18 398/299/18
f 1690/249/6 3034/249/6 2950/325/6 1606/325/6
f 429/189/18 428/189/18 401/297/18 400/299/18
f 785/492/5 2129/492/5 2255/464/5 911/464/5
f 427/189/18 426/189/18 403/297/18 402/301/18
f 1280/222/6 2624/222/6 2540/373/6 1196/373/6
f 425/189/18 424/189/18 405/303/18 404/302/18
f 722/460/6 2066/460/6 2039/203/6 695/203/6
f 423/303/18 422/295/18 407/303/18 406/303/18
f 1607/325/5 2951/325/5 3035/251/5 1691/251/5
f 421/295/18 420/393/18 409/306/18 408/305/18
f 912/463/6 2256/463/6 2130/492/6 786/492/6
f 419/189/18 418/189/18 411/190/18 410/190/18
f 1197/218/5 2541/218/5 2625/222/5 1281/222/5
f 417/386/18 416/386/18 413/308/18 412/191/18
f 694/203/5 2038/203/5 2067/454/5 723/454/5
f 1801/194/31 1802/247/31 3059/234/31 3060/234/31
f 1803/248/31 1804/247/31 3057/251/31 3058/249/31
f 1805/247/31 1806/247/31 3055/251/31 3056/251/31
f 1807/252/31 1808/254/31 3053/251/31 3054/253/31
f 1809/247/31 1810/247/31 3051/256/31 3052/251/31
f 1811/244/31 1812/257/31 3049/258/31 3050/255/31
f 1813/195/31 1814/261/31 3047/258/31 3048/258/31
f 1815/262/31 1816/262/31 3045/258/31 3046/255/31
f 1817/247/31 1818/264/31 3043/255/31 3044/258/31
f 1819/265/31 1820/247/31 3041/255/31 3042/258/31
f 1821/247/31 1822/267/31 3039/268/31 3040/255/31
f 1823/247/31 1824/267/31 3037/269/31 3038/251/31
f 1825/247/31 1826/247/31 3035/251/31 3036/249/31
f 1827/248/31 1828/247/31 3033/251/31 3034/249/31
f 1829/248/31 1830/247/31 3031/251/31 3032/249/31
f 1831/248/31 1832/194/31 3029/251/31 3030/249/31
f 1833/194/31 1834/247/31 3027/251/31 3028/234/31
f 1835/248/31 1836/248/31 3025/249/31 3026/251/31
f 1837/275/31 1838/247/31 3023/249/31 3024/249/31
f 1839/247/31 1840/195/31 3021/233/31 3022/251/31
f 1841/247/31 1842/195/31 3019/233/31 3020/253/31
f 1717/190/17 1718/278/17 3017/235/17 3018/276/17
f 1719/279/17 1720/246/17 3015/282/17 3016/280/17
f 1721/281/17 1722/285/17 3013/276/17 3014/232/17
f 1723/272/17 1724/287/17 3011/288/17 3012/235/17
f 1725/246/17 1726/277/17 3009/231/17 3010/288/17
f 1727/246/17 1728/272/17 3007/289/17 3008/288/17
f 1729/246/17 1730/246/17 3005/288/17 3006/232/17
f 1731/260/17 1732/246/17 3003/291/17 3004/276/17
f 1733/246/17 1734/293/17 3001/288/17 3002/289/17
f 1735/294/17 1736/246/17 2999/288/17 3000/291/17
f 1737/246/17 1738/296/17 2997/298/17 2998/288/17
f 1739/297/17 1740/296/17 2995/298/17 2996/298/17
f 1741/299/17 1742/299/17 2993/276/17 2994/289/17
f 1743/297/17 1744/299/17 2991/276/17 2992/289/17
f 1745/297/17 1746/301/17 2989/276/17 2990/300/17
f 1747/297/17 1748/302/17 2987/276/17 2988/231/17
f 1749/303/17 1750/303/17 2985/276/17 2986/300/17
f 1751/303/17 1752/305/17 2983/276/17 2984/288/17
f 1753/306/17 1754/190/17 2981/276/17 2982/307/17
f 1755/190/17 1756/191/17 2979/231/17 2980/288/17
f 1757/308/17 1758/191/17 2977/231/17 2978/289/17
f 3060/234/30 3059/234/30 2975/310/30 2976/230/30
f 3058/249/30 3057/251/30 2973/311/30 2974/230/30
f 3056/251/30 3055/251/30 2971/313/30 2972/311/30
f 3054/253/30 3053/251/30 2969/312/30 2970/312/30
f 3052/251/30 3051/256/30 2967/230/30 2968/312/30
f 3050/255/30 3049/258/30 2965/312/30 2966/230/30
f 3048/258/30 3047/258/30 2963/313/30 2964/312/30
f 3046/255/30 3045/258/30 2961/313/30 2962/313/30
f 3044/258/30 3043/255/30 2959/311/30 2960/313/30
f 3042/258/30 3041/255/30 2957/319/30 2958/311/30
f 3040/255/30 3039/268/30 2955/319/30 2956/319/30
f 3038/251/30 3037/269/30 2953/323/30 2954/319/30
f 3036/249/30 3035/251/30 2951/325/30 2952/323/30
f 3034/249/30 3033/251/30 2949/326/30 2950/325/30
f 3032/249/30 3031/251/30 2947/325/30 2948/326/30
f 3030/249/30 3029/251/30 2945/327/30 2946/327/30
f 3028/234/30 3027/251/30 2943/327/30 2944/328/30
f 3026/251/30 3025/249/30 2941/327/30 2942/327/30
f 3024/249/30 3023/249/30 2939/311/30 2940/311/30
f 3022/251/30 3021/233/30 2937/312/30 2938/311/30
f 3020/253/30 3019/233/30 2935/230/30 2936/333/30
f 3018/276/16 3017/235/16 2933/334/16 2934/229/16
f 3016/280/16 3015/282/16 2931/336/16 2932/229/16
f 3014/232/16 3013/276/16 2929/335/16 2930/335/16
f 3012/235/16 3011/288/16 2927/340/16 2928/338/16
f 3010/288/16 3009/231/16 2925/338/16 2926/340/16
f 3008/288/16 3007/289/16 2923/229/16 2924/229/16
f 3006/232/16 3005/288/16 2921/336/16 2922/229/16
f 3004/276/16 3003/291/16 2919/335/16 2920/335/16
f 3002/289/16 3001/288/16 2917/335/16 2918/335/16
f 3000/291/16 2999/288/16 2915/343/16 2916/335/16
f 2998/288/16 2997/298/16 2913/343/16 2914/343/16
f 2996/298/16 2995/298/16 2911/344/16 2912/344/16
f 2994/289/16 2993/276/16 2909/343/16 2910/343/16
f 2992/289/16 2991/276/16 2907/346/16 2908/344/16
f 2990/300/16 2989/276/16 2905/343/16 2906/335/16
f 2988/231/16 2987/276/16 2903/346/16 2904/346/16
f 2986/300/16 2985/276/16 2901/335/16 2902/340/16
f 2984/288/16 2983/276/16 2899/335/16 2900/335/16
f 2982/307/16 2981/276/16 2897/335/16 2898/335/16
f 2980/288/16 2979/231/16 2895/338/16 2896/335/16
f 2978/289/16 2977/231/16 2893/229/16 2894/334/16
f 2976/230/29 2975/310/29 2891/350/29 2892/228/29
f 2974/230/29 2973/311/29 2889/349/29 2890/349/29
f 2972/311/29 2971/313/29 2887/228/29 2888/228/29
f 2970/312/29 2969/312/29 2885/350/29 2886/350/29
f 2968/312/29 2967/230/29 2883/329/29 2884/329/29
f 2966/230/29 2965/312/29 2881/320/29 2882/320/29
f 2964/312/29 2963/313/29 2879/227/29 2880/320/29
f 2962/313/29 2961/313/29 2877/227/29 2878/227/29
f 2960/313/29 2959/311/29 2875/227/29 2876/320/29
f 2958/311/29 2957/319/29 2873/320/29 2874/320/29
f 2956/319/29 2955/319/29 2871/350/29 2872/320/29
f 2954/319/29 2953/323/29 2869/350/29 2870/350/29
f 2952/323/29 2951/325/29 2867/228/29 2868/228/29
f 2950/325/29 2949/326/29 2865/227/29 2866/228/29
f 2948/326/29 2947/325/29 2863/227/29 2864/227/29
f 2946/327/29 2945/327/29 2861/320/29 2862/320/29
f 2944/328/29 2943/327/29 2859/320/29 2860/329/29
f 2942/327/29 2941/327/29 2857/320/29 2858/320/29
f 2940/311/29 2939/311/29 2855/320/29 2856/329/29
f 2938/311/29 2937/312/29 2853/314/29 2854/320/29
f 2936/333/29 2935/230/29 2851/227/29 2852/314/29
f 2934/229/15 2933/334/15 2849/271/15 2850/225/15
f 2932/229/15 2931/336/15 2847/271/15 2848/271/15
f 2930/335/15 2929/335/15 2845/271/15 2846/271/15
f 2928/338/15 2927/340/15 2843/271/15 2844/271/15
f 2926/340/15 2925/338/15 2841/271/15 2842/271/15
f 2924/229/15 2923/229/15 2839/225/15 2840/225/15
f 2922/229/15 2921/336/15 2837/226/15 2838/225/15
f 2920/335/15 2919/335/15 2835/226/15 2836/226/15
f 2918/335/15 2917/335/15 2833/358/15 2834/226/15
f 2916/335/15 2915/343/15 2831/358/15 2832/358/15
f 2914/343/15 2913/343/15 2829/358/15 2830/358/15
f 2912/344/15 2911/344/15 2827/358/15 2828/358/15
f 2910/343/15 2909/343/15 2825/358/15 2826/358/15
f 2908/344/15 2907/346/15 2823/225/15 2824/226/15
f 2906/335/15 2905/343/15 2821/226/15 2822/226/15
f 2904/346/15 2903/346/15 2819/226/15 2820/226/15
f 2902/340/15 2901/335/15 2817/226/15 2818/226/15
f 2900/335/15 2899/335/15 2815/226/15 2816/226/15
f 2898/335/15 2897/335/15 2813/225/15 2814/225/15
f 2896/335/15 2895/338/15 2811/271/15 2812/225/15
f 2894/334/15 2893/229/15 2809/225/15 2810/271/15
f 2892/228/28 2891/350/28 2807/361/28 2808/224/28
f 2890/349/28 2889/349/28 2805/224/28 2806/224/28
f 2888/228/28 2887/228/28 2803/224/28 2804/224/28
f 2886/350/28 2885/350/28 2801/364/28 2802/243/28
f 2884/329/28 2883/329/28 2799/366/28 2800/363/28
f 2882/320/28 2881/320/28 2797/243/28 2798/365/28
f 2880/320/28 2879/227/28 2795/224/28 2796/243/28
f 2878/227/28 2877/227/28 2793/224/28 2794/224/28
f 2876/320/28 2875/227/28 2791/317/28 2792/224/28
f 2874/320/28 2873/320/28 2789/342/28 2790/342/28
f 2872/320/28 2871/350/28 2787/321/28 2788/342/28
f 2870/350/28 2869/350/28 2785/321/28 2786/321/28
f 2868/228/28 2867/228/28 2783/352/28 2784/353/28
f 2866/228/28 2865/227/28 2781/348/28 2782/347/28
f 2864/227/28 2863/227/28 2779/347/28 2780/348/28
f 2862/320/28 2861/320/28 2777/321/28 2778/321/28
f 2860/329/28 2859/320/28 2775/330/28 2776/342/28
f 2858/320/28 2857/320/28 2773/330/28 2774/330/28
f 2856/329/28 2855/320/28 2771/321/28 2772/330/28
f 2854/320/28 2853/314/28 2769/317/28 2770/321/28
f 2852/314/28 2851/227/28 2767/224/28 2768/224/28
f 2850/225/14 2849/271/14 2765/266/14 2766/250/14
f 2848/271/14 2847/271/14 2763/250/14 2764/250/14
f 2846/271/14 2845/271/14 2761/266/14 2762/266/14
f 2844/271/14 2843/271/14 2759/273/14 2760/266/14
f 2842/271/14 2841/271/14 2757/270/14 2758/273/14
f 2840/225/14 2839/225/14 2755/250/14 2756/266/14
f 2838/225/14 2837/226/14 2753/250/14 2754/250/14
f 2836/226/14 2835/226/14 2751/266/14 2752/266/14
f 2834/226/14 2833/358/14 2749/266/14 2750/266/14
f 2832/358/14 2831/358/14 2747/266/14 2748/266/14
f 2830/358/14 2829/358/14 2745/266/14 2746/266/14
f 2828/358/14 2827/358/14 2743/273/14 2744/273/14
f 2826/358/14 2825/358/14 2741/266/14 2742/266/14
f 2824/226/14 2823/225/14 2739/273/14 2740/273/14
f 2822/226/14 2821/226/14 2737/378/14 2738/376/14
f 2820/226/14 2819/226/14 2735/377/14 2736/377/14
f 2818/226/14 2817/226/14 2733/376/14 2734/379/14
f 2816/226/14 2815/226/14 2731/376/14 2732/376/14
f 2814/225/14 2813/225/14 2729/266/14 2730/266/14
f 2812/225/14 2811/271/14 2727/266/14 2728/266/14
f 2810/271/14 2809/225/14 2725/186/14 2726/266/14
f 2808/224/27 2807/361/27 2723/223/27 2724/223/27
f 2806/224/27 2805/224/27 2721/223/27 2722/223/27
f 2804/224/27 2803/224/27 2719/223/27 2720/223/27
f 2802/243/27 2801/364/27 2717/381/27 2718/381/27
f 2800/363/27 2799/366/27 2715/382/27 2716/382/27
f 2798/365/27 2797/243/27 2713/382/27 2714/382/27
f 2796/243/27 2795/224/27 2711/383/27 2712/383/27
f 2794/224/27 2793/224/27 2709/383/27 2710/383/27
f 2792/224/27 2791/317/27 2707/382/27 2708/383/27
f 2790/342/27 2789/342/27 2705/381/27 2706/382/27
f 2788/342/27 2787/321/27 2703/223/27 2704/381/27
f 2786/321/27 2785/321/27 2701/223/27 2702/223/27
f 2784/353/27 2783/352/27 2699/387/27 2700/223/27
f 2782/347/27 2781/348/27 2697/223/27 2698/223/27
f 2780/348/27 2779/347/27 2695/223/27 2696/223/27
f 2778/321/27 2777/321/27 2693/223/27 2694/223/27
f 2776/342/27 2775/330/27 2691/381/27 2692/381/27
f 2774/330/27 2773/330/27 2689/381/27 2690/381/27
f 2772/330/27 2771/321/27 2687/223/27 2688/381/27
f 2770/321/27 2769/317/27 2685/223/27 2686/223/27
f 2768/224/27 2767/224/27 2683/223/27 2684/223/27
f 2766/250/13 2765/266/13 2681/390/13 2682/388/13
f 2764/250/13 2763/250/13 2679/389/13 2680/389/13
f 2762/266/13 2761/266/13 2677/390/13 2678/390/13
f 2760/266/13 2759/273/13 2675/389/13 2676/390/13
f 2758/273/13 2757/270/13 2673/394/13 2674/390/13
f 2756/266/13 2755/250/13 2671/390/13 2672/389/13
f 2754/250/13 2753/250/13 2669/389/13 2670/390/13
f 2752/266/13 2751/266/13 2667/390/13 2668/390/13
f 2750/266/13 2749/266/13 2665/397/13 2666/390/13
f 2748/266/13 2747/266/13 2663/397/13 2664/388/13
f 2746/266/13 2745/266/13 2661/397/13 2662/397/13
f 2744/273/13 2743/273/13 2659/397/13 2660/397/13
f 2742/266/13 2741/266/13 2657/398/13 2658/398/13
f 2740/273/13 2739/273/13 2655/388/13 2656/398/13
f 2738/376/13 2737/378/13 2653/398/13 2654/187/13
f 2736/377/13 2735/377/13 2651/398/13 2652/398/13
f 2734/379/13 2733/376/13 2649/398/13 2650/187/13
f 2732/376/13 2731/376/13 2647/398/13 2648/398/13
f 2730/266/13 2729/266/13 2645/398/13 2646/398/13
f 2728/266/13 2727/266/13 2643/388/13 2644/398/13
f 2726/266/13 2725/186/13 2641/187/13 2642/388/13
f 2724/223/26 2723/223/26 2639/400/26 2640/222/26
f 2722/223/26 2721/223/26 2637/222/26 2638/222/26
f 2720/223/26 2719/223/26 2635/222/26 2636/222/26
f 2718/381/26 2717/381/26 2633/403/26 2634/401/26
f 2716/382/26 2715/382/26 2631/404/26 2632/403/26
f 2714/382/26 2713/382/26 2629/401/26 2630/401/26
f 2712/383/26 2711/383/26 2627/222/26 2628/401/26
f 2710/383/26 2709/383/26 2625/222/26 2626/222/26
f 2708/383/26 2707/382/26 2623/407/26 2624/222/26
f 2706/382/26 2705/381/26 2621/406/26 2622/406/26
f 2704/381/26 2703/223/26 2619/408/26 2620/406/26
f 2702/223/26 2701/223/26 2617/408/26 2618/408/26
f 2700/223/26 2699/387/26 2615/411/26 2616/409/26
f 2698/223/26 2697/223/26 2613/412/26 2614/410/26
f 2696/223/26 2695/223/26 2611/410/26 2612/412/26
f 2694/223/26 2693/223/26 2609/408/26 2610/408/26
f 2692/381/26 2691/381/26 2607/414/26 2608/406/26
f 2690/381/26 2689/381/26 2605/414/26 2606/414/26
f 2688/381/26 2687/223/26 2603/408/26 2604/414/26
f 2686/223/26 2685/223/26 2601/407/26 2602/408/26
f 2684/223/26 2683/223/26 2599/222/26 2600/222/26
f 2682/388/12 2681/390/12 2597/416/12 2598/221/12
f 2680/389/12 2679/389/12 2595/221/12 2596/221/12
f 2678/390/12 2677/390/12 2593/221/12 2594/221/12
f 2676/390/12 2675/389/12 2591/419/12 2592/417/12
f 2674/390/12 2673/394/12 2589/419/12 2590/418/12
f 2672/389/12 2671/390/12 2587/418/12 2588/417/12
f 2670/390/12 2669/389/12 2585/419/12 2586/418/12
f 2668/390/12 2667/390/12 2583/419/12 2584/419/12
f 2666/390/12 2665/397/12 2581/420/12 2582/420/12
f 2664/388/12 2663/397/12 2579/420/12 2580/421/12
f 2662/397/12 2661/397/12 2577/420/12 2578/420/12
f 2660/397/12 2659/397/12 2575/421/12 2576/421/12
f 2658/398/12 2657/398/12 2573/416/12 2574/422/12
f 2656/398/12 2655/388/12 2571/423/12 2572/420/12
f 2654/187/12 2653/398/12 2569/420/12 2570/423/12
f 2652/398/12 2651/398/12 2567/420/12 2568/420/12
f 2650/187/12 2649/398/12 2565/419/12 2566/423/12
f 2648/398/12 2647/398/12 2563/417/12 2564/419/12
f 2646/398/12 2645/398/12 2561/417/12 2562/417/12
f 2644/398/12 2643/388/12 2559/416/12 2560/416/12
f 2642/388/12 2641/187/12 2557/220/12 2558/416/12
f 2640/222/25 2639/400/25 2555/395/25 2556/219/25
f 2638/222/25 2637/222/25 2553/425/25 2554/425/25
f 2636/222/25 2635/222/25 2551/219/25 2552/219/25
f 2634/401/25 2633/403/25 2549/395/25 2550/395/25
f 2632/403/25 2631/404/25 2547/374/25 2548/374/25
f 2630/401/25 2629/401/25 2545/373/25 2546/219/25
f 2628/401/25 2627/222/25 2543/218/25 2544/373/25
f 2626/222/25 2625/222/25 2541/218/25 2542/218/25
f 2624/222/25 2623/407/25 2539/218/25 2540/373/25
f 2622/406/25 2621/406/25 2537/373/25 2538/373/25
f 2620/406/25 2619/408/25 2535/395/25 2536/373/25
f 2618/408/25 2617/408/25 2533/395/25 2534/395/25
f 2616/409/25 2615/411/25 2531/219/25 2532/219/25
f 2614/410/25 2613/412/25 2529/218/25 2530/219/25
f 2612/412/25 2611/410/25 2527/218/25 2528/218/25
f 2610/408/25 2609/408/25 2525/373/25 2526/373/25
f 2608/406/25 2607/414/25 2523/373/25 2524/374/25
f 2606/414/25 2605/414/25 2521/373/25 2522/373/25
f 2604/414/25 2603/408/25 2519/373/25 2520/374/25
f 2602/408/25 2601/407/25 2517/369/25 2518/373/25
f 2600/222/25 2599/222/25 2515/218/25 2516/369/25
f 2011/428/38 2012/427/38 2513/368/38 2514/355/38
f 2013/427/38 2014/431/38 2511/354/38 2512/367/38
f 2015/427/38 2016/428/38 2509/351/38 2510/283/38
f 2017/432/38 2018/203/38 2507/357/38 2508/351/38
f 2019/428/38 2020/433/38 2505/356/38 2506/357/38
f 2021/428/38 2022/434/38 2503/217/38 2504/217/38
f 2023/203/38 2024/203/38 2501/354/38 2502/355/38
f 2025/428/38 2026/203/38 2499/283/38 2500/283/38
f 2027/433/38 2028/435/38 2497/351/38 2498/292/38
f 2029/436/38 2030/435/38 2495/283/38 2496/283/38
f 2031/435/38 2032/437/38 2493/345/38 2494/345/38
f 2033/203/38 2034/437/38 2491/341/38 2492/341/38
f 2035/435/38 2036/203/38 2489/318/38 2490/337/38
f 2037/203/38 2038/203/38 2487/304/38 2488/331/38
f 2039/203/38 2040/428/38 2485/318/38 2486/322/38
f 2041/428/38 2042/428/38 2483/304/38 2484/315/38
f 2043/427/38 2044/427/38 2481/304/38 2482/309/38
f 2045/427/38 2046/427/38 2479/283/38 2480/283/38
f 2047/438/38 2048/427/38 2477/283/38 2478/292/38
f 2049/427/38 2050/439/38 2475/216/38 2476/283/38
f 2051/427/38 2052/204/38 2473/216/38 2474/217/38
f 2598/221/11 2597/416/11 2471/240/11 2472/215/11
f 2596/221/11 2595/221/11 2469/215/11 2470/215/11
f 2594/221/11 2593/221/11 2467/240/11 2468/240/11
f 2592/417/11 2591/419/11 2465/440/11 2466/440/11
f 2590/418/11 2589/419/11 2463/215/11 2464/440/11
f 2588/417/11 2587/418/11 2461/215/11 2462/215/11
f 2586/418/11 2585/419/11 2459/215/11 2460/215/11
f 2584/419/11 2583/419/11 2457/441/11 2458/215/11
f 2582/420/11 2581/420/11 2455/441/11 2456/441/11
f 2580/421/11 2579/420/11 2453/215/11 2454/215/11
f 2578/420/11 2577/420/11 2451/215/11 2452/215/11
f 2576/421/11 2575/421/11 2449/240/11 2450/240/11
f 2574/422/11 2573/416/11 2447/441/11 2448/215/11
f 2572/420/11 2571/423/11 2445/215/11 2446/441/11
f 2570/423/11 2569/420/11 2443/215/11 2444/215/11
f 2568/420/11 2567/420/11 2441/240/11 2442/240/11
f 2566/423/11 2565/419/11 2439/215/11 2440/240/11
f 2564/419/11 2563/417/11 2437/215/11 2438/215/11
f 2562/417/11 2561/417/11 2435/215/11 2436/215/11
f 2560/416/11 2559/416/11 2433/240/11 2434/215/11
f 2558/416/11 2557/220/11 2431/215/11 2432/240/11
f 2556/219/24 2555/395/24 2429/426/24 2430/214/24
f 2554/425/24 2553/425/24 2427/239/24 2428/214/24
f 2552/219/24 2551/219/24 2425/405/24 2426/239/24
f 2550/395/24 2549/395/24 2423/371/24 2424/371/24
f 2548/374/24 2547/374/24 2421/214/24 2422/371/24
f 2546/219/24 2545/373/24 2419/371/24 2420/380/24
f 2544/373/24 2543/218/24 2417/405/24 2418/371/24
f 2542/218/24 2541/218/24 2415/405/24 2416/405/24
f 2540/373/24 2539/218/24 2413/239/24 2414/405/24
f 2538/373/24 2537/373/24 2411/396/24 2412/239/24
f 2536/373/24 2535/395/24 2409/396/24 2410/396/24
f 2534/395/24 2533/395/24 2407/391/24 2408/396/24
f 2532/219/24 2531/219/24 2405/384/24 2406/391/24
f 2530/219/24 2529/218/24 2403/385/24 2404/384/24
f 2528/218/24 2527/218/24 2401/384/24 2402/385/24
f 2526/373/24 2525/373/24 2399/375/24 2400/375/24
f 2524/374/24 2523/373/24 2397/375/24 2398/380/24
f 2522/373/24 2521/373/24 2395/375/24 2396/375/24
f 2520/374/24 2519/373/24 2393/239/24 2394/239/24
f 2518/373/24 2517/369/24 2391/371/24 2392/239/24
f 2516/369/24 2515/218/24 2389/214/24 2390/370/24
f 2514/355/37 2513/368/37 2387/213/37 2388/213/37
f 2512/367/37 2511/354/37 2385/362/37 2386/362/37
f 2510/283/37 2509/351/37 2383/213/37 2384/213/37
f 2508/351/37 2507/357/37 2381/332/37 2382/213/37
f 2506/357/37 2505/356/37 2379/212/37 2380/212/37
f 2504/217/37 2503/217/37 2377/212/37 2378/284/37
f 2502/355/37 2501/354/37 2375/284/37 2376/212/37
f 2500/283/37 2499/283/37 2373/212/37 2374/212/37
f 2498/292/37 2497/351/37 2371/284/37 2372/212/37
f 2496/283/37 2495/283/37 2369/284/37 2370/212/37
f 2494/345/37 2493/345/37 2367/332/37 2368/284/37
f 2492/341/37 2491/341/37 2365/332/37 2366/332/37
f 2490/337/37 2489/318/37 2363/332/37 2364/332/37
f 2488/331/37 2487/304/37 2361/212/37 2362/332/37
f 2486/322/37 2485/318/37 2359/284/37 2360/212/37
f 2484/315/37 2483/304/37 2357/284/37 2358/284/37
f 2482/309/37 2481/304/37 2355/284/37 2356/212/37
f 2480/283/37 2479/283/37 2353/284/37 2354/284/37
f 2478/292/37 2477/283/37 2351/284/37 2352/284/37
f 2476/283/37 2475/216/37 2349/274/37 2350/284/37
f 2474/217/37 2473/216/37 2347/212/37 2348/274/37
f 2472/215/10 2471/240/10 2345/263/10 2346/211/10
f 2470/215/10 2469/215/10 2343/211/10 2344/211/10
f 2468/240/10 2467/240/10 2341/211/10 2342/211/10
f 2466/440/10 2465/440/10 2339/447/10 2340/446/10
f 2464/440/10 2463/215/10 2337/448/10 2338/447/10
f 2462/215/10 2461/215/10 2335/448/10 2336/447/10
f 2460/215/10 2459/215/10 2333/447/10 2334/448/10
f 2458/215/10 2457/441/10 2331/447/10 2332/447/10
f 2456/441/10 2455/441/10 2329/449/10 2330/449/10
f 2454/215/10 2453/215/10 2327/449/10 2328/450/10
f 2452/215/10 2451/215/10 2325/449/10 2326/449/10
f 2450/240/10 2449/240/10 2323/450/10 2324/450/10
f 2448/215/10 2447/441/10 2321/263/10 2322/451/10
f 2446/441/10 2445/215/10 2319/452/10 2320/449/10
f 2444/215/10 2443/215/10 2317/449/10 2318/452/10
f 2442/240/10 2441/240/10 2315/449/10 2316/449/10
f 2440/240/10 2439/215/10 2313/447/10 2314/452/10
f 2438/215/10 2437/215/10 2311/446/10 2312/447/10
f 2436/215/10 2435/215/10 2309/446/10 2310/446/10
f 2434/215/10 2433/240/10 2307/263/10 2308/263/10
f 2432/240/10 2431/215/10 2305/210/10 2306/263/10
f 2430/214/23 2429/426/23 2303/209/23 2304/209/23
f 2428/214/23 2427/239/23 2301/456/23 2302/456/23
f 2426/239/23 2425/405/23 2299/456/23 2300/456/23
f 2424/371/23 2423/371/23 2297/456/23 2298/456/23
f 2422/371/23 2421/214/23 2295/458/23 2296/209/23
f 2420/380/23 2419/371/23 2293/459/23 2294/457/23
f 2418/371/23 2417/405/23 2291/459/23 2292/459/23
f 2416/405/23 2415/405/23 2289/459/23 2290/459/23
f 2414/405/23 2413/239/23 2287/459/23 2288/459/23
f 2412/239/23 2411/396/23 2285/459/23 2286/459/23
f 2410/396/23 2409/396/23 2283/459/23 2284/459/23
f 2408/396/23 2407/391/23 2281/458/23 2282/458/23
f 2406/391/23 2405/384/23 2279/458/23 2280/458/23
f 2404/384/23 2403/385/23 2277/458/23 2278/458/23
f 2402/385/23 2401/384/23 2275/458/23 2276/458/23
f 2400/375/23 2399/375/23 2273/458/23 2274/458/23
f 2398/380/23 2397/375/23 2271/456/23 2272/456/23
f 2396/375/23 2395/375/23 2269/456/23 2270/456/23
f 2394/239/23 2393/239/23 2267/456/23 2268/456/23
f 2392/239/23 2391/371/23 2265/209/23 2266/456/23
f 2390/370/23 2389/214/23 2263/209/23 2264/209/23
f 2388/213/36 2387/213/36 2261/462/36 2262/208/36
f 2386/362/36 2385/362/36 2259/208/36 2260/208/36
f 2384/213/36 2383/213/36 2257/208/36 2258/208/36
f 2382/213/36 2381/332/36 2255/464/36 2256/463/36
f 2380/212/36 2379/212/36 2253/463/36 2254/464/36
f 2378/284/36 2377/212/36 2251/467/36 2252/466/36
f 2376/212/36 2375/284/36 2249/468/36 2250/467/36
f 2374/212/36 2373/212/36 2247/468/36 2248/468/36
f 2372/212/36 2371/284/36 2245/469/36 2246/468/36
f 2370/212/36 2369/284/36 2243/469/36 2244/469/36
f 2368/284/36 2367/332/36 2241/470/36 2242/469/36
f 2366/332/36 2365/332/36 2239/470/36 2240/470/36
f 2364/332/36 2363/332/36 2237/471/36 2238/471/36
f 2362/332/36 2361/212/36 2235/472/36 2236/470/36
f 2360/212/36 2359/284/36 2233/470/36 2234/472/36
f 2358/284/36 2357/284/36 2231/470/36 2232/470/36
f 2356/212/36 2355/284/36 2229/470/36 2230/472/36
f 2354/284/36 2353/284/36 2227/473/36 2228/470/36
f 2352/284/36 2351/284/36 2225/473/36 2226/473/36
f 2350/284/36 2349/274/36 2223/475/36 2224/473/36
f 2348/274/36 2347/212/36 2221/208/36 2222/462/36
f 2346/211/9 2345/263/9 2219/477/9 2220/474/9
f 2344/211/9 2343/211/9 2217/476/9 2218/476/9
f 2342/211/9 2341/211/9 2215/477/9 2216/477/9
f 2340/446/9 2339/447/9 2213/476/9 2214/477/9
f 2338/447/9 2337/448/9 2211/478/9 2212/477/9
f 2336/447/9 2335/448/9 2209/477/9 2210/476/9
f 2334/448/9 2333/447/9 2207/476/9 2208/477/9
f 2332/447/9 2331/447/9 2205/477/9 2206/477/9
f 2330/449/9 2329/449/9 2203/479/9 2204/477/9
f 2328/450/9 2327/449/9 2201/479/9 2202/474/9
f 2326/449/9 2325/449/9 2199/479/9 2200/479/9
f 2324/450/9 2323/450/9 2197/479/9 2198/479/9
f 2322/451/9 2321/263/9 2195/455/9 2196/455/9
f 2320/449/9 2319/452/9 2193/474/9 2194/455/9
f 2318/452/9 2317/449/9 2191/455/9 2192/207/9
f 2316/449/9 2315/449/9 2189/455/9 2190/455/9
f 2314/452/9 2313/447/9 2187/455/9 2188/207/9
f 2312/447/9 2311/446/9 2185/455/9 2186/455/9
f 2310/446/9 2309/446/9 2183/455/9 2184/455/9
f 2308/263/9 2307/263/9 2181/474/9 2182/455/9
f 2306/263/9 2305/210/9 2179/207/9 2180/474/9
f 2304/209/22 2303/209/22 2177/480/22 2178/480/22
f 2302/456/22 2301/456/22 2175/480/22 2176/480/22
f 2300/456/22 2299/456/22 2173/481/22 2174/480/22
f 2298/456/22 2297/456/22 2171/481/22 2172/481/22
f 2296/209/22 2295/458/22 2169/206/22 2170/481/22
f 2294/457/22 2293/459/22 2167/481/22 2168/482/22
f 2292/459/22 2291/459/22 2165/481/22 2166/481/22
f 2290/459/22 2289/459/22 2163/481/22 2164/481/22
f 2288/459/22 2287/459/22 2161/480/22 2162/481/22
f 2286/459/22 2285/459/22 2159/480/22 2160/480/22
f 2284/459/22 2283/459/22 2157/480/22 2158/480/22
f 2282/458/22 2281/458/22 2155/484/22 2156/480/22
f 2280/458/22 2279/458/22 2153/486/22 2154/484/22
f 2278/458/22 2277/458/22 2151/486/22 2152/486/22
f 2276/458/22 2275/458/22 2149/488/22 2150/487/22
f 2274/458/22 2273/458/22 2147/482/22 2148/482/22
f 2272/456/22 2271/456/22 2145/489/22 2146/489/22
f 2270/456/22 2269/456/22 2143/489/22 2144/489/22
f 2268/456/22 2267/456/22 2141/480/22 2142/480/22
f 2266/456/22 2265/209/22 2139/481/22 2140/480/22
f 2264/209/22 2263/209/22 2137/206/22 2138/481/22
f 2262/208/35 2261/462/35 2135/491/35 2136/205/35
f 2260/208/35 2259/208/35 2133/205/35 2134/205/35
f 2258/208/35 2257/208/35 2131/491/35 2132/491/35
f 2256/463/35 2255/464/35 2129/492/35 2130/492/35
f 2254/464/35 2253/463/35 2127/495/35 2128/493/35
f 2252/466/35 2251/467/35 2125/494/35 2126/494/35
f 2250/467/35 2249/468/35 2123/497/35 2124/497/35
f 2248/468/35 2247/468/35 2121/498/35 2122/497/35
f 2246/468/35 2245/469/35 2119/499/35 2120/498/35
f 2244/469/35 2243/469/35 2117/500/35 2118/494/35
f 2242/469/35 2241/470/35 2115/205/35 2116/500/35
f 2240/470/35 2239/470/35 2113/491/35 2114/491/35
f 2238/471/35 2237/471/35 2111/503/35 2112/205/35
f 2236/470/35 2235/472/35 2109/205/35 2110/502/35
f 2234/472/35 2233/470/35 2107/205/35 2108/205/35
f 2232/470/35 2231/470/35 2105/491/35 2106/491/35
f 2230/472/35 2229/470/35 2103/500/35 2104/504/35
f 2228/470/35 2227/473/35 2101/500/35 2102/500/35
f 2226/473/35 2225/473/35 2099/205/35 2100/500/35
f 2224/473/35 2223/475/35 2097/491/35 2098/205/35
f 2222/462/35 2221/208/35 2095/205/35 2096/491/35
f 2220/474/8 2219/477/8 2093/454/8 2094/505/8
f 2218/476/8 2217/476/8 2091/485/8 2092/485/8
f 2216/477/8 2215/477/8 2089/454/8 2090/485/8
f 2214/477/8 2213/476/8 2087/454/8 2088/485/8
f 2212/477/8 2211/478/8 2085/460/8 2086/454/8
f 2210/476/8 2209/477/8 2083/485/8 2084/506/8
f 2208/477/8 2207/476/8 2081/501/8 2082/501/8
f 2206/477/8 2205/477/8 2079/454/8 2080/485/8
f 2204/477/8 2203/479/8 2077/454/8 2078/454/8
f 2202/474/8 2201/479/8 2075/454/8 2076/485/8
f 2200/479/8 2199/479/8 2073/454/8 2074/454/8
f 2198/479/8 2197/479/8 2071/454/8 2072/454/8
f 2196/455/8 2195/455/8 2069/454/8 2070/454/8
f 2194/455/8 2193/474/8 2067/454/8 2068/454/8
f 2192/207/8 2191/455/8 2065/460/8 2066/460/8
f 2190/455/8 2189/455/8 2063/460/8 2064/460/8
f 2188/207/8 2187/455/8 2061/460/8 2062/460/8
f 2186/455/8 2185/455/8 2059/460/8 2060/461/8
f 2184/455/8 2183/455/8 2057/454/8 2058/454/8
f 2182/455/8 2181/474/8 2055/202/8 2056/485/8
f 2180/474/8 2179/207/8 2053/201/8 2054/485/8
f 2178/480/21 2177/480/21 2009/509/21 2010/507/21
f 2176/480/21 2175/480/21 2007/508/21 2008/508/21
f 2174/480/21 2173/481/21 2005/508/21 2006/508/21
f 2172/481/21 2171/481/21 2003/509/21 2004/509/21
f 2170/481/21 2169/206/21 2001/511/21 2002/510/21
f 2168/482/21 2167/481/21 1999/509/21 2000/507/21
f 2166/481/21 2165/481/21 1997/508/21 1998/509/21
f 2164/481/21 2163/481/21 1995/508/21 1996/508/21
f 2162/481/21 2161/480/21 1993/507/21 1994/509/21
f 2160/480/21 2159/480/21 1991/483/21 1992/483/21
f 2158/480/21 2157/480/21 1989/483/21 1990/483/21
f 2156/480/21 2155/484/21 1987/483/21 1988/483/21
f 2154/484/21 2153/486/21 1985/200/21 1986/200/21
f 2152/486/21 2151/486/21 1983/507/21 1984/200/21
f 2150/487/21 2149/488/21 1981/200/21 1982/200/21
f 2148/482/21 2147/482/21 1979/490/21 1980/490/21
f 2146/489/21 2145/489/21 1977/490/21 1978/496/21
f 2144/489/21 2143/489/21 1975/490/21 1976/490/21
f 2142/480/21 2141/480/21 1973/490/21 1974/496/21
f 2140/480/21 2139/481/21 1971/483/21 1972/490/21
f 2138/481/21 2137/206/21 1969/200/21 1970/483/21
f 2136/205/34 2135/491/34 1967/443/34 1968/199/34
f 2134/205/34 2133/205/34 1965/199/34 1966/199/34
f 2132/491/34 2131/491/34 1963/199/34 1964/199/34
f 2130/492/34 2129/492/34 1961/442/34 1962/199/34
f 2128/493/34 2127/495/34 1959/199/34 1960/442/34
f 2126/494/34 2125/494/34 1957/199/34 1958/465/34
f 2124/497/34 2123/497/34 1955/199/34 1956/199/34
f 2122/497/34 2121/498/34 1953/199/34 1954/199/34
f 2120/498/34 2119/499/34 1951/198/34 1952/198/34
f 2118/494/34 2117/500/34 1949/443/34 1950/453/34
f 2116/500/34 2115/205/34 1947/198/34 1948/443/34
f 2114/491/34 2113/491/34 1945/445/34 1946/445/34
f 2112/205/34 2111/503/34 1943/444/34 1944/445/34
f 2110/502/34 2109/205/34 1941/444/34 1942/444/34
f 2108/205/34 2107/205/34 1939/444/34 1940/444/34
f 2106/491/34 2105/491/34 1937/198/34 1938/198/34
f 2104/504/34 2103/500/34 1935/442/34 1936/443/34
f 2102/500/34 2101/500/34 1933/442/34 1934/442/34
f 2100/500/34 2099/205/34 1931/199/34 1932/442/34
f 2098/205/34 2097/491/34 1929/198/34 1930/198/34
f 2096/491/34 2095/205/34 1927/198/34 1928/198/34
f 2094/505/7 2093/454/7 2012/427/7 2011/428/7
f 2092/485/7 2091/485/7 2014/431/7 2013/427/7
f 2090/485/7 2089/454/7 2016/428/7 2015/427/7
f 2088/485/7 2087/454/7 2018/203/7 2017/432/7
f 2086/454/7 2085/460/7 2020/433/7 2019/428/7
f 2084/506/7 2083/485/7 2022/434/7 2021/428/7
f 2082/501/7 2081/501/7 2024/203/7 2023/203/7
f 2080/485/7 2079/454/7 2026/203/7 2025/428/7
f 2078/454/7 2077/454/7 2028/435/7 2027/433/7
f 2076/485/7 2075/454/7 2030/435/7 2029/436/7
f 2074/454/7 2073/454/7 2032/437/7 2031/435/7
f 2072/454/7 2071/454/7 2034/437/7 2033/203/7
f 2070/454/7 2069/454/7 2036/203/7 2035/435/7
f 2068/454/7 2067/454/7 2038/203/7 2037/203/7
f 2066/460/7 2065/460/7 2040/428/7 2039/203/7
f 2064/460/7 2063/460/7 2042/428/7 2041/428/7
f 2062/460/7 2061/460/7 2044/427/7 2043/427/7
f 2060/461/7 2059/460/7 2046/427/7 2045/427/7
f 2058/454/7 2057/454/7 2048/427/7 2047/438/7
f 2056/485/7 2055/202/7 2050/439/7 2049/427/7
f 2054/485/7 2053/201/7 2052/204/7 2051/427/7
f 2010/507/20 2009/509/20 1925/399/20 1926/197/20
f 2008/508/20 2007/508/20 1923/197/20 1924/197/20
f 2006/508/20 2005/508/20 1921/197/20 1922/197/20
f 2004/509/20 2003/509/20 1919/392/20 1920/197/20
f 2002/510/20 2001/511/20 1917/430/20 1918/392/20
f 2000/507/20 1999/509/20 1915/197/20 1916/197/20
f 1998/509/20 1997/508/20 1913/197/20 1914/197/20
f 1996/508/20 1995/508/20 1911/197/20 1912/197/20
f 1994/509/20 1993/507/20 1909/196/20 1910/196/20
f 1992/483/20 1991/483/20 1907/399/20 1908/424/20
f 1990/483/20 1989/483/20 1905/196/20 1906/399/20
f 1988/483/20 1987/483/20 1903/415/20 1904/415/20
f 1986/200/20 1985/200/20 1901/402/20 1902/415/20
f 1984/200/20 1983/507/20 1899/402/20 1900/402/20
f 1982/200/20 1981/200/20 1897/402/20 1898/402/20
f 1980/490/20 1979/490/20 1895/196/20 1896/196/20
f 1978/496/20 1977/490/20 1893/392/20 1894/399/20
f 1976/490/20 1975/490/20 1891/392/20 1892/392/20
f 1974/496/20 1973/490/20 1889/197/20 1890/392/20
f 1972/490/20 1971/483/20 1887/196/20 1888/196/20
f 1970/483/20 1969/200/20 1885/196/20 1886/196/20
f 1968/199/33 1967/443/33 1883/324/33 1884/192/33
f 1966/199/33 1965/199/33 1881/360/33 1882/324/33
f 1964/199/33 1963/199/33 1879/360/33 1880/359/33
f 1962/199/33 1961/442/33 1877/360/33 1878/324/33
f 1960/442/33 1959/199/33 1875/372/33 1876/372/33
f 1958/465/33 1957/199/33 1873/324/33 1874/360/33
f 1956/199/33 1955/199/33 1871/359/33 1872/324/33
f 1954/199/33 1953/199/33 1869/359/33 1870/324/33
f 1952/198/33 1951/198/33 1867/359/33 1868/360/33
f 1950/453/33 1949/443/33 1865/324/33 1866/324/33
f 1948/443/33 1947/198/33 1863/324/33 1864/324/33
f 1946/445/33 1945/445/33 1861/324/33 1862/324/33
f 1944/445/33 1943/444/33 1859/193/33 1860/192/33
f 1942/444/33 1941/444/33 1857/324/33 1858/192/33
f 1940/444/33 1939/444/33 1855/193/33 1856/192/33
f 1938/198/33 1937/198/33 1853/193/33 1854/193/33
f 1936/443/33 1935/442/33 1851/193/33 1852/339/33
f 1934/442/33 1933/442/33 1849/193/33 1850/193/33
f 1932/442/33 1931/199/33 1847/193/33 1848/339/33
f 1930/198/33 1929/198/33 1845/324/33 1846/193/33
f 1928/198/33 1927/198/33 1843/192/33 1844/324/33
f 1926/197/19 1925/399/19 1799/189/19 1800/316/19
f 1924/197/19 1923/197/19 1797/189/19 1798/189/19
f 1922/197/19 1921/197/19 1795/189/19 1796/189/19
f 1920/197/19 1919/392/19 1793/290/19 1794/295/19
f 1918/392/19 1917/430/19 1791/259/19 1792/286/19
f 1916/197/19 1915/197/19 1789/259/19 1790/259/19
f 1914/197/19 1913/197/19 1787/245/19 1788/245/19
f 1912/197/19 1911/197/19 1785/245/19 1786/259/19
f 1910/196/19 1909/196/19 1783/245/19 1784/245/19
f 1908/424/19 1907/399/19 1781/393/19 1782/259/19
f 1906/399/19 1905/196/19 1779/316/19 1780/295/19
f 1904/415/19 1903/415/19 1777/189/19 1778/189/19
f 1902/415/19 1901/402/19 1775/413/19 1776/189/19
f 1900/402/19 1899/402/19 1773/189/19 1774/316/19
f 1898/402/19 1897/402/19 1771/189/19 1772/189/19
f 1896/196/19 1895/196/19 1769/189/19 1770/189/19
f 1894/399/19 1893/392/19 1767/295/19 1768/189/19
f 1892/392/19 1891/392/19 1765/295/19 1766/295/19
f 1890/392/19 1889/197/19 1763/189/19 1764/393/19
f 1888/196/19 1887/196/19 1761/386/19 1762/189/19
f 1886/196/19 1885/196/19 1759/188/19 1760/386/19
f 1884/192/32 1883/324/32 1802/247/32 1801/194/32
f 1882/324/32 1881/360/32 1804/247/32 1803/248/32
f 1880/359/32 1879/360/32 1806/247/32 1805/247/32
f 1878/324/32 1877/360/32 1808/254/32 1807/252/32
f 1876/372/32 1875/372/32 1810/247/32 1809/247/32
f 1874/360/32 1873/324/32 1812/257/32 1811/244/32
f 1872/324/32 1871/359/32 1814/261/32 1813/195/32
f 1870/324/32 1869/359/32 1816/262/32 1815/262/32
f 1868/360/32 1867/359/32 1818/264/32 1817/247/32
f 1866/324/32 1865/324/32 1820/247/32 1819/265/32
f 1864/324/32 1863/324/32 1822/267/32 1821/247/32
f 1862/324/32 1861/324/32 1824/267/32 1823/247/32
f 1860/192/32 1859/193/32 1826/247/32 1825/247/32
f 1858/192/32 1857/324/32 1828/247/32 1827/248/32
f 1856/192/32 1855/193/32 1830/247/32 1829/248/32
f 1854/193/32 1853/193/32 1832/194/32 1831/248/32
f 1852/339/32 1851/193/32 1834/247/32 1833/194/32
f 1850/193/32 1849/193/32 1836/248/32 1835/248/32
f 1848/339/32 1847/193/32 1838/247/32 1837/275/32
f 1846/193/32 1845/324/32 1840/195/32 1839/247/32
f 1844/324/32 1843/192/32 1842/195/32 1841/247/32
f 1800/316/18 1799/189/18 1718/278/18 1717/190/18
f 1798/189/18 1797/189/18 1720/246/18 1719/279/18
f 1796/189/18 1795/189/18 1722/285/18 1721/281/18
f 1794/295/18 1793/290/18 1724/287/18 1723/272/18
f 1792/286/18 1791/259/18 1726/277/18 1725/246/18
f 1790/259/18 1789/259/18 1728/272/18 1727/246/18
f 1788/245/18 1787/245/18 1730/246/18 1729/246/18
f 1786/259/18 1785/245/18 1732/246/18 1731/260/18
f 1784/245/18 1783/245/18 1734/293/18 1733/246/18
f 1782/259/18 1781/393/18 1736/246/18 1735/294/18
f 1780/295/18 1779/316/18 1738/296/18 1737/246/18
f 1778/189/18 1777/189/18 1740/296/18 1739/297/18
f 1776/189/18 1775/413/18 1742/299/18 1741/299/18
f 1774/316/18 1773/189/18 1744/299/18 1743/297/18
f 1772/189/18 1771/189/18 1746/301/18 1745/297/18
f 1770/189/18 1769/189/18 1748/302/18 1747/297/18
f 1768/189/18 1767/295/18 1750/303/18 1749/303/18
f 1766/295/18 1765/295/18 1752/305/18 1751/303/18
f 1764/393/18 1763/189/18 1754/190/18 1753/306/18
f 1762/189/18 1761/386/18 1756/191/18 1755/190/18
f 1760/386/18 1759/188/18 1758/191/18 1757/308/18
f 1124/240/6 2468/240/6 2342/211/6 998/211/6
f 1492/226/6 2836/226/6 2752/266/6 1408/266/6
f 390/293/5 1734/293/5 1783/245/5 439/245/5
f 997/211/5 2341/211/5 2467/240/5 1123/240/5
f 1407/266/5 2751/266/5 2835/226/5 1491/226/5
f 438/259/6 1782/259/6 1735/294/6 391/294/6
f 1122/440/6 2466/440/6 2340/446/6 996/446/6
f 1490/226/6 2834/226/6 2750/266/6 1406/266/6
f 392/246/5 1736/246/5 1781/393/5 437/393/5
f 995/447/5 2339/447/5 2465/440/5 1121/440/5
f 1405/266/5 2749/266/5 2833/358/5 1489/358/5
f 436/295/6 1780/295/6 1737/246/6 393/246/6
f 1120/440/6 2464/440/6 2338/447/6 994/447/6
f 1488/358/6 2832/358/6 2748/266/6 1404/266/6
f 394/296/5 1738/296/5 1779/316/5 435/316/5
f 993/448/5 2337/448/5 2463/215/5 1119/215/5
f 1403/266/5 2747/266/5 2831/358/5 1487/358/5
f 434/189/6 1778/189/6 1739/297/6 395/297/6
f 1118/215/6 2462/215/6 2336/447/6 992/447/6
f 1486/358/6 2830/358/6 2746/266/6 1402/266/6
f 396/296/5 1740/296/5 1777/189/5 433/189/5
f 991/448/5 2335/448/5 2461/215/5 1117/215/5
f 1401/266/5 2745/266/5 2829/358/5 1485/358/5
f 432/189/6 1776/189/6 1741/299/6 397/299/6
f 1116/215/6 2460/215/6 2334/448/6 990/448/6
f 1484/358/6 2828/358/6 2744/273/6 1400/273/6
f 398/299/5 1742/299/5 1775/413/5 431/413/5
f 989/447/5 2333/447/5 2459/215/5 1115/215/5
f 1399/273/5 2743/273/5 2827/358/5 1483/358/5
f 430/316/6 1774/316/6 1743/297/6 399/297/6
f 1114/215/6 2458/215/6 2332/447/6 988/447/6
f 1482/358/6 2826/358/6 2742/266/6 1398/266/6
f 400/299/5 1744/299/5 1773/189/5 429/189/5
f 987/447/5 2331/447/5 2457/441/5 1113/441/5
f 1397/266/5 2741/266/5 2825/358/5 1481/358/5
f 428/189/6 1772/189/6 1745/297/6 401/297/6
f 1112/441/6 2456/441/6 2330/449/6 986/449/6
f 1480/226/6 2824/226/6 2740/273/6 1396/273/6
f 402/301/5 1746/301/5 1771/189/5 427/189/5
f 985/449/5 2329/449/5 2455/441/5 1111/441/5
f 1395/273/5 2739/273/5 2823/225/5 1479/225/5
f 426/189/6 1770/189/6 1747/297/6 403/297/6
f 1110/215/6 2454/215/6 2328/450/6 984/450/6
f 1478/226/6 2822/226/6 2738/376/6 1394/376/6
f 404/302/5 1748/302/5 1769/189/5 425/189/5
f 983/449/5 2327/449/5 2453/215/5 1109/215/5
f 1393/378/5 2737/378/5 2821/226/5 1477/226/5
f 424/189/6 1768/189/6 1749/303/6 405/303/6
f 1108/215/6 2452/215/6 2326/449/6 982/449/6
f 1476/226/6 2820/226/6 2736/377/6 1392/377/6
f 406/303/5 1750/303/5 1767/295/5 423/295/5
f 981/449/5 2325/449/5 2451/215/5 1107/215/5
f 1391/377/5 2735/377/5 2819/226/5 1475/226/5
f 422/295/6 1766/295/6 1751/303/6 407/303/6
f 1106/240/6 2450/240/6 2324/450/6 980/450/6
f 1474/226/6 2818/226/6 2734/379/6 1390/379/6
f 408/305/5 1752/305/5 1765/295/5 421/295/5
f 979/450/5 2323/450/5 2449/240/5 1105/240/5
f 1389/376/5 2733/376/5 2817/226/5 1473/226/5
f 420/393/6 1764/393/6 1753/306/6 409/306/6
f 1104/215/6 2448/215/6 2322/451/6 978/451/6
f 1472/226/6 2816/226/6 2732/376/6 1388/376/6
f 410/190/5 1754/190/5 1763/189/5 419/189/5
f 977/263/5 2321/263/5 2447/441/5 1103/441/5
f 1387/376/5 2731/376/5 2815/226/5 1471/226/5
f 418/189/6 1762/189/6 1755/190/6 411/190/6
f 1102/441/6 2446/441/6 2320/449/6 976/449/6
f 1470/225/6 2814/225/6 2730/266/6 1386/266/6
f 412/191/5 1756/191/5 1761/386/5 417/386/5
f 975/452/5 2319/452/5 2445/215/5 1101/215/5
f 1385/266/5 2729/266/5 2813/225/5 1469/225/5
f 416/386/6 1760/386/6 1757/308/6 413/308/6
f 1100/215/6 2444/215/6 2318/452/6 974/452/6
f 1468/225/6 2812/225/6 2728/266/6 1384/266/6
f 414/191/5 1758/191/5 1759/188/5 415/188/5
f 973/449/5 2317/449/5 2443/215/5 1099/215/5
f 1383/266/5 2727/266/5 2811/271/5 1467/271/5
f 1098/240/6 2442/240/6 2316/449/6 972/449/6
f 1466/271/6 2810/271/6 2726/266/6 1382/266/6
f 971/449/5 2315/449/5 2441/240/5 1097/240/5
f 1381/186/5 2725/186/5 2809/225/5 1465/225/5
f 1096/240/6 2440/240/6 2314/452/6 970/452/6
f 1464/224/6 2808/224/6 2724/223/6 1380/223/6
f 969/447/5 2313/447/5 2439/215/5 1095/215/5
f 1379/223/5 2723/223/5 2807/361/5 1463/361/5
f 1094/215/6 2438/215/6 2312/447/6 968/447/6
f 1462/224/6 2806/224/6 2722/223/6 1378/223/6
f 967/446/5 2311/446/5 2437/215/5 1093/215/5
f 1377/223/5 2721/223/5 2805/224/5 1461/224/5
f 1092/215/6 2436/215/6 2310/446/6 966/446/6
f 1460/224/6 2804/224/6 2720/223/6 1376/223/6
f 965/446/5 2309/446/5 2435/215/5 1091/215/5
f 1375/223/5 2719/223/5 2803/224/5 1459/224/5
f 1090/215/6 2434/215/6 2308/263/6 964/263/6
f 1458/243/6 2802/243/6 2718/381/6 1374/381/6
f 963/263/5 2307/263/5 2433/240/5 1089/240/5
f 1373/381/5 2717/381/5 2801/364/5 1457/364/5
f 1088/240/6 2432/240/6 2306/263/6 962/263/6
f 1456/363/6 2800/363/6 2716/382/6 1372/382/6
f 961/210/5 2305/210/5 2431/215/5 1087/215/5
f 1371/382/5 2715/382/5 2799/366/5 1455/366/5
f 1086/214/6 2430/214/6 2304/209/6 960/209/6
f 1454/365/6 2798/365/6 2714/382/6 1370/382/6
f 959/209/5 2303/209/5 2429/426/5 1085/426/5
f 1369/382/5 2713/382/5 2797/243/5 1453/243/5
f 1084/214/6 2428/214/6 2302/456/6 958/456/6
f 1452/243/6 2796/243/6 2712/383/6 1368/383/6
f 957/456/5 2301/456/5 2427/239/5 1083/239/5
f 1367/383/5 2711/383/5 2795/224/5 1451/224/5
f 1082/239/6 2426/239/6 2300/456/6 956/456/6
f 1450/224/6 2794/224/6 2710/383/6 1366/383/6
f 955/456/5 2299/456/5 2425/405/5 1081/405/5
f 1365/383/5 2709/383/5 2793/224/5 1449/224/5
f 1080/371/6 2424/371/6 2298/456/6 954/456/6
f 1448/224/6 2792/224/6 2708/383/6 1364/383/6
f 953/456/5 2297/456/5 2423/371/5 1079/371/5
f 1363/382/5 2707/382/5 2791/317/5 1447/317/5
f 1078/371/6 2422/371/6 2296/209/6 952/209/6
f 1446/342/6 2790/342/6 2706/382/6 1362/382/6
f 951/458/5 2295/458/5 2421/214/5 1077/214/5
f 1361/381/5 2705/381/5 2789/342/5 1445/342/5
f 1076/380/6 2420/380/6 2294/457/6 950/457/6
f 1444/342/6 2788/342/6 2704/381/6 1360/381/6
f 949/459/5 2293/459/5 2419/371/5 1075/371/5
f 1359/223/5 2703/223/5 2787/321/5 1443/321/5
f 1074/371/6 2418/371/6 2292/459/6 948/459/6
f 1442/321/6 2786/321/6 2702/223/6 1358/223/6
f 947/459/5 2291/459/5 2417/405/5 1073/405/5
f 1357/223/5 2701/223/5 2785/321/5 1441/321/5
f 1072/405/6 2416/405/6 2290/459/6 946/459/6
f 1440/353/6 2784/353/6 2700/223/6 1356/223/6
f 945/459/5 2289/459/5 2415/405/5 1071/405/5
f 1355/387/5 2699/387/5 2783/352/5 1439/352/5
f 1070/405/6 2414/405/6 2288/459/6 944/459/6
f 1438/347/6 2782/347/6 2698/223/6 1354/223/6
f 943/459/5 2287/459/5 2413/239/5 1069/239/5
f 1353/223/5 2697/223/5 2781/348/5 1437/348/5
f 1068/239/6 2412/239/6 2286/459/6 942/459/6
f 1436/348/6 2780/348/6 2696/223/6 1352/223/6
f 941/459/5 2285/459/5 2411/396/5 1067/396/5
f 1351/223/5 2695/223/5 2779/347/5 1435/347/5
f 1066/396/6 2410/396/6 2284/459/6 940/459/6
f 1434/321/6 2778/321/6 2694/223/6 1350/223/6
f 939/459/5 2283/459/5 2409/396/5 1065/396/5
f 1349/223/5 2693/223/5 2777/321/5 1433/321/5
f 1064/396/6 2408/396/6 2282/458/6 938/458/6
f 1432/342/6 2776/342/6 2692/381/6 1348/381/6
f 937/458/5 2281/458/5 2407/391/5 1063/391/5
f 1347/381/5 2691/381/5 2775/330/5 1431/330/5
f 1062/391/6 2406/391/6 2280/458/6 936/458/6
f 1430/330/6 2774/330/6 2690/381/6 1346/381/6
f 935/458/5 2279/458/5 2405/384/5 1061/384/5
f 1345/381/5 2689/381/5 2773/330/5 1429/330/5
f 1060/384/6 2404/384/6 2278/458/6 934/458/6
f 1428/330/6 2772/330/6 2688/381/6 1344/381/6
f 933/458/5 2277/458/5 2403/385/5 1059/385/5
f 1343/223/5 2687/223/5 2771/321/5 1427/321/5
f 1058/385/6 2402/385/6 2276/458/6 932/458/6
f 1426/321/6 2770/321/6 2686/223/6 1342/223/6
f 931/458/5 2275/458/5 2401/384/5 1057/384/5
f 1341/223/5 2685/223/5 2769/317/5 1425/317/5
f 1056/375/6 2400/375/6 2274/458/6 930/458/6
f 1424/224/6 2768/224/6 2684/223/6 1340/223/6
f 929/458/5 2273/458/5 2399/375/5 1055/375/5
f 1339/223/5 2683/223/5 2767/224/5 1423/224/5
f 1054/380/6 2398/380/6 2272/456/6 928/456/6
f 1422/250/6 2766/250/6 2682/388/6 1338/388/6
f 927/456/5 2271/456/5 2397/375/5 1053/375/5
f 1337/390/5 2681/390/5 2765/266/5 1421/266/5
f 1052/375/6 2396/375/6 2270/456/6 926/456/6
f 1420/250/6 2764/250/6 2680/389/6 1336/389/6
f 925/456/5 2269/456/5 2395/375/5 1051/375/5
f 1335/389/5 2679/389/5 2763/250/5 1419/250/5
f 1050/239/6 2394/239/6 2268/456/6 924/456/6
f 1418/266/6 2762/266/6 2678/390/6 1334/390/6
f 923/456/5 2267/456/5 2393/239/5 1049/239/5
f 1333/390/5 2677/390/5 2761/266/5 1417/266/5
f 1048/239/6 2392/239/6 2266/456/6 922/456/6
f 1416/266/6 2760/266/6 2676/390/6 1332/390/6
f 921/209/5 2265/209/5 2391/371/5 1047/371/5
f 1331/389/5 2675/389/5 2759/273/5 1415/273/5
f 1046/370/6 2390/370/6 2264/209/6 920/209/6
f 1414/273/6 2758/273/6 2674/390/6 1330/390/6
f 919/209/5 2263/209/5 2389/214/5 1045/214/5
f 1329/394/5 2673/394/5 2757/270/5 1413/270/5
f 1044/213/6 2388/213/6 2262/208/6 918/208/6
f 1412/266/6 2756/266/6 2672/389/6 1328/389/6
f 917/462/5 2261/462/5 2387/213/5 1043/213/5
f 1327/390/5 2671/390/5 2755/250/5 1411/250/5
f 1042/362/6 2386/362/6 2260/208/6 916/208/6
f 1410/250/6 2754/250/6 2670/390/6 1326/390/6
f 915/208/5 2259/208/5 2385/362/5 1041/362/5
f 1325/389/5 2669/389/5 2753/250/5 1409/250/5
f 1040/213/6 2384/213/6 2258/208/6 914/208/6
f 1408/266/6 2752/266/6 2668/390/6 1324/390/6
f 913/208/5 2257/208/5 2383/213/5 1039/213/5
f 1323/390/5 2667/390/5 2751/266/5 1407/266/5
f 1038/213/6 2382/213/6 2256/463/6 912/463/6
f 1406/266/6 2750/266/6 2666/390/6 1322/390/6
f 911/464/5 2255/464/5 2381/332/5 1037/332/5
f 1321/397/5 2665/397/5 2749/266/5 1405/266/5
f 1036/212/6 2380/212/6 2254/464/6 910/464/6
f 1404/266/6 2748/266/6 2664/388/6 1320/388/6
f 909/463/5 2253/463/5 2379/212/5 1035/212/5
f 1319/397/5 2663/397/5 2747/266/5 1403/266/5
f 1034/284/6 2378/284/6 2252/466/6 908/466/6
f 1402/266/6 2746/266/6 2662/397/6 1318/397/6
f 907/467/5 2251/467/5 2377/212/5 1033/212/5
f 1317/397/5 2661/397/5 2745/266/5 1401/266/5
f 1032/212/6 2376/212/6 2250/467/6 906/467/6
f 1400/273/6 2744/273/6 2660/397/6 1316/397/6
f 905/468/5 2249/468/5 2375/284/5 1031/284/5
f 1315/397/5 2659/397/5 2743/273/5 1399/273/5
f 1030/212/6 2374/212/6 2248/468/6 904/468/6
f 1398/266/6 2742/266/6 2658/398/6 1314/398/6
f 903/468/5 2247/468/5 2373/212/5 1029/212/5
f 1313/398/5 2657/398/5 2741/266/5 1397/266/5
f 1028/212/6 2372/212/6 2246/468/6 902/468/6
f 838/455/6 2182/455/6 2056/485/6 712/485/6
f 1396/273/6 2740/273/6 2656/398/6 1312/398/6
f 901/469/5 2245/469/5 2371/284/5 1027/284/5
f 711/202/5 2055/202/5 2181/474/5 837/474/5
f 1311/388/5 2655/388/5 2739/273/5 1395/273/5
f 1026/212/6 2370/212/6 2244/469/6 900/469/6
f 836/474/6 2180/474/6 2054/485/6 710/485/6
f 1394/376/6 2738/376/6 2654/187/6 1310/187/6
f 899/469/5 2243/469/5 2369/284/5 1025/284/5
f 709/201/5 2053/201/5 2179/207/5 835/207/5
f 1309/398/5 2653/398/5 2737/378/5 1393/378/5
f 1024/284/6 2368/284/6 2242/469/6 898/469/6
f 834/480/6 2178/480/6 2010/507/6 666/507/6
f 1392/377/6 2736/377/6 2652/398/6 1308/398/6
f 897/470/5 2241/470/5 2367/332/5 1023/332/5
f 665/509/5 2009/509/5 2177/480/5 833/480/5
f 1307/398/5 2651/398/5 2735/377/5 1391/377/5
f 1022/332/6 2366/332/6 2240/470/6 896/470/6
f 832/480/6 2176/480/6 2008/508/6 664/508/6
f 1390/379/6 2734/379/6 2650/187/6 1306/187/6
f 895/470/5 2239/470/5 2365/332/5 1021/332/5
f 457/194/6 1801/194/6 3060/234/6 1716/234/6
f 663/508/5 2007/508/5 2175/480/5 831/480/5
f 1305/398/5 2649/398/5 2733/376/5 1389/376/5
f 1020/332/6 2364/332/6 2238/471/6 894/471/6
f 1715/234/5 3059/234/5 1802/247/5 458/247/5
f 830/480/6 2174/480/6 2006/508/6 662/508/6
f 1388/376/6 2732/376/6 2648/398/6 1304/398/6
f 893/471/5 2237/471/5 2363/332/5 1019/332/5
f 459/248/6 1803/248/6 3058/249/6 1714/249/6
f 661/508/5 2005/508/5 2173/481/5 829/481/5
f 1303/398/5 2647/398/5 2731/376/5 1387/376/5
f 1018/332/6 2362/332/6 2236/470/6 892/470/6
f 1713/251/5 3057/251/5 1804/247/5 460/247/5
f 828/481/6 2172/481/6 2004/509/6 660/509/6
f 1386/266/6 2730/266/6 2646/398/6 1302/398/6
f 891/472/5 2235/472/5 2361/212/5 1017/212/5
f 461/247/6 1805/247/6 3056/251/6 1712/251/6
f 659/509/5 2003/509/5 2171/481/5 827/481/5
f 1301/398/5 2645/398/5 2729/266/5 1385/266/5
f 1016/212/6 2360/212/6 2234/472/6 890/472/6
f 1711/251/5 3055/251/5 1806/247/5 462/247/5
f 826/481/6 2170/481/6 2002/510/6 658/510/6
f 1384/266/6 2728/266/6 2644/398/6 1300/398/6
f 889/470/5 2233/470/5 2359/284/5 1015/284/5
f 463/252/6 1807/252/6 3054/253/6 1710/253/6
f 657/511/5 2001/511/5 2169/206/5 825/206/5
f 1299/388/5 2643/388/5 2727/266/5 1383/266/5
f 1014/284/6 2358/284/6 2232/470/6 888/470/6
f 1709/251/5 3053/251/5 1808/254/5 464/254/5
f 824/482/6 2168/482/6 2000/507/6 656/507/6
f 1382/266/6 2726/266/6 2642/388/6 1298/388/6
f 887/470/5 2231/470/5 2357/284/5 1013/284/5
f 465/247/6 1809/247/6 3052/251/6 1708/251/6
f 655/509/5 1999/509/5 2167/481/5 823/481/5
f 1297/187/5 2641/187/5 2725/186/5 1381/186/5
f 1012/212/6 2356/212/6 2230/472/6 886/472/6
f 1707/256/5 3051/256/5 1810/247/5 466/247/5
f 822/481/6 2166/481/6 1998/509/6 654/509/6
f 1380/223/6 2724/223/6 2640/222/6 1296/222/6
f 885/470/5 2229/470/5 2355/284/5 1011/284/5
f 467/244/6 1811/244/6 3050/255/6 1706/255/6
f 653/508/5 1997/508/5 2165/481/5 821/481/5
f 1295/400/5 2639/400/5 2723/223/5 1379/223/5
f 1010/284/6 2354/284/6 2228/470/6 884/470/6
f 1705/258/5 3049/258/5 1812/257/5 468/257/5
f 820/481/6 2164/481/6 1996/508/6 652/508/6
f 1378/223/6 2722/223/6 2638/222/6 1294/222/6
f 883/473/5 2227/473/5 2353/284/5 1009/284/5
f 469/195/6 1813/195/6 3048/258/6 1704/258/6
f 651/508/5 1995/508/5 2163/481/5 819/481/5
f 1293/222/5 2637/222/5 2721/223/5 1377/223/5
f 1008/284/6 2352/284/6 2226/473/6 882/473/6
f 1703/258/5 3047/258/5 1814/261/5 470/261/5
f 818/481/6 2162/481/6 1994/509/6 650/509/6
f 1376/223/6 2720/223/6 2636/222/6 1292/222/6
f 881/473/5 2225/473/5 2351/284/5 1007/284/5
f 471/262/6 1815/262/6 3046/255/6 1702/255/6
f 649/507/5 1993/507/5 2161/480/5 817/480/5
f 1291/222/5 2635/222/5 2719/223/5 1375/223/5
f 1006/284/6 2350/284/6 2224/473/6 880/473/6
f 1701/258/5 3045/258/5 1816/262/5 472/262/5
f 816/480/6 2160/480/6 1992/483/6 648/483/6
f 1374/381/6 2718/381/6 2634/401/6 1290/401/6
f 879/475/5 2223/475/5 2349/274/5 1005/274/5
f 473/247/6 1817/247/6 3044/258/6 1700/258/6
f 647/483/5 1991/483/5 2159/480/5 815/480/5
f 1289/403/5 2633/403/5 2717/381/5 1373/381/5
f 1004/274/6 2348/274/6 2222/462/6 878/462/6
f 1699/255/5 3043/255/5 1818/264/5 474/264/5
f 814/480/6 2158/480/6 1990/483/6 646/483/6
f 1372/382/6 2716/382/6 2632/403/6 1288/403/6
f 877/208/5 2221/208/5 2347/212/5 1003/212/5
f 475/265/6 1819/265/6 3042/258/6 1698/258/6
f 645/483/5 1989/483/5 2157/480/5 813/480/5
f 1287/404/5 2631/404/5 2715/382/5 1371/382/5
f 1002/211/6 2346/211/6 2220/474/6 876/474/6
f 1697/255/5 3041/255/5 1820/247/5 476/247/5
f 812/480/6 2156/480/6 1988/483/6 644/483/6
f 1370/382/6 2714/382/6 2630/401/6 1286/401/6
f 875/477/5 2219/477/5 2345/263/5 1001/263/5
f 477/247/6 1821/247/6 3040/255/6 1696/255/6
f 643/483/5 1987/483/5 2155/484/5 811/484/5
f 1285/401/5 2629/401/5 2713/382/5 1369/382/5
f 1000/211/6 2344/211/6 2218/476/6 874/476/6
f 1695/268/5 3039/268/5 1822/267/5 478/267/5
f 810/484/6 2154/484/6 1986/200/6 642/200/6
f 1368/383/6 2712/383/6 2628/401/6 1284/401/6
f 873/476/5 2217/476/5 2343/211/5 999/211/5
f 479/247/6 1823/247/6 3038/251/6 1694/251/6
f 641/200/5 1985/200/5 2153/486/5 809/486/5
f 1283/222/5 2627/222/5 2711/383/5 1367/383/5
f 998/211/6 2342/211/6 2216/477/6 872/477/6
f 1693/269/5 3037/269/5 1824/267/5 480/267/5
f 808/486/6 2152/486/6 1984/200/6 640/200/6
f 1366/383/6 2710/383/6 2626/222/6 1282/222/6
f 871/477/5 2215/477/5 2341/211/5 997/211/5
f 481/247/6 1825/247/6 3036/249/6 1692/249/6
f 639/507/5 1983/507/5 2151/486/5 807/486/5
f 1281/222/5 2625/222/5 2709/383/5 1365/383/5
f 996/446/6 2340/446/6 2214/477/6 870/477/6
f 1691/251/5 3035/251/5 1826/247/5 482/247/5
f 806/487/6 2150/487/6 1982/200/6 638/200/6
f 1364/383/6 2708/383/6 2624/222/6 1280/222/6
f 869/476/5 2213/476/5 2339/447/5 995/447/5
f 483/248/6 1827/248/6 3034/249/6 1690/249/6
f 637/200/5 1981/200/5 2149/488/5 805/488/5
f 1279/407/5 2623/407/5 2707/382/5 1363/382/5
f 994/447/6 2338/447/6 2212/477/6 868/477/6
f 1689/251/5 3033/251/5 1828/247/5 484/247/5
f 804/482/6 2148/482/6 1980/490/6 636/490/6
f 1362/382/6 2706/382/6 2622/406/6 1278/406/6
f 867/478/5 2211/478/5 2337/448/5 993/448/5
f 485/248/6 1829/248/6 3032/249/6 1688/249/6
f 635/490/5 1979/490/5 2147/482/5 803/482/5
f 1277/406/5 2621/406/5 2705/381/5 1361/381/5
f 992/447/6 2336/447/6 2210/476/6 866/476/6
f 1687/251/5 3031/251/5 1830/247/5 486/247/5
f 802/489/6 2146/489/6 1978/496/6 634/496/6
f 1360/381/6 2704/381/6 2620/406/6 1276/406/6
f 865/477/5 2209/477/5 2335/448/5 991/448/5
f 487/248/6 1831/248/6 3030/249/6 1686/249/6
f 633/490/5 1977/490/5 2145/489/5 801/489/5
f 1275/408/5 2619/408/5 2703/223/5 1359/223/5
f 990/448/6 2334/448/6 2208/477/6 864/477/6
f 1685/251/5 3029/251/5 1832/194/5 488/194/5
f 800/489/6 2144/489/6 1976/490/6 632/490/6
f 1358/223/6 2702/223/6 2618/408/6 1274/408/6
f 863/476/5 2207/476/5 2333/447/5 989/447/5
f 489/194/6 1833/194/6 3028/234/6 1684/234/6
f 631/490/5 1975/490/5 2143/489/5 799/489/5
f 1273/408/5 2617/408/5 2701/223/5 1357/223/5
f 988/447/6 2332/447/6 2206/477/6 862/477/6
f 1683/251/5 3027/251/5 1834/247/5 490/247/5
f 798/480/6 2142/480/6 1974/496/6 630/496/6
f 1356/223/6 2700/223/6 2616/409/6 1272/409/6
f 861/477/5 2205/477/5 2331/447/5 987/447/5
f 491/248/6 1835/248/6 3026/251/6 1682/251/6
f 629/490/5 1973/490/5 2141/480/5 797/480/5
f 1271/411/5 2615/411/5 2699/387/5 1355/387/5
f 986/449/6 2330/449/6 2204/477/6 860/477/6
f 1681/249/5 3025/249/5 1836/248/5 492/248/5
f 796/480/6 2140/480/6 1972/490/6 628/490/6
f 1354/223/6 2698/223/6 2614/410/6 1270/410/6
f 859/479/5 2203/479/5 2329/449/5 985/449/5
f 493/275/6 1837/275/6 3024/249/6 1680/249/6
f 627/483/5 1971/483/5 2139/481/5 795/481/5
f 1269/412/5 2613/412/5 2697/223/5 1353/223/5
f 984/450/6 2328/450/6 2202/474/6 858/474/6
f 1679/249/5 3023/249/5 1838/247/5 494/247/5
f 794/481/6 2138/481/6 1970/483/6 626/483/6
f 1352/223/6 2696/223/6 2612/412/6 1268/412/6
f 857/479/5 2201/479/5 2327/449/5 983/449/5
f 495/247/6 1839/247/6 3022/251/6 1678/251/6
f 625/200/5 1969/200/5 2137/206/5 793/206/5
f 1267/410/5 2611/410/5 2695/223/5 1351/223/5
f 982/449/6 2326/449/6 2200/479/6 856/479/6
f 1677/233/5 3021/233/5 1840/195/5 496/195/5
f 792/205/6 2136/205/6 1968/199/6 624/199/6
f 1350/223/6 2694/223/6 2610/408/6 1266/408/6
f 855/479/5 2199/479/5 2325/449/5 981/449/5
f 497/247/6 1841/247/6 3020/253/6 1676/253/6
f 623/443/5 1967/443/5 2135/491/5 791/491/5
f 1265/408/5 2609/408/5 2693/223/5 1349/223/5
f 980/450/6 2324/450/6 2198/479/6 854/479/6
f 1675/233/5 3019/233/5 1842/195/5 498/195/5
f 790/205/6 2134/205/6 1966/199/6 622/199/6
f 1348/381/6 2692/381/6 2608/406/6 1264/406/6
f 853/479/5 2197/479/5 2323/450/5 979/450/5
f 373/190/6 1717/190/6 3018/276/6 1674/276/6
f 621/199/5 1965/199/5 2133/205/5 789/205/5
f 1263/414/5 2607/414/5 2691/381/5 1347/381/5
f 978/451/6 2322/451/6 2196/455/6 852/455/6
f 1673/235/5 3017/235/5 1718/278/5 374/278/5
f 788/491/6 2132/491/6 1964/199/6 620/199/6
f 1346/381/6 2690/381/6 2606/414/6 1262/414/6
f 851/455/5 2195/455/5 2321/263/5 977/263/5
f 375/279/6 1719/279/6 3016/280/6 1672/280/6
f 619/199/5 1963/199/5 2131/491/5 787/491/5
f 1261/414/5 2605/414/5 2689/381/5 1345/381/5
f 976/449/6 2320/449/6 2194/455/6 850/455/6
f 1671/282/5 3015/282/5 1720/246/5 376/246/5
f 786/492/6 2130/492/6 1962/199/6 618/199/6
f 1344/381/6 2688/381/6 2604/414/6 1260/414/6
f 849/474/5 2193/474/5 2319/452/5 975/452/5
f 377/281/6 1721/281/6 3014/232/6 1670/232/6
f 617/442/5 1961/442/5 2129/492/5 785/492/5
f 1259/408/5 2603/408/5 2687/223/5 1343/223/5
f 974/452/6 2318/452/6 2192/207/6 848/207/6
f 1669/276/5 3013/276/5 1722/285/5 378/285/5
f 784/493/6 2128/493/6 1960/442/6 616/442/6
f 1342/223/6 2686/223/6 2602/408/6 1258/408/6
f 847/455/5 2191/455/5 2317/449/5 973/449/5
f 379/272/6 1723/272/6 3012/235/6 1668/235/6
f 615/199/5 1959/199/5 2127/495/5 783/495/5
f 1257/407/5 2601/407/5 2685/223/5 1341/223/5
f 972/449/6 2316/449/6 2190/455/6 846/455/6
f 1667/288/5 3011/288/5 1724/287/5 380/287/5
f 782/494/6 2126/494/6 1958/465/6 614/465/6
f 1340/223/6 2684/223/6 2600/222/6 1256/222/6
f 845/455/5 2189/455/5 2315/449/5 971/449/5
f 381/246/6 1725/246/6 3010/288/6 1666/288/6
f 613/199/5 1957/199/5 2125/494/5 781/494/5
f 1255/222/5 2599/222/5 2683/223/5 1339/223/5
f 970/452/6 2314/452/6 2188/207/6 844/207/6
f 1665/231/5 3009/231/5 1726/277/5 382/277/5
f 780/497/6 2124/497/6 1956/199/6 612/199/6
f 1338/388/6 2682/388/6 2598/221/6 1254/221/6
f 843/455/5 2187/455/5 2313/447/5 969/447/5
f 383/246/6 1727/246/6 3008/288/6 1664/288/6
f 611/199/5 1955/199/5 2123/497/5 779/497/5
f 1253/416/5 2597/416/5 2681/390/5 1337/390/5
f 968/447/6 2312/447/6 2186/455/6 842/455/6
f 1663/289/5 3007/289/5 1728/272/5 384/272/5
f 778/497/6 2122/497/6 1954/199/6 610/199/6
f 1336/389/6 2680/389/6 2596/221/6 1252/221/6
f 841/455/5 2185/455/5 2311/446/5 967/446/5
f 385/246/6 1729/246/6 3006/232/6 1662/232/6
f 609/199/5 1953/199/5 2121/498/5 777/498/5
f 1251/221/5 2595/221/5 2679/389/5 1335/389/5
f 966/446/6 2310/446/6 2184/455/6 840/455/6
f 1661/288/5 3005/288/5 1730/246/5 386/246/5
f 776/498/6 2120/498/6 1952/198/6 608/198/6
f 1334/390/6 2678/390/6 2594/221/6 1250/221/6
f 839/455/5 2183/455/5 2309/446/5 965/446/5
f 387/260/6 1731/260/6 3004/276/6 1660/276/6
f 607/198/5 1951/198/5 2119/499/5 775/499/5
f 1249/221/5 2593/221/5 2677/390/5 1333/390/5
f 964/263/6 2308/263/6 2182/455/6 838/455/6
f 1659/291/5 3003/291/5 1732/246/5 388/246/5
f 774/494/6 2118/494/6 1950/453/6 606/453/6
f 1332/390/6 2676/390/6 2592/417/6 1248/417/6
f 837/474/5 2181/474/5 2307/263/5 963/263/5
f 389/246/6 1733/246/6 3002/289/6 1658/289/6
f 605/443/5 1949/443/5 2117/500/5 773/500/5
f 1247/419/5 2591/419/5 2675/389/5 1331/389/5
f 962/263/6 2306/263/6 2180/474/6 836/474/6
f 1657/288/5 3001/288/5 1734/293/5 390/293/5
f 772/500/6 2116/500/6 1948/443/6 604/443/6
f 1330/390/6 2674/390/6 2590/418/6 1246/418/6
f 835/207/5 2179/207/5 2305/210/5 961/210/5
f 391/294/6 1735/294/6 3000/291/6 1656/291/6
f 603/198/5 1947/198/5 2115/205/5 771/205/5
f 1245/419/5 2589/419/5 2673/394/5 1329/394/5
f 960/209/6 2304/209/6 2178/480/6 834/480/6
f 1655/288/5 2999/288/5 1736/246/5 392/246/5
f 770/491/6 2114/491/6 1946/445/6 602/445/6
f 1328/389/6 2672/389/6 2588/417/6 1244/417/6
f 833/480/5 2177/480/5 2303/209/5 959/209/5
f 393/246/6 1737/246/6 2998/288/6 1654/288/6
f 601/445/5 1945/445/5 2113/491/5 769/491/5
f 1243/418/5 2587/418/5 2671/390/5 1327/390/5
f 958/456/6 2302/456/6 2176/480/6 832/480/6
f 1653/298/5 2997/298/5 1738/296/5 394/296/5
f 768/205/6 2112/205/6 1944/445/6 600/445/6
f 1326/390/6 2670/390/6 2586/418/6 1242/418/6
f 831/480/5 2175/480/5 2301/456/5 957/456/5
f 395/297/6 1739/297/6 2996/298/6 1652/298/6
f 599/444/5 1943/444/5 2111/503/5 767/503/5
f 1241/419/5 2585/419/5 2669/389/5 1325/389/5
f 956/456/6 2300/456/6 2174/480/6 830/480/6
f 1651/298/5 2995/298/5 1740/296/5 396/296/5
f 766/502/6 2110/502/6 1942/444/6 598/444/6
f 1324/390/6 2668/390/6 2584/419/6 1240/419/6
f 829/481/5 2173/481/5 2299/456/5 955/456/5
f 397/299/6 1741/299/6 2994/289/6 1650/289/6
f 597/444/5 1941/444/5 2109/205/5 765/205/5
f 1239/419/5 2583/419/5 2667/390/5 1323/390/5
f 954/456/6 2298/456/6 2172/481/6 828/481/6
f 1649/276/5 2993/276/5 1742/299/5 398/299/5
f 764/205/6 2108/205/6 1940/444/6 596/444/6
f 1322/390/6 2666/390/6 2582/420/6 1238/420/6
f 827/481/5 2171/481/5 2297/456/5 953/456/5
f 399/297/6 1743/297/6 2992/289/6 1648/289/6
f 595/444/5 1939/444/5 2107/205/5 763/205/5
f 1237/420/5 2581/420/5 2665/397/5 1321/397/5
f 952/209/6 2296/209/6 2170/481/6 826/481/6
f 1647/276/5 2991/276/5 1744/299/5 400/299/5
f 762/491/6 2106/491/6 1938/198/6 594/198/6
f 1320/388/6 2664/388/6 2580/421/6 1236/421/6
f 825/206/5 2169/206/5 2295/458/5 951/458/5
f 401/297/6 1745/297/6 2990/300/6 1646/300/6
f 593/198/5 1937/198/5 2105/491/5 761/491/5
f 1235/420/5 2579/420/5 2663/397/5 1319/397/5
f 950/457/6 2294/457/6 2168/482/6 824/482/6
f 1645/276/5 2989/276/5 1746/301/5 402/301/5
f 760/504/6 2104/504/6 1936/443/6 592/443/6
f 1318/397/6 2662/397/6 2578/420/6 1234/420/6
f 823/481/5 2167/481/5 2293/459/5 949/459/5
f 403/297/6 1747/297/6 2988/231/6 1644/231/6
f 591/442/5 1935/442/5 2103/500/5 759/500/5
f 1233/420/5 2577/420/5 2661/397/5 1317/397/5
f 948/459/6 2292/459/6 2166/481/6 822/481/6
f 1643/276/5 2987/276/5 1748/302/5 404/302/5
f 758/500/6 2102/500/6 1934/442/6 590/442/6
f 1316/397/6 2660/397/6 2576/421/6 1232/421/6
f 821/481/5 2165/481/5 2291/459/5 947/459/5
f 405/303/6 1749/303/6 2986/300/6 1642/300/6
f 589/442/5 1933/442/5 2101/500/5 757/500/5
f 1231/421/5 2575/421/5 2659/397/5 1315/397/5
f 946/459/6 2290/459/6 2164/481/6 820/481/6
f 1641/276/5 2985/276/5 1750/303/5 406/303/5
f 756/500/6 2100/500/6 1932/442/6 588/442/6
f 1314/398/6 2658/398/6 2574/422/6 1230/422/6
f 819/481/5 2163/481/5 2289/459/5 945/459/5
f 407/303/6 1751/303/6 2984/288/6 1640/288/6
f 587/199/5 1931/199/5 2099/205/5 755/205/5
f 1229/416/5 2573/416/5 2657/398/5 1313/398/5
f 944/459/6 2288/459/6 2162/481/6 818/481/6
f 1639/276/5 2983/276/5 1752/305/5 408/305/5
f 754/205/6 2098/205/6 1930/198/6 586/198/6
f 1312/398/6 2656/398/6 2572/420/6 1228/420/6
f 817/480/5 2161/480/5 2287/459/5 943/459/5
f 409/306/6 1753/306/6 2982/307/6 1638/307/6
f 585/198/5 1929/198/5 2097/491/5 753/491/5
f 1227/423/5 2571/423/5 2655/388/5 1311/388/5
f 942/459/6 2286/459/6 2160/480/6 816/480/6
f 1637/276/5 2981/276/5 1754/190/5 410/190/5
f 752/491/6 2096/491/6 1928/198/6 584/198/6
f 1310/187/6 2654/187/6 2570/423/6 1226/423/6
f 815/480/5 2159/480/5 2285/459/5 941/459/5
f 411/190/6 1755/190/6 2980/288/6 1636/288/6
f 583/198/5 1927/198/5 2095/205/5 751/205/5
f 1225/420/5 2569/420/5 2653/398/5 1309/398/5
f 940/459/6 2284/459/6 2158/480/6 814/480/6
f 1635/231/5 2979/231/5 1756/191/5 412/191/5
f 750/505/6 2094/505/6 2011/428/6 667/428/6
f 1308/398/6 2652/398/6 2568/420/6 1224/420/6
f 813/480/5 2157/480/5 2283/459/5 939/459/5
f 413/308/6 1757/308/6 2978/289/6 1634/289/6
f 668/427/5 2012/427/5 2093/454/5 749/454/5
f 1223/420/5 2567/420/5 2651/398/5 1307/398/5
f 938/458/6 2282/458/6 2156/480/6 812/480/6
f 1633/231/5 2977/231/5 1758/191/5 414/191/5
f 748/485/6 2092/485/6 2013/427/6 669/427/6
f 1306/187/6 2650/187/6 2566/423/6 1222/423/6
f 811/484/5 2155/484/5 2281/458/5 937/458/5
f 1716/234/6 3060/234/6 2976/230/6 1632/230/6
f 670/431/5 2014/431/5 2091/485/5 747/485/5
f 1221/419/5 2565/419/5 2649/398/5 1305/398/5
f 936/458/6 2280/458/6 2154/484/6 810/484/6
f 1631/310/5 2975/310/5 3059/234/5 1715/234/5
f 746/485/6 2090/485/6 2015/427/6 671/427/6
f 1304/398/6 2648/398/6 2564/419/6 1220/419/6
f 809/486/5 2153/486/5 2279/458/5 935/458/5
f 1714/249/6 3058/249/6 2974/230/6 1630/230/6
f 672/428/5 2016/428/5 2089/454/5 745/454/5
f 1219/417/5 2563/417/5 2647/398/5 1303/398/5
f 934/458/6 2278/458/6 2152/486/6 808/486/6
f 1629/311/5 2973/311/5 3057/251/5 1713/251/5
f 744/485/6 2088/485/6 2017/432/6 673/432/6
f 1302/398/6 2646/398/6 2562/417/6 1218/417/6
f 807/486/5 2151/486/5 2277/458/5 933/458/5
f 1712/251/6 3056/251/6 2972/311/6 1628/311/6
f 674/203/5 2018/203/5 2087/454/5 743/454/5
f 1217/417/5 2561/417/5 2645/398/5 1301/398/5
f 932/458/6 2276/458/6 2150/487/6 806/487/6
f 1627/313/5 2971/313/5 3055/251/5 1711/251/5
f 742/454/6 2086/454/6 2019/428/6 675/428/6
f 1300/398/6 2644/398/6 2560/416/6 1216/416/6
f 805/488/5 2149/488/5 2275/458/5 931/458/5
f 1710/253/6 3054/253/6 2970/312/6 1626/312/6
f 676/433/5 2020/433/5 2085/460/5 741/460/5
f 1215/416/5 2559/416/5 2643/388/5 1299/388/5
f 930/458/6 2274/458/6 2148/482/6 804/482/6
f 1625/312/5 2969/312/5 3053/251/5 1709/251/5
f 740/506/6 2084/506/6 2021/428/6 677/428/6
f 1298/388/6 2642/388/6 2558/416/6 1214/416/6
f 803/482/5 2147/482/5 2273/458/5 929/458/5
f 1708/251/6 3052/251/6 2968/312/6 1624/312/6
f 678/434/5 2022/434/5 2083/485/5 739/485/5
f 1213/220/5 2557/220/5 2641/187/5 1297/187/5
f 928/456/6 2272/456/6 2146/489/6 802/489/6
f 1623/230/5 2967/230/5 3051/256/5 1707/256/5
f 738/501/6 2082/501/6 2023/203/6 679/203/6
f 1296/222/6 2640/222/6 2556/219/6 1212/219/6
f 801/489/5 2145/489/5 2271/456/5 927/456/5
f 1706/255/6 3050/255/6 2966/230/6 1622/230/6
f 680/203/5 2024/203/5 2081/501/5 737/501/5
f 1211/395/5 2555/395/5 2639/400/5 1295/400/5
f 926/456/6 2270/456/6 2144/489/6 800/489/6
f 1621/312/5 2965/312/5 3049/258/5 1705/258/5
f 736/485/6 2080/485/6 2025/428/6 681/428/6
f 1294/222/6 2638/222/6 2554/425/6 1210/425/6
f 799/489/5 2143/489/5 2269/456/5 925/456/5
f 1704/258/6 3048/258/6 2964/312/6 1620/312/6
f 682/203/5 2026/203/5 2079/454/5 735/454/5
f 1209/425/5 2553/425/5 2637/222/5 1293/222/5
f 924/456/6 2268/456/6 2142/480/6 798/480/6
f 1619/313/5 2963/313/5 3047/258/5 1703/258/5
f 734/454/6 2078/454/6 2027/433/6 683/433/6
f 1292/222/6 2636/222/6 2552/219/6 1208/219/6
f 797/480/5 2141/480/5 2267/456/5 923/456/5
f 1702/255/6 3046/255/6 2962/313/6 1618/313/6
f 684/435/5 2028/435/5 2077/454/5 733/454/5
f 1207/219/5 2551/219/5 2635/222/5 1291/222/5
f 922/456/6 2266/456/6 2140/480/6 796/480/6
f 1617/313/5 2961/313/5 3045/258/5 1701/258/5
f 732/485/6 2076/485/6 2029/436/6 685/436/6
f 1290/401/6 2634/401/6 2550/395/6 1206/395/6
f 795/481/5 2139/481/5 2265/209/5 921/209/5
f 1700/258/6 3044/258/6 2960/313/6 1616/313/6
f 686/435/5 2030/435/5 2075/454/5 731/454/5
f 1205/395/5 2549/395/5 2633/403/5 1289/403/5
f 920/209/6 2264/209/6 2138/481/6 794/481/6
f 1615/311/5 2959/311/5 3043/255/5 1699/255/5
f 730/454/6 2074/454/6 2031/435/6 687/435/6
f 1288/403/6 2632/403/6 2548/374/6 1204/374/6
f 793/206/5 2137/206/5 2263/209/5 919/209/5
f 1698/258/6 3042/258/6 2958/311/6 1614/311/6
f 688/437/5 2032/437/5 2073/454/5 729/454/5
f 1203/374/5 2547/374/5 2631/404/5 1287/404/5
f 918/208/6 2262/208/6 2136/205/6 792/205/6
f 1613/319/5 2957/319/5 3041/255/5 1697/255/5
f 728/454/6 2072/454/6 2033/203/6 689/203/6
f 1286/401/6 2630/401/6 2546/219/6 1202/219/6
f 791/491/5 2135/491/5 2261/462/5 917/462/5
f 1696/255/6 3040/255/6 2956/319/6 1612/319/6
f 690/437/5 2034/437/5 2071/454/5 727/454/5
f 1201/373/5 2545/373/5 2629/401/5 1285/401/5
f 916/208/6 2260/208/6 2134/205/6 790/205/6
f 1611/319/5 2955/319/5 3039/268/5 1695/268/5
f 726/454/6 2070/454/6 2035/435/6 691/435/6
f 1284/401/6 2628/401/6 2544/373/6 1200/373/6
f 789/205/5 2133/205/5 2259/208/5 915/208/5
f 1694/251/6 3038/251/6 2954/319/6 1610/319/6
f 692/203/5 2036/203/5 2069/454/5 725/454/5
f 1199/218/5 2543/218/5 2627/222/5 1283/222/5
f 914/208/6 2258/208/6 2132/491/6 788/491/6
f 1609/323/5 2953/323/5 3037/269/5 1693/269/5
f 724/454/6 2068/454/6 2037/203/6 693/203/6
f 1282/222/6 2626/222/6 2542/218/6 1198/218/6
f 787/491/5 2131/491/5 2257/208/5 913/208/5
f 1692/249/6 3036/249/6 2952/323/6 1608/323/6
f 4186/230/30 3084/230/30 3085/234/30 4187/234/30
f 3166/229/6 3294/229/6 3293/226/6 3165/226/6
f 4188/232/17 3071/232/17 3072/190/17 4189/190/17
f 4187/234/31 3085/234/31 3086/194/31 4190/194/31
f 4189/190/18 3072/190/18 3073/189/18 4191/189/18
f 4190/194/32 3086/194/32 3087/193/32 4192/193/32
f 4191/189/19 3073/189/19 3074/197/19 4193/197/19
f 4195/514/33 4192/193/33 3087/193/33 3088/199/33 4196/199/33 4194/515/33
f 4193/197/20 3074/197/20 3075/200/20 4197/200/20
f 4198/203/7 3062/203/7 3061/202/7 4199/202/7
f 4196/199/34 3088/199/34 3089/205/34 4200/205/34
f 4197/200/21 3075/200/21 3076/206/21 4201/206/21
f 4199/202/8 3061/202/8 3063/207/8 4202/207/8
f 4200/205/35 3089/205/35 3090/208/35 4203/208/35
f 4201/206/22 3076/206/22 3077/209/22 4204/209/22
f 4202/207/9 3063/207/9 3064/211/9 4205/211/9
f 4203/208/36 3090/208/36 3091/213/36 4206/213/36
f 4204/209/23 3077/209/23 3078/214/23 4207/214/23
f 3064/211/10 3065/215/10 4208/215/10 4205/211/10
f 4206/213/37 3091/213/37 3092/217/37 4209/217/37
f 4207/214/24 3078/214/24 3079/219/24 4210/219/24
f 4208/215/11 3065/215/11 3066/221/11 4211/221/11
f 4209/217/38 3092/217/38 3062/203/38 4198/203/38
f 4210/219/25 3079/219/25 3080/222/25 4212/222/25
f 4211/221/12 3066/221/12 3067/187/12 4213/187/12
f 4212/222/26 3080/222/26 3081/223/26 4214/223/26
f 4213/187/13 3067/187/13 3068/186/13 4215/186/13
f 4214/223/27 3081/223/27 3082/224/27 4216/224/27
f 4215/186/14 3068/186/14 3069/226/14 4217/226/14
f 4220/516/28 4216/224/28 3082/224/28 3083/228/28 4219/228/28 4218/517/28
f 4217/226/15 3069/226/15 3070/229/15 4221/229/15
f 4219/228/29 3083/228/29 3084/230/29 4186/230/29
f 4221/229/16 3070/229/16 3071/232/16 4188/232/16
f 3095/207/9 3127/207/9 3128/211/9 3096/211/9
f 3118/194/6 3246/194/6 3245/234/6 3117/234/6
f 3136/190/5 3264/190/5 3265/189/5 3137/189/5
f 3165/226/6 3293/226/6 3292/186/6 3164/186/6
f 3117/234/6 3245/234/6 3244/230/6 3116/230/6
f 3135/232/5 3263/232/5 3264/190/5 3136/190/5
f 3164/186/6 3292/186/6 3291/187/6 3163/187/6
f 3116/230/6 3244/230/6 3243/228/6 3115/228/6
f 3134/229/5 3262/229/5 3263/232/5 3135/232/5
f 3163/187/6 3291/187/6 3290/221/6 3162/221/6
f 3115/228/6 3243/228/6 3242/224/6 3114/224/6
f 3133/226/5 3261/226/5 3262/229/5 3134/229/5
f 3162/221/6 3290/221/6 3289/215/6 3161/215/6
f 3114/224/6 3242/224/6 3241/223/6 3113/223/6
f 3132/186/5 3260/186/5 3261/226/5 3133/226/5
f 3161/215/6 3289/215/6 3288/211/6 3160/211/6
f 3113/223/6 3241/223/6 3240/222/6 3112/222/6
f 3131/187/5 3259/187/5 3260/186/5 3132/186/5
f 3160/211/6 3288/211/6 3287/207/6 3159/207/6
f 3092/217/5 3220/217/5 3190/203/5 3062/203/5
f 3112/222/6 3240/222/6 3239/219/6 3111/219/6
f 3130/221/5 3258/221/5 3259/187/5 3131/187/5
f 3159/207/6 3287/207/6 3285/202/6 3157/202/6
f 3091/213/5 3219/213/5 3220/217/5 3092/217/5
f 3111/219/6 3239/219/6 3238/214/6 3110/214/6
f 3129/215/5 3257/215/5 3258/221/5 3130/221/5
f 3157/202/6 3285/202/6 3286/203/6 3158/203/6
f 3090/208/5 3218/208/5 3219/213/5 3091/213/5
f 3110/214/6 3238/214/6 3237/209/6 3109/209/6
f 3128/211/5 3256/211/5 3257/215/5 3129/215/5
f 3089/205/5 3217/205/5 3218/208/5 3090/208/5
f 3109/209/6 3237/209/6 3236/206/6 3108/206/6
f 3127/207/5 3255/207/5 3256/211/5 3128/211/5
f 3122/208/36 3154/208/36 3155/213/36 3123/213/36
f 3109/209/23 3141/209/23 3142/214/23 3110/214/23
f 3096/211/10 3128/211/10 3129/215/10 3097/215/10
f 3123/213/37 3155/213/37 3156/217/37 3124/217/37
f 3110/214/24 3142/214/24 3143/219/24 3111/219/24
f 3097/215/11 3129/215/11 3130/221/11 3098/221/11
f 3124/217/38 3156/217/38 3126/203/38 3094/203/38
f 3111/219/25 3143/219/25 3144/222/25 3112/222/25
f 3098/221/12 3130/221/12 3131/187/12 3099/187/12
f 3112/222/26 3144/222/26 3145/223/26 3113/223/26
f 3099/187/13 3131/187/13 3132/186/13 3100/186/13
f 3113/223/27 3145/223/27 3146/224/27 3114/224/27
f 3100/186/14 3132/186/14 3133/226/14 3101/226/14
f 3114/224/28 3146/224/28 3147/228/28 3115/228/28
f 3101/226/15 3133/226/15 3134/229/15 3102/229/15
f 3115/228/29 3147/228/29 3148/230/29 3116/230/29
f 3102/229/16 3134/229/16 3135/232/16 3103/232/16
f 3116/230/30 3148/230/30 3149/234/30 3117/234/30
f 3103/232/17 3135/232/17 3136/190/17 3104/190/17
f 3117/234/31 3149/234/31 3150/194/31 3118/194/31
f 3104/190/18 3136/190/18 3137/189/18 3105/189/18
f 3118/194/32 3150/194/32 3151/193/32 3119/193/32
f 3105/189/19 3137/189/19 3138/197/19 3106/197/19
f 3119/193/33 3151/193/33 3152/199/33 3120/199/33
f 3106/197/20 3138/197/20 3139/200/20 3107/200/20
f 3094/203/7 3126/203/7 3125/202/7 3093/202/7
f 3120/199/34 3152/199/34 3153/205/34 3121/205/34
f 3107/200/21 3139/200/21 3140/206/21 3108/206/21
f 3093/202/8 3125/202/8 3127/207/8 3095/207/8
f 3121/205/35 3153/205/35 3154/208/35 3122/208/35
f 3108/206/22 3140/206/22 3141/209/22 3109/209/22
f 3186/208/6 3185/205/6 3184/199/6 3183/193/6 3182/194/6 3181/234/6 3180/230/6 3179/228/6 3178/224/6 3177/223/6 3176/222/6 3175/219/6 3174/214/6 3173/209/6 3172/206/6 3171/200/6 3170/197/6 3169/189/6 3168/190/6 3167/232/6 3166/229/6 3165/226/6 3164/186/6 3163/187/6 3162/221/6 3161/215/6 3160/211/6 3159/207/6 3157/202/6 3158/203/6 3188/217/6 3187/213/6
f 3088/199/5 3216/199/5 3217/205/5 3089/205/5
f 3108/206/6 3236/206/6 3235/200/6 3107/200/6
f 3125/202/5 3253/202/5 3255/207/5 3127/207/5
f 3087/193/5 3215/193/5 3216/199/5 3088/199/5
f 3107/200/6 3235/200/6 3234/197/6 3106/197/6
f 3126/203/5 3254/203/5 3253/202/5 3125/202/5
f 3086/194/5 3214/194/5 3215/193/5 3087/193/5
f 3106/197/6 3234/197/6 3233/189/6 3105/189/6
f 3085/234/5 3213/234/5 3214/194/5 3086/194/5
f 3105/189/6 3233/189/6 3232/190/6 3104/190/6
f 3084/230/5 3212/230/5 3213/234/5 3085/234/5
f 3104/190/6 3232/190/6 3231/232/6 3103/232/6
f 3083/228/5 3211/228/5 3212/230/5 3084/230/5
f 3103/232/6 3231/232/6 3230/229/6 3102/229/6
f 3082/224/5 3210/224/5 3211/228/5 3083/228/5
f 3102/229/6 3230/229/6 3229/226/6 3101/226/6
f 3081/223/5 3209/223/5 3210/224/5 3082/224/5
f 3101/226/6 3229/226/6 3228/186/6 3100/186/6
f 3080/222/5 3208/222/5 3209/223/5 3081/223/5
f 3100/186/6 3228/186/6 3227/187/6 3099/187/6
f 3079/219/5 3207/219/5 3208/222/5 3080/222/5
f 3099/187/6 3227/187/6 3226/221/6 3098/221/6
f 3078/214/5 3206/214/5 3207/219/5 3079/219/5
f 3098/221/6 3226/221/6 3225/215/6 3097/215/6
f 3077/209/5 3205/209/5 3206/214/5 3078/214/5
f 3097/215/6 3225/215/6 3224/211/6 3096/211/6
f 3076/206/5 3204/206/5 3205/209/5 3077/209/5
f 3096/211/6 3224/211/6 3223/207/6 3095/207/6
f 3075/200/5 3203/200/5 3204/206/5 3076/206/5
f 3095/207/6 3223/207/6 3221/202/6 3093/202/6
f 3074/197/5 3202/197/5 3203/200/5 3075/200/5
f 3215/193/33 3247/193/33 3248/199/33 3216/199/33
f 3202/197/20 3234/197/20 3235/200/20 3203/200/20
f 3190/203/7 3222/203/7 3221/202/7 3189/202/7
f 3216/199/34 3248/199/34 3249/205/34 3217/205/34
f 3203/200/21 3235/200/21 3236/206/21 3204/206/21
f 3189/202/8 3221/202/8 3223/207/8 3191/207/8
f 3217/205/35 3249/205/35 3250/208/35 3218/208/35
f 3204/206/22 3236/206/22 3237/209/22 3205/209/22
f 3191/207/9 3223/207/9 3224/211/9 3192/211/9
f 3218/208/36 3250/208/36 3251/213/36 3219/213/36
f 3205/209/23 3237/209/23 3238/214/23 3206/214/23
f 3192/211/10 3224/211/10 3225/215/10 3193/215/10
f 3219/213/37 3251/213/37 3252/217/37 3220/217/37
f 3206/214/24 3238/214/24 3239/219/24 3207/219/24
f 3193/215/11 3225/215/11 3226/221/11 3194/221/11
f 3220/217/38 3252/217/38 3222/203/38 3190/203/38
f 3207/219/25 3239/219/25 3240/222/25 3208/222/25
f 3194/221/12 3226/221/12 3227/187/12 3195/187/12
f 3208/222/26 3240/222/26 3241/223/26 3209/223/26
f 3195/187/13 3227/187/13 3228/186/13 3196/186/13
f 3209/223/27 3241/223/27 3242/224/27 3210/224/27
f 3196/186/14 3228/186/14 3229/226/14 3197/226/14
f 3210/224/28 3242/224/28 3243/228/28 3211/228/28
f 3197/226/15 3229/226/15 3230/229/15 3198/229/15
f 3211/228/29 3243/228/29 3244/230/29 3212/230/29
f 3198/229/16 3230/229/16 3231/232/16 3199/232/16
f 3212/230/30 3244/230/30 3245/234/30 3213/234/30
f 3199/232/17 3231/232/17 3232/190/17 3200/190/17
f 3213/234/31 3245/234/31 3246/194/31 3214/194/31
f 3200/190/18 3232/190/18 3233/189/18 3201/189/18
f 3214/194/32 3246/194/32 3247/193/32 3215/193/32
f 3201/189/19 3233/189/19 3234/197/19 3202/197/19
f 3258/221/12 3290/221/12 3291/187/12 3259/187/12
f 3272/222/26 3304/222/26 3305/223/26 3273/223/26
f 3259/187/13 3291/187/13 3292/186/13 3260/186/13
f 3273/223/27 3305/223/27 3306/224/27 3274/224/27
f 3260/186/14 3292/186/14 3293/226/14 3261/226/14
f 3274/224/28 3306/224/28 3307/228/28 3275/228/28
f 3261/226/15 3293/226/15 3294/229/15 3262/229/15
f 3275/228/29 3307/228/29 3308/230/29 3276/230/29
f 3262/229/16 3294/229/16 3295/232/16 3263/232/16
f 3276/230/30 3308/230/30 3309/234/30 3277/234/30
f 3263/232/17 3295/232/17 3296/190/17 3264/190/17
f 3277/234/31 3309/234/31 3310/194/31 3278/194/31
f 3264/190/18 3296/190/18 3297/189/18 3265/189/18
f 3278/194/32 3310/194/32 3311/193/32 3279/193/32
f 3265/189/19 3297/189/19 3298/197/19 3266/197/19
f 3279/193/33 3311/193/33 3312/199/33 3280/199/33
f 3266/197/20 3298/197/20 3299/200/20 3267/200/20
f 3254/203/7 3286/203/7 3285/202/7 3253/202/7
f 3280/199/34 3312/199/34 3313/205/34 3281/205/34
f 3267/200/21 3299/200/21 3300/206/21 3268/206/21
f 3253/202/8 3285/202/8 3287/207/8 3255/207/8
f 3281/205/35 3313/205/35 3314/208/35 3282/208/35
f 3268/206/22 3300/206/22 3301/209/22 3269/209/22
f 3255/207/9 3287/207/9 3288/211/9 3256/211/9
f 3282/208/36 3314/208/36 3315/213/36 3283/213/36
f 3269/209/23 3301/209/23 3302/214/23 3270/214/23
f 3256/211/10 3288/211/10 3289/215/10 3257/215/10
f 3283/213/37 3315/213/37 3316/217/37 3284/217/37
f 3270/214/24 3302/214/24 3303/219/24 3271/219/24
f 3257/215/11 3289/215/11 3290/221/11 3258/221/11
f 3284/217/38 3316/217/38 3286/203/38 3254/203/38
f 3271/219/25 3303/219/25 3304/222/25 3272/222/25
f 3137/189/5 3265/189/5 3266/197/5 3138/197/5
f 3119/193/6 3247/193/6 3246/194/6 3118/194/6
f 3167/232/6 3295/232/6 3294/229/6 3166/229/6
f 3138/197/5 3266/197/5 3267/200/5 3139/200/5
f 3120/199/6 3248/199/6 3247/193/6 3119/193/6
f 3168/190/6 3296/190/6 3295/232/6 3167/232/6
f 3139/200/5 3267/200/5 3268/206/5 3140/206/5
f 3121/205/6 3249/205/6 3248/199/6 3120/199/6
f 3169/189/6 3297/189/6 3296/190/6 3168/190/6
f 3140/206/5 3268/206/5 3269/209/5 3141/209/5
f 3122/208/6 3250/208/6 3249/205/6 3121/205/6
f 3170/197/6 3298/197/6 3297/189/6 3169/189/6
f 3141/209/5 3269/209/5 3270/214/5 3142/214/5
f 3123/213/6 3251/213/6 3250/208/6 3122/208/6
f 3171/200/6 3299/200/6 3298/197/6 3170/197/6
f 3142/214/5 3270/214/5 3271/219/5 3143/219/5
f 3124/217/6 3252/217/6 3251/213/6 3123/213/6
f 3172/206/6 3300/206/6 3299/200/6 3171/200/6
f 3143/219/5 3271/219/5 3272/222/5 3144/222/5
f 3094/203/6 3222/203/6 3252/217/6 3124/217/6
f 3173/209/6 3301/209/6 3300/206/6 3172/206/6
f 3144/222/5 3272/222/5 3273/223/5 3145/223/5
f 3174/214/6 3302/214/6 3301/209/6 3173/209/6
f 3145/223/5 3273/223/5 3274/224/5 3146/224/5
f 3175/219/6 3303/219/6 3302/214/6 3174/214/6
f 3146/224/5 3274/224/5 3275/228/5 3147/228/5
f 3176/222/6 3304/222/6 3303/219/6 3175/219/6
f 3147/228/5 3275/228/5 3276/230/5 3148/230/5
f 3177/223/6 3305/223/6 3304/222/6 3176/222/6
f 3148/230/5 3276/230/5 3277/234/5 3149/234/5
f 3178/224/6 3306/224/6 3305/223/6 3177/223/6
f 3149/234/5 3277/234/5 3278/194/5 3150/194/5
f 3179/228/6 3307/228/6 3306/224/6 3178/224/6
f 3150/194/5 3278/194/5 3279/193/5 3151/193/5
f 3180/230/6 3308/230/6 3307/228/6 3179/228/6
f 3151/193/5 3279/193/5 3280/199/5 3152/199/5
f 3062/203/5 3190/203/5 3189/202/5 3061/202/5
f 3181/234/6 3309/234/6 3308/230/6 3180/230/6
f 3152/199/5 3280/199/5 3281/205/5 3153/205/5
f 3061/202/5 3189/202/5 3191/207/5 3063/207/5
f 3182/194/6 3310/194/6 3309/234/6 3181/234/6
f 3153/205/5 3281/205/5 3282/208/5 3154/208/5
f 3063/207/5 3191/207/5 3192/211/5 3064/211/5
f 3183/193/6 3311/193/6 3310/194/6 3182/194/6
f 3154/208/5 3282/208/5 3283/213/5 3155/213/5
f 3064/211/5 3192/211/5 3193/215/5 3065/215/5
f 3184/199/6 3312/199/6 3311/193/6 3183/193/6
f 3155/213/5 3283/213/5 3284/217/5 3156/217/5
f 3065/215/5 3193/215/5 3194/221/5 3066/221/5
f 3185/205/6 3313/205/6 3312/199/6 3184/199/6
f 3156/217/5 3284/217/5 3254/203/5 3126/203/5
f 3066/221/5 3194/221/5 3195/187/5 3067/187/5
f 3186/208/6 3314/208/6 3313/205/6 3185/205/6
f 3067/187/5 3195/187/5 3196/186/5 3068/186/5
f 3187/213/6 3315/213/6 3314/208/6 3186/208/6
f 3068/186/5 3196/186/5 3197/226/5 3069/226/5
f 3188/217/6 3316/217/6 3315/213/6 3187/213/6
f 3069/226/5 3197/226/5 3198/229/5 3070/229/5
f 3158/203/6 3286/203/6 3316/217/6 3188/217/6
f 3070/229/5 3198/229/5 3199/232/5 3071/232/5
f 3071/232/5 3199/232/5 3200/190/5 3072/190/5
f 3072/190/5 3200/190/5 3201/189/5 3073/189/5
f 3073/189/5 3201/189/5 3202/197/5 3074/197/5
f 3093/202/6 3221/202/6 3222/203/6 3094/203/6
f 3414/455/6 3447/211/6 3799/211/6 3766/455/6
f 3327/518/18 3326/188/18 3637/519/18 3636/191/18
f 3494/219/6 3516/222/6 3868/222/6 3846/219/6
f 3325/189/18 3324/189/18 3639/190/18 3638/520/18
f 3597/338/6 3619/276/6 3971/276/6 3949/338/6
f 3323/521/18 3322/189/18 3641/522/18 3640/190/18
f 3345/197/5 3323/521/5 3675/521/5 3697/197/5
f 3321/189/18 3320/189/18 3643/522/18 3642/522/18
f 3448/263/5 3415/207/5 3767/207/5 3800/263/5
f 3319/523/18 3318/523/18 3645/190/18 3644/190/18
f 3517/401/5 3495/219/5 3847/219/5 3869/401/5
f 3620/276/5 3598/335/5 3950/335/5 3972/276/5
f 3338/236/32 3337/192/32 3648/524/32 3647/525/32
f 3324/189/6 3346/197/6 3698/197/6 3676/189/6
f 3336/236/32 3335/359/32 3650/244/32 3649/526/32
f 3334/192/32 3333/236/32 3652/244/32 3651/526/32
f 3496/219/6 3518/527/6 3870/527/6 3848/219/6
f 3332/193/32 3331/193/32 3654/244/32 3653/244/32
f 3599/335/6 3621/276/6 3973/276/6 3951/335/6
f 3330/192/32 3329/528/32 3656/244/32 3655/244/32
f 3347/197/5 3325/189/5 3677/189/5 3699/197/5
f 3427/209/5 3394/480/5 3746/480/5 3779/209/5
f 3349/399/19 3348/197/19 3326/188/19 3327/518/19
f 3519/527/5 3497/219/5 3849/219/5 3871/527/5
f 3347/197/19 3346/197/19 3324/189/19 3325/189/19
f 3622/298/5 3600/336/5 3952/336/5 3974/298/5
f 3345/197/19 3344/197/19 3322/189/19 3323/521/19
f 3326/188/6 3348/197/6 3700/197/6 3678/188/6
f 3343/392/19 3342/392/19 3320/189/19 3321/189/19
f 3395/489/6 3428/209/6 3780/209/6 3747/489/6
f 3341/197/19 3340/197/19 3318/523/19 3319/523/19
f 3498/219/6 3520/401/6 3872/401/6 3850/219/6
f 3601/229/6 3623/282/6 3975/282/6 3953/229/6
f 3360/443/33 3359/199/33 3337/192/33 3338/236/33
f 3349/399/5 3327/518/5 3679/518/5 3701/399/5
f 3358/199/33 3357/199/33 3335/359/33 3336/236/33
f 3429/209/5 3396/206/5 3748/206/5 3781/209/5
f 3356/199/33 3355/199/33 3333/236/33 3334/192/33
f 3521/222/5 3499/529/5 3851/529/5 3873/222/5
f 3354/442/33 3353/442/33 3331/193/33 3332/193/33
f 3624/280/5 3602/334/5 3954/334/5 3976/280/5
f 3352/199/33 3351/199/33 3329/528/33 3330/192/33
f 3397/481/6 3430/530/6 3782/530/6 3749/481/6
f 3371/200/20 3370/531/20 3348/197/20 3349/399/20
f 3500/529/6 3522/222/6 3874/222/6 3852/529/6
f 3369/531/20 3368/532/20 3346/197/20 3347/197/20
f 3367/532/20 3366/507/20 3344/197/20 3345/197/20
f 3328/512/5 3657/244/5 4009/244/5 3680/512/5
f 3365/507/20 3364/507/20 3342/392/20 3343/392/20
f 3431/530/5 3398/481/5 3750/481/5 3783/530/5
f 3363/507/20 3362/507/20 3340/197/20 3341/197/20
f 3523/222/5 3501/241/5 3853/241/5 3875/222/5
f 3603/230/5 3581/228/5 3933/228/5 3955/230/5
f 3382/533/7 3381/485/7 3659/203/7 3658/432/7
f 3656/244/6 3329/528/6 3681/528/6 4008/244/6
f 3380/533/7 3379/485/7 3661/203/7 3660/439/7
f 3399/481/6 3432/530/6 3784/530/6 3751/481/6
f 3378/485/7 3377/485/7 3663/203/7 3662/203/7
f 3502/241/6 3524/222/6 3876/222/6 3854/241/6
f 3376/485/7 3375/485/7 3665/427/7 3664/427/7
f 3582/228/6 3604/328/6 3956/328/6 3934/228/6
f 3374/201/7 3373/506/7 3667/427/7 3666/427/7
f 3330/192/5 3655/244/5 4007/244/5 3682/192/5
f 3433/209/5 3400/481/5 3752/481/5 3785/209/5
f 3393/491/34 3392/205/34 3359/199/34 3360/443/34
f 3525/400/5 3503/219/5 3855/219/5 3877/400/5
f 3391/205/34 3390/491/34 3357/199/34 3358/199/34
f 3605/230/5 3583/228/5 3935/228/5 3957/230/5
f 3389/491/34 3388/534/34 3355/199/34 3356/199/34
f 3654/244/6 3331/193/6 3683/193/6 4006/244/6
f 3387/534/34 3386/534/34 3353/442/34 3354/442/34
f 3401/480/6 3434/209/6 3786/209/6 3753/480/6
f 3385/491/34 3384/205/34 3351/199/34 3352/199/34
f 3584/228/6 3606/312/6 3958/312/6 3936/228/6
f 3404/480/21 3403/480/21 3370/531/21 3371/200/21
f 3332/193/5 3653/244/5 4005/244/5 3684/193/5
f 3402/480/21 3401/480/21 3368/532/21 3369/531/21
f 3435/209/5 3402/480/5 3754/480/5 3787/209/5
f 3400/481/21 3399/481/21 3366/507/21 3367/532/21
f 3668/427/5 3482/429/5 3834/429/5 4020/427/5
f 3398/481/21 3397/481/21 3364/507/21 3365/507/21
f 3607/312/5 3585/228/5 3937/228/5 3959/312/5
f 3396/206/21 3395/489/21 3362/507/21 3363/507/21
f 3652/244/6 3333/236/6 3685/236/6 4004/244/6
f 3403/480/6 3436/209/6 3788/209/6 3755/480/6
f 3415/207/8 3414/455/8 3381/485/8 3382/533/8
f 3483/429/6 3667/427/6 4019/427/6 3835/429/6
f 3413/455/8 3412/474/8 3379/485/8 3380/533/8
f 3586/228/6 3608/312/6 3960/312/6 3938/228/6
f 3411/474/8 3410/474/8 3377/485/8 3378/485/8
f 3334/192/5 3651/526/5 4003/526/5 3686/192/5
f 3409/479/8 3408/479/8 3375/485/8 3376/485/8
f 3437/209/5 3404/480/5 3756/480/5 3789/209/5
f 3407/479/8 3406/479/8 3373/506/8 3374/201/8
f 3666/427/5 3484/355/5 3836/355/5 4018/427/5
f 3609/313/5 3587/535/5 3939/535/5 3961/313/5
f 3426/462/35 3425/208/35 3392/205/35 3393/491/35
f 3650/244/6 3335/359/6 3687/359/6 4002/244/6
f 3424/536/35 3423/536/35 3390/491/35 3391/205/35
f 3422/536/35 3421/537/35 3388/534/35 3389/491/35
f 3485/217/6 3665/427/6 4017/427/6 3837/217/6
f 3420/537/35 3419/537/35 3386/534/35 3387/534/35
f 3588/535/6 3610/311/6 3962/311/6 3940/535/6
f 3418/537/35 3417/208/35 3384/205/35 3385/491/35
f 3336/236/5 3649/526/5 4001/526/5 3688/236/5
f 3416/208/5 3383/205/5 3735/205/5 3768/208/5
f 3437/209/22 3436/209/22 3403/480/22 3404/480/22
f 3664/427/5 3486/217/5 3838/217/5 4016/427/5
f 3435/209/22 3434/209/22 3401/480/22 3402/480/22
f 3611/311/5 3589/538/5 3941/538/5 3963/311/5
f 3433/209/22 3432/530/22 3399/481/22 3400/481/22
f 3648/524/6 3337/192/6 3689/192/6 4000/524/6
f 3431/530/22 3430/530/22 3397/481/22 3398/481/22
f 3384/205/6 3417/208/6 3769/208/6 3736/205/6
f 3429/209/22 3428/209/22 3395/489/22 3396/206/22
f 3487/217/6 3663/203/6 4015/203/6 3839/217/6
f 3590/538/6 3612/230/6 3964/230/6 3942/538/6
f 3448/263/9 3447/211/9 3414/455/9 3415/207/9
f 3338/236/5 3647/525/5 3999/525/5 3690/236/5
f 3446/539/9 3445/539/9 3412/474/9 3413/455/9
f 3418/537/5 3385/491/5 3737/491/5 3770/537/5
f 3444/539/9 3443/211/9 3410/474/9 3411/474/9
f 3662/203/5 3488/283/5 3840/283/5 4014/203/5
f 3442/211/9 3441/211/9 3408/479/9 3409/479/9
f 3613/310/5 3591/228/5 3943/228/5 3965/310/5
f 3440/211/9 3439/211/9 3406/479/9 3407/479/9
f 3386/534/6 3419/537/6 3771/537/6 3738/534/6
f 3459/213/36 3458/362/36 3425/208/36 3426/462/36
f 3489/283/6 3661/203/6 4013/203/6 3841/283/6
f 3457/362/36 3456/213/36 3423/536/36 3424/536/36
f 3455/213/36 3454/213/36 3421/537/36 3422/536/36
f 3317/513/5 3646/190/5 3998/190/5 3669/513/5
f 3453/332/36 3452/332/36 3419/537/36 3420/537/36
f 3420/537/5 3387/534/5 3739/534/5 3772/537/5
f 3451/332/36 3450/332/36 3417/208/36 3418/537/36
f 3660/439/5 3490/540/5 3842/540/5 4012/439/5
f 3592/229/5 3570/225/5 3922/225/5 3944/229/5
f 3470/426/23 3469/214/23 3436/209/23 3437/209/23
f 3645/190/6 3318/523/6 3670/523/6 3997/190/6
f 3468/239/23 3467/239/23 3434/209/23 3435/209/23
f 3388/534/6 3421/537/6 3773/537/6 3740/534/6
f 3466/405/23 3465/371/23 3432/530/23 3433/209/23
f 3491/217/6 3659/203/6 4011/203/6 3843/217/6
f 3464/371/23 3463/371/23 3430/530/23 3431/530/23
f 3571/225/6 3593/229/6 3945/229/6 3923/225/6
f 3462/214/23 3461/380/23 3428/209/23 3429/209/23
f 3319/523/5 3644/190/5 3996/190/5 3671/523/5
f 3422/536/5 3389/491/5 3741/491/5 3774/536/5
f 3481/240/10 3480/215/10 3447/211/10 3448/263/10
f 3658/432/5 3492/217/5 3844/217/5 4010/432/5
f 3479/215/10 3478/240/10 3445/539/10 3446/539/10
f 3594/338/5 3572/271/5 3924/271/5 3946/338/5
f 3477/240/10 3476/440/10 3443/211/10 3444/539/10
f 3643/522/6 3320/189/6 3672/189/6 3995/522/6
f 3475/440/10 3474/440/10 3441/211/10 3442/211/10
f 3390/491/6 3423/536/6 3775/536/6 3742/491/6
f 3473/240/10 3472/215/10 3439/211/10 3440/211/10
f 3573/271/6 3595/340/6 3947/340/6 3925/271/6
f 3492/217/37 3491/217/37 3458/362/37 3459/213/37
f 3321/189/5 3642/522/5 3994/522/5 3673/189/5
f 3490/540/37 3489/283/37 3456/213/37 3457/362/37
f 3424/536/5 3391/205/5 3743/205/5 3776/536/5
f 3488/283/37 3487/217/37 3454/213/37 3455/213/37
f 3504/221/5 3471/215/5 3823/215/5 3856/221/5
f 3486/217/37 3485/217/37 3452/332/37 3453/332/37
f 3596/340/5 3574/271/5 3926/271/5 3948/340/5
f 3484/355/37 3483/429/37 3450/332/37 3451/332/37
f 3641/522/6 3322/189/6 3674/189/6 3993/522/6
f 3392/205/6 3425/208/6 3777/208/6 3744/205/6
f 3503/219/24 3502/241/24 3469/214/24 3470/426/24
f 3472/215/6 3505/221/6 3857/221/6 3824/215/6
f 3501/241/24 3500/529/24 3467/239/24 3468/239/24
f 3575/271/6 3597/338/6 3949/338/6 3927/271/6
f 3499/529/24 3498/219/24 3465/371/24 3466/405/24
f 3323/521/5 3640/190/5 3992/190/5 3675/521/5
f 3497/219/24 3496/219/24 3463/371/24 3464/371/24
f 3426/462/5 3393/491/5 3745/491/5 3778/462/5
f 3495/219/24 3494/219/24 3461/380/24 3462/214/24
f 3506/221/5 3473/240/5 3825/240/5 3858/221/5
f 3598/335/5 3576/271/5 3928/271/5 3950/335/5
f 3514/416/11 3513/221/11 3480/215/11 3481/240/11
f 3639/190/6 3324/189/6 3676/189/6 3991/190/6
f 3512/541/11 3511/541/11 3478/240/11 3479/215/11
f 3510/541/11 3509/221/11 3476/440/11 3477/240/11
f 3474/440/6 3507/221/6 3859/221/6 3826/440/6
f 3508/221/11 3507/221/11 3474/440/11 3475/440/11
f 3577/271/6 3599/335/6 3951/335/6 3929/271/6
f 3506/221/11 3505/221/11 3472/215/11 3473/240/11
f 3325/189/5 3638/520/5 3990/520/5 3677/189/5
f 3405/474/5 3372/501/5 3724/501/5 3757/474/5
f 3658/432/38 3659/203/38 3491/217/38 3492/217/38
f 3508/221/5 3475/440/5 3827/440/5 3860/221/5
f 3660/439/38 3661/203/38 3489/283/38 3490/540/38
f 3600/336/5 3578/271/5 3930/271/5 3952/336/5
f 3662/203/38 3663/203/38 3487/217/38 3488/283/38
f 3637/519/6 3326/188/6 3678/188/6 3989/519/6
f 3664/427/38 3665/427/38 3485/217/38 3486/217/38
f 3373/506/6 3406/479/6 3758/479/6 3725/506/6
f 3666/427/38 3667/427/38 3483/429/38 3484/355/38
f 3476/440/6 3509/221/6 3861/221/6 3828/440/6
f 3579/271/6 3601/229/6 3953/229/6 3931/271/6
f 3525/400/25 3524/222/25 3502/241/25 3503/219/25
f 3327/518/5 3636/191/5 3988/191/5 3679/518/5
f 3523/222/25 3522/222/25 3500/529/25 3501/241/25
f 3407/479/5 3374/201/5 3726/201/5 3759/479/5
f 3521/222/25 3520/401/25 3498/219/25 3499/529/25
f 3510/541/5 3477/240/5 3829/240/5 3862/541/5
f 3519/527/25 3518/527/25 3496/219/25 3497/219/25
f 3602/334/5 3580/271/5 3932/271/5 3954/334/5
f 3517/401/25 3516/222/25 3494/219/25 3495/219/25
f 3375/485/6 3408/479/6 3760/479/6 3727/485/6
f 3536/187/12 3535/398/12 3513/221/12 3514/416/12
f 3478/240/6 3511/541/6 3863/541/6 3830/240/6
f 3534/398/12 3533/388/12 3511/541/12 3512/541/12
f 3532/388/12 3531/388/12 3509/221/12 3510/541/12
f 3409/479/5 3376/485/5 3728/485/5 3761/479/5
f 3530/397/12 3529/397/12 3507/221/12 3508/221/12
f 3512/541/5 3479/215/5 3831/215/5 3864/541/5
f 3528/397/12 3527/397/12 3505/221/12 3506/221/12
f 3581/228/5 3559/224/5 3911/224/5 3933/228/5
f 3377/485/6 3410/474/6 3762/474/6 3729/485/6
f 3547/223/26 3546/223/26 3524/222/26 3525/400/26
f 3480/215/6 3513/221/6 3865/221/6 3832/215/6
f 3545/223/26 3544/223/26 3522/222/26 3523/222/26
f 3560/224/6 3582/228/6 3934/228/6 3912/224/6
f 3543/223/26 3542/223/26 3520/401/26 3521/222/26
f 3411/474/5 3378/485/5 3730/485/5 3763/474/5
f 3541/223/26 3540/223/26 3518/527/26 3519/527/26
f 3514/416/5 3481/240/5 3833/240/5 3866/416/5
f 3539/223/26 3538/223/26 3516/222/26 3517/401/26
f 3583/228/5 3561/243/5 3913/243/5 3935/228/5
f 3379/485/6 3412/474/6 3764/474/6 3731/485/6
f 3558/266/13 3557/250/13 3535/398/13 3536/187/13
f 3556/250/13 3555/266/13 3533/388/13 3534/398/13
f 3562/542/6 3584/228/6 3936/228/6 3914/542/6
f 3554/266/13 3553/266/13 3531/388/13 3532/388/13
f 3413/455/5 3380/533/5 3732/533/5 3765/455/5
f 3552/273/13 3551/273/13 3529/397/13 3530/397/13
f 3493/219/5 3460/214/5 3812/214/5 3845/219/5
f 3550/376/13 3549/186/13 3527/397/13 3528/397/13
f 3585/228/5 3563/542/5 3915/542/5 3937/228/5
f 3381/485/6 3414/455/6 3766/455/6 3733/485/6
f 3569/361/27 3568/224/27 3546/223/27 3547/223/27
f 3461/380/6 3494/219/6 3846/219/6 3813/380/6
f 3567/224/27 3566/224/27 3544/223/27 3545/223/27
f 3564/243/6 3586/228/6 3938/228/6 3916/243/6
f 3565/224/27 3564/243/27 3542/223/27 3543/223/27
f 3415/207/5 3382/533/5 3734/533/5 3767/207/5
f 3563/542/27 3562/542/27 3540/223/27 3541/223/27
f 3495/219/5 3462/214/5 3814/214/5 3847/219/5
f 3561/243/27 3560/224/27 3538/223/27 3539/223/27
f 3587/535/5 3565/224/5 3917/224/5 3939/535/5
f 3580/271/14 3579/271/14 3557/250/14 3558/266/14
f 3463/371/6 3496/219/6 3848/219/6 3815/371/6
f 3578/271/14 3577/271/14 3555/266/14 3556/250/14
f 3566/224/6 3588/535/6 3940/535/6 3918/224/6
f 3576/271/14 3575/271/14 3553/266/14 3554/266/14
f 3394/480/5 3361/507/5 3713/507/5 3746/480/5
f 3574/271/14 3573/271/14 3551/273/14 3552/273/14
f 3497/219/5 3464/371/5 3816/371/5 3849/219/5
f 3572/271/14 3571/225/14 3549/186/14 3550/376/14
f 3589/538/5 3567/224/5 3919/224/5 3941/538/5
f 3362/507/6 3395/489/6 3747/489/6 3714/507/6
f 3591/228/28 3590/538/28 3568/224/28 3569/361/28
f 3465/371/6 3498/219/6 3850/219/6 3817/371/6
f 3589/538/28 3588/535/28 3566/224/28 3567/224/28
f 3568/224/6 3590/538/6 3942/538/6 3920/224/6
f 3587/535/28 3586/228/28 3564/243/28 3565/224/28
f 3396/206/5 3363/507/5 3715/507/5 3748/206/5
f 3585/228/28 3584/228/28 3562/542/28 3563/542/28
f 3499/529/5 3466/405/5 3818/405/5 3851/529/5
f 3583/228/28 3582/228/28 3560/224/28 3561/243/28
f 3591/228/5 3569/361/5 3921/361/5 3943/228/5
f 3364/507/6 3397/481/6 3749/481/6 3716/507/6
f 3602/334/15 3601/229/15 3579/271/15 3580/271/15
f 3467/239/6 3500/529/6 3852/529/6 3819/239/6
f 3600/336/15 3599/335/15 3577/271/15 3578/271/15
f 3598/335/15 3597/338/15 3575/271/15 3576/271/15
f 3398/481/5 3365/507/5 3717/507/5 3750/481/5
f 3596/340/15 3595/340/15 3573/271/15 3574/271/15
f 3501/241/5 3468/239/5 3820/239/5 3853/241/5
f 3594/338/15 3593/229/15 3571/225/15 3572/271/15
f 3570/225/5 3548/250/5 3900/250/5 3922/225/5
f 3366/507/6 3399/481/6 3751/481/6 3718/507/6
f 3613/310/29 3612/230/29 3590/538/29 3591/228/29
f 3469/214/6 3502/241/6 3854/241/6 3821/214/6
f 3611/311/29 3610/311/29 3588/535/29 3589/538/29
f 3549/186/6 3571/225/6 3923/225/6 3901/186/6
f 3609/313/29 3608/312/29 3586/228/29 3587/535/29
f 3400/481/5 3367/532/5 3719/532/5 3752/481/5
f 3607/312/29 3606/312/29 3584/228/29 3585/228/29
f 3503/219/5 3470/426/5 3822/426/5 3855/219/5
f 3605/230/29 3604/328/29 3582/228/29 3583/228/29
f 3572/271/5 3550/376/5 3902/376/5 3924/271/5
f 3368/532/6 3401/480/6 3753/480/6 3720/532/6
f 3624/280/16 3623/282/16 3601/229/16 3602/334/16
f 3622/298/16 3621/276/16 3599/335/16 3600/336/16
f 3551/273/6 3573/271/6 3925/271/6 3903/273/6
f 3620/276/16 3619/276/16 3597/338/16 3598/335/16
f 3402/480/5 3369/531/5 3721/531/5 3754/480/5
f 3618/276/16 3617/276/16 3595/340/16 3596/340/16
f 3482/429/5 3449/213/5 3801/213/5 3834/429/5
f 3616/276/16 3615/288/16 3593/229/16 3594/338/16
f 3574/271/5 3552/273/5 3904/273/5 3926/271/5
f 3370/531/6 3403/480/6 3755/480/6 3722/531/6
f 3635/249/30 3634/249/30 3612/230/30 3613/310/30
f 3450/332/6 3483/429/6 3835/429/6 3802/332/6
f 3633/249/30 3632/234/30 3610/311/30 3611/311/30
f 3553/266/6 3575/271/6 3927/271/6 3905/266/6
f 3631/234/30 3630/543/30 3608/312/30 3609/313/30
f 3404/480/5 3371/200/5 3723/200/5 3756/480/5
f 3629/543/30 3628/543/30 3606/312/30 3607/312/30
f 3484/355/5 3451/332/5 3803/332/5 3836/355/5
f 3627/234/30 3626/234/30 3604/328/30 3605/230/30
f 3576/271/5 3554/266/5 3906/266/5 3928/271/5
f 3636/282/17 3637/519/17 3623/282/17 3624/280/17
f 3452/332/6 3485/217/6 3837/217/6 3804/332/6
f 3638/520/17 3639/190/17 3621/276/17 3622/298/17
f 3555/266/6 3577/271/6 3929/271/6 3907/266/6
f 3640/190/17 3641/522/17 3619/276/17 3620/276/17
f 3383/205/5 3350/199/5 3702/199/5 3735/205/5
f 3642/522/17 3643/522/17 3617/276/17 3618/276/17
f 3486/217/5 3453/332/5 3805/332/5 3838/217/5
f 3644/190/17 3645/190/17 3615/288/17 3616/276/17
f 3578/271/5 3556/250/5 3908/250/5 3930/271/5
f 3351/199/6 3384/205/6 3736/205/6 3703/199/6
f 3647/249/31 3648/524/31 3634/249/31 3635/249/31
f 3454/213/6 3487/217/6 3839/217/6 3806/213/6
f 3649/526/31 3650/244/31 3632/234/31 3633/249/31
f 3557/250/6 3579/271/6 3931/271/6 3909/250/6
f 3651/526/31 3652/244/31 3630/543/31 3631/234/31
f 3385/491/5 3352/199/5 3704/199/5 3737/491/5
f 3653/244/31 3654/244/31 3628/543/31 3629/543/31
f 3488/283/5 3455/213/5 3807/213/5 3840/283/5
f 3655/244/31 3656/244/31 3626/234/31 3627/234/31
f 3580/271/5 3558/266/5 3910/266/5 3932/271/5
f 4222/521/18 3679/518/18 3988/191/18 4223/190/18
f 3678/188/18 3677/189/18 3990/520/18 3989/519/18
f 3676/189/18 3675/521/18 3992/190/18 3991/190/18
f 3674/189/18 3673/189/18 3994/522/18 3993/522/18
f 3672/189/18 3671/523/18 3996/190/18 3995/522/18
f 3670/523/18 3669/513/18 3998/190/18 3997/190/18
f 3690/236/32 3999/525/32 4225/244/32 4224/193/32
f 3689/192/32 3688/236/32 4001/526/32 4000/524/32
f 3687/359/32 3686/192/32 4003/526/32 4002/244/32
f 3685/236/32 3684/193/32 4005/244/32 4004/244/32
f 3683/193/32 3682/192/32 4007/244/32 4006/244/32
f 3681/528/32 3680/512/32 4009/244/32 4008/244/32
f 4226/196/19 3701/399/19 3679/518/19 4222/521/19
f 3700/197/19 3699/197/19 3677/189/19 3678/188/19
f 3698/197/19 3697/197/19 3675/521/19 3676/189/19
f 3696/197/19 3695/392/19 3673/189/19 3674/189/19
f 3694/392/19 3693/197/19 3671/523/19 3672/189/19
f 3692/197/19 3691/197/19 3669/513/19 3670/523/19
f 3712/443/33 3690/236/33 4224/193/33 4227/198/33
f 3711/199/33 3710/199/33 3688/236/33 3689/192/33
f 3709/199/33 3708/199/33 3686/192/33 3687/359/33
f 3707/199/33 3706/442/33 3684/193/33 3685/236/33
f 3705/442/33 3704/199/33 3682/192/33 3683/193/33
f 3703/199/33 3702/199/33 3680/512/33 3681/528/33
f 4228/200/20 3723/200/20 3701/399/20 4226/196/20
f 3722/531/20 3721/531/20 3699/197/20 3700/197/20
f 3720/532/20 3719/532/20 3697/197/20 3698/197/20
f 3718/507/20 3717/507/20 3695/392/20 3696/197/20
f 3716/507/20 3715/507/20 3693/197/20 3694/392/20
f 3714/507/20 3713/507/20 3691/197/20 3692/197/20
f 3734/533/7 4010/432/7 4230/203/7 4229/454/7
f 3733/485/7 3732/533/7 4012/439/7 4011/203/7
f 3731/485/7 3730/485/7 4014/203/7 4013/203/7
f 3729/485/7 3728/485/7 4016/427/7 4015/203/7
f 3727/485/7 3726/201/7 4018/427/7 4017/427/7
f 3725/506/7 3724/501/7 4020/427/7 4019/427/7
f 3745/491/34 3712/443/34 4227/198/34 4231/205/34
f 3744/205/34 3743/205/34 3710/199/34 3711/199/34
f 3742/491/34 3741/491/34 3708/199/34 3709/199/34
f 3740/534/34 3739/534/34 3706/442/34 3707/199/34
f 3738/534/34 3737/491/34 3704/199/34 3705/442/34
f 3736/205/34 3735/205/34 3702/199/34 3703/199/34
f 4232/480/21 3756/480/21 3723/200/21 4228/200/21
f 3755/480/21 3754/480/21 3721/531/21 3722/531/21
f 3753/480/21 3752/481/21 3719/532/21 3720/532/21
f 3751/481/21 3750/481/21 3717/507/21 3718/507/21
f 3749/481/21 3748/206/21 3715/507/21 3716/507/21
f 3747/489/21 3746/480/21 3713/507/21 3714/507/21
f 3767/207/8 3734/533/8 4229/454/8 4233/207/8
f 3766/455/8 3765/455/8 3732/533/8 3733/485/8
f 3764/474/8 3763/474/8 3730/485/8 3731/485/8
f 3762/474/8 3761/479/8 3728/485/8 3729/485/8
f 3760/479/8 3759/479/8 3726/201/8 3727/485/8
f 3758/479/8 3757/474/8 3724/501/8 3725/506/8
f 3778/462/35 3745/491/35 4231/205/35 4234/208/35
f 3777/208/35 3776/536/35 3743/205/35 3744/205/35
f 3775/536/35 3774/536/35 3741/491/35 3742/491/35
f 3773/537/35 3772/537/35 3739/534/35 3740/534/35
f 3771/537/35 3770/537/35 3737/491/35 3738/534/35
f 3769/208/35 3768/208/35 3735/205/35 3736/205/35
f 4236/209/22 3789/209/22 3756/480/22 4232/480/22 4235/544/22
f 3788/209/22 3787/209/22 3754/480/22 3755/480/22
f 3786/209/22 3785/209/22 3752/481/22 3753/480/22
f 3784/530/22 3783/530/22 3750/481/22 3751/481/22
f 3782/530/22 3781/209/22 3748/206/22 3749/481/22
f 3780/209/22 3779/209/22 3746/480/22 3747/489/22
f 3800/263/9 3767/207/9 4233/207/9 4237/210/9
f 3799/211/9 3798/539/9 3765/455/9 3766/455/9
f 3797/539/9 3796/539/9 3763/474/9 3764/474/9
f 3795/211/9 3794/211/9 3761/479/9 3762/474/9
f 3793/211/9 3792/211/9 3759/479/9 3760/479/9
f 3791/211/9 3790/211/9 3757/474/9 3758/479/9
f 3811/213/36 3778/462/36 4234/208/36 4238/213/36
f 3810/362/36 3809/362/36 3776/536/36 3777/208/36
f 3808/213/36 3807/213/36 3774/536/36 3775/536/36
f 3806/213/36 3805/332/36 3772/537/36 3773/537/36
f 3804/332/36 3803/332/36 3770/537/36 3771/537/36
f 3802/332/36 3801/213/36 3768/208/36 3769/208/36
f 4239/214/23 3822/426/23 3789/209/23 4236/209/23
f 3821/214/23 3820/239/23 3787/209/23 3788/209/23
f 3819/239/23 3818/405/23 3785/209/23 3786/209/23
f 3817/371/23 3816/371/23 3783/530/23 3784/530/23
f 3815/371/23 3814/214/23 3781/209/23 3782/530/23
f 3813/380/23 3812/214/23 3779/209/23 3780/209/23
f 3833/240/10 3800/263/10 4237/210/10 4240/215/10
f 3832/215/10 3831/215/10 3798/539/10 3799/211/10
f 3830/240/10 3829/240/10 3796/539/10 3797/539/10
f 3828/440/10 3827/440/10 3794/211/10 3795/211/10
f 3826/440/10 3825/240/10 3792/211/10 3793/211/10
f 3824/215/10 3823/215/10 3790/211/10 3791/211/10
f 3844/217/37 3811/213/37 4238/213/37 4241/217/37
f 3843/217/37 3842/540/37 3809/362/37 3810/362/37
f 3841/283/37 3840/283/37 3807/213/37 3808/213/37
f 3839/217/37 3838/217/37 3805/332/37 3806/213/37
f 3837/217/37 3836/355/37 3803/332/37 3804/332/37
f 3835/429/37 3834/429/37 3801/213/37 3802/332/37
f 4242/219/24 3855/219/24 3822/426/24 4239/214/24
f 3854/241/24 3853/241/24 3820/239/24 3821/214/24
f 3852/529/24 3851/529/24 3818/405/24 3819/239/24
f 3850/219/24 3849/219/24 3816/371/24 3817/371/24
f 3848/219/24 3847/219/24 3814/214/24 3815/371/24
f 3846/219/24 3845/219/24 3812/214/24 3813/380/24
f 4243/220/11 3866/416/11 3833/240/11 4240/215/11
f 3865/221/11 3864/541/11 3831/215/11 3832/215/11
f 3863/541/11 3862/541/11 3829/240/11 3830/240/11
f 3861/221/11 3860/221/11 3827/440/11 3828/440/11
f 3859/221/11 3858/221/11 3825/240/11 3826/440/11
f 3857/221/11 3856/221/11 3823/215/11 3824/215/11
f 4010/432/38 3844/217/38 4241/217/38 4230/203/38
f 4011/203/38 4012/439/38 3842/540/38 3843/217/38
f 4013/203/38 4014/203/38 3840/283/38 3841/283/38
f 4015/203/38 4016/427/38 3838/217/38 3839/217/38
f 4017/427/38 4018/427/38 3836/355/38 3837/217/38
f 4019/427/38 4020/427/38 3834/429/38 3835/429/38
f 4244/222/25 3877/400/25 3855/219/25 4242/219/25
f 3876/222/25 3875/222/25 3853/241/25 3854/241/25
f 3874/222/25 3873/222/25 3851/529/25 3852/529/25
f 3872/401/25 3871/527/25 3849/219/25 3850/219/25
f 3870/527/25 3869/401/25 3847/219/25 3848/219/25
f 3868/222/25 3867/222/25 3845/219/25 3846/219/25
f 4245/187/12 3888/187/12 3866/416/12 4243/220/12
f 3887/398/12 3886/398/12 3864/541/12 3865/221/12
f 3885/388/12 3884/388/12 3862/541/12 3863/541/12
f 3883/388/12 3882/397/12 3860/221/12 3861/221/12
f 3881/397/12 3880/397/12 3858/221/12 3859/221/12
f 3879/397/12 3878/388/12 3856/221/12 3857/221/12
f 4246/223/26 3899/223/26 3877/400/26 4244/222/26
f 3898/223/26 3897/223/26 3875/222/26 3876/222/26
f 3896/223/26 3895/223/26 3873/222/26 3874/222/26
f 3894/223/26 3893/223/26 3871/527/26 3872/401/26
f 3892/223/26 3891/223/26 3869/401/26 3870/527/26
f 3890/223/26 3889/223/26 3867/222/26 3868/222/26
f 4247/266/13 3910/266/13 3888/187/13 4245/187/13
f 3909/250/13 3908/250/13 3886/398/13 3887/398/13
f 3907/266/13 3906/266/13 3884/388/13 3885/388/13
f 3905/266/13 3904/273/13 3882/397/13 3883/388/13
f 3903/273/13 3902/376/13 3880/397/13 3881/397/13
f 3901/186/13 3900/250/13 3878/388/13 3879/397/13
f 3921/361/27 3899/223/27 4246/223/27 4248/224/27
f 3920/224/27 3919/224/27 3897/223/27 3898/223/27
f 3918/224/27 3917/224/27 3895/223/27 3896/223/27
f 3916/243/27 3915/542/27 3893/223/27 3894/223/27
f 3914/542/27 3913/243/27 3891/223/27 3892/223/27
f 3912/224/27 3911/224/27 3889/223/27 3890/223/27
f 4249/225/14 3932/271/14 3910/266/14 4247/266/14
f 3931/271/14 3930/271/14 3908/250/14 3909/250/14
f 3929/271/14 3928/271/14 3906/266/14 3907/266/14
f 3927/271/14 3926/271/14 3904/273/14 3905/266/14
f 3925/271/14 3924/271/14 3902/376/14 3903/273/14
f 3923/225/14 3922/225/14 3900/250/14 3901/186/14
f 3943/228/28 3921/361/28 4248/224/28 4250/228/28
f 3942/538/28 3941/538/28 3919/224/28 3920/224/28
f 3940/535/28 3939/535/28 3917/224/28 3918/224/28
f 3938/228/28 3937/228/28 3915/542/28 3916/243/28
f 3936/228/28 3935/228/28 3913/243/28 3914/542/28
f 3934/228/28 3933/228/28 3911/224/28 3912/224/28
f 4251/338/15 3954/334/15 3932/271/15 4249/225/15
f 3953/229/15 3952/336/15 3930/271/15 3931/271/15
f 3951/335/15 3950/335/15 3928/271/15 3929/271/15
f 3949/338/15 3948/340/15 3926/271/15 3927/271/15
f 3947/340/15 3946/338/15 3924/271/15 3925/271/15
f 3945/229/15 3944/229/15 3922/225/15 3923/225/15
f 3965/310/29 3943/228/29 4250/228/29 4252/230/29
f 3964/230/29 3963/311/29 3941/538/29 3942/538/29
f 3962/311/29 3961/313/29 3939/535/29 3940/535/29
f 3960/312/29 3959/312/29 3937/228/29 3938/228/29
f 3958/312/29 3957/230/29 3935/228/29 3936/228/29
f 3956/328/29 3955/230/29 3933/228/29 3934/228/29
f 4253/232/16 3976/280/16 3954/334/16 4251/338/16
f 3975/282/16 3974/298/16 3952/336/16 3953/229/16
f 3973/276/16 3972/276/16 3950/335/16 3951/335/16
f 3971/276/16 3970/276/16 3948/340/16 3949/338/16
f 3969/276/16 3968/276/16 3946/338/16 3947/340/16
f 3967/288/16 3966/276/16 3944/229/16 3945/229/16
f 3987/249/30 3965/310/30 4252/230/30 4254/234/30
f 3986/249/30 3985/249/30 3963/311/30 3964/230/30
f 3984/234/30 3983/234/30 3961/313/30 3962/311/30
f 3982/543/30 3981/543/30 3959/312/30 3960/312/30
f 3980/543/30 3979/234/30 3957/230/30 3958/312/30
f 3978/234/30 3977/234/30 3955/230/30 3956/328/30
f 4223/190/17 3988/191/17 3976/280/17 4253/232/17
f 3989/519/17 3990/520/17 3974/298/17 3975/282/17
f 3991/190/17 3992/190/17 3972/276/17 3973/276/17
f 3993/522/17 3994/522/17 3970/276/17 3971/276/17
f 3995/522/17 3996/190/17 3968/276/17 3969/276/17
f 3997/190/17 3998/190/17 3966/276/17 3967/288/17
f 3999/525/31 3987/249/31 4254/234/31 4225/244/31
f 4000/524/31 4001/526/31 3985/249/31 3986/249/31
f 4002/244/31 4003/526/31 3983/234/31 3984/234/31
f 4004/244/31 4005/244/31 3981/543/31 3982/543/31
f 4006/244/31 4007/244/31 3979/234/31 3980/543/31
f 4008/244/31 4009/244/31 3977/234/31 3978/234/31
f 3322/189/6 3344/197/6 3696/197/6 3674/189/6
f 3618/276/5 3596/340/5 3948/340/5 3970/276/5
f 3515/222/5 3493/219/5 3845/219/5 3867/222/5
f 3446/539/5 3413/455/5 3765/455/5 3798/539/5
f 3343/392/5 3321/189/5 3673/189/5 3695/392/5
f 3595/340/6 3617/276/6 3969/276/6 3947/340/6
f 3412/474/6 3445/539/6 3797/539/6 3764/474/6
f 3320/189/6 3342/392/6 3694/392/6 3672/189/6
f 3616/276/5 3594/338/5 3946/338/5 3968/276/5
f 3536/187/5 3514/416/5 3866/416/5 3888/187/5
f 3444/539/5 3411/474/5 3763/474/5 3796/539/5
f 3341/197/5 3319/523/5 3671/523/5 3693/197/5
f 3593/229/6 3615/288/6 3967/288/6 3945/229/6
f 3513/221/6 3535/398/6 3887/398/6 3865/221/6
f 3410/474/6 3443/211/6 3795/211/6 3762/474/6
f 3318/523/6 3340/197/6 3692/197/6 3670/523/6
f 3614/276/5 3592/229/5 3944/229/5 3966/276/5
f 3534/398/5 3512/541/5 3864/541/5 3886/398/5
f 3442/211/5 3409/479/5 3761/479/5 3794/211/5
f 3339/197/5 3317/513/5 3669/513/5 3691/197/5
f 3511/541/6 3533/388/6 3885/388/6 3863/541/6
f 3408/479/6 3441/211/6 3793/211/6 3760/479/6
f 3635/249/5 3613/310/5 3965/310/5 3987/249/5
f 3532/388/5 3510/541/5 3862/541/5 3884/388/5
f 3440/211/5 3407/479/5 3759/479/5 3792/211/5
f 3360/443/5 3338/236/5 3690/236/5 3712/443/5
f 3612/230/6 3634/249/6 3986/249/6 3964/230/6
f 3509/221/6 3531/388/6 3883/388/6 3861/221/6
f 3406/479/6 3439/211/6 3791/211/6 3758/479/6
f 3337/192/6 3359/199/6 3711/199/6 3689/192/6
f 3633/249/5 3611/311/5 3963/311/5 3985/249/5
f 3530/397/5 3508/221/5 3860/221/5 3882/397/5
f 3438/211/5 3405/474/5 3757/474/5 3790/211/5
f 3358/199/5 3336/236/5 3688/236/5 3710/199/5
f 3610/311/6 3632/234/6 3984/234/6 3962/311/6
f 3507/221/6 3529/397/6 3881/397/6 3859/221/6
f 3335/359/6 3357/199/6 3709/199/6 3687/359/6
f 3631/234/5 3609/313/5 3961/313/5 3983/234/5
f 3528/397/5 3506/221/5 3858/221/5 3880/397/5
f 3459/213/5 3426/462/5 3778/462/5 3811/213/5
f 3356/199/5 3334/192/5 3686/192/5 3708/199/5
f 3608/312/6 3630/543/6 3982/543/6 3960/312/6
f 3505/221/6 3527/397/6 3879/397/6 3857/221/6
f 3425/208/6 3458/362/6 3810/362/6 3777/208/6
f 3333/236/6 3355/199/6 3707/199/6 3685/236/6
f 3629/543/5 3607/312/5 3959/312/5 3981/543/5
f 3526/388/5 3504/221/5 3856/221/5 3878/388/5
f 3457/362/5 3424/536/5 3776/536/5 3809/362/5
f 3354/442/5 3332/193/5 3684/193/5 3706/442/5
f 3606/312/6 3628/543/6 3980/543/6 3958/312/6
f 3423/536/6 3456/213/6 3808/213/6 3775/536/6
f 3331/193/6 3353/442/6 3705/442/6 3683/193/6
f 3627/234/5 3605/230/5 3957/230/5 3979/234/5
f 3547/223/5 3525/400/5 3877/400/5 3899/223/5
f 3455/213/5 3422/536/5 3774/536/5 3807/213/5
f 3352/199/5 3330/192/5 3682/192/5 3704/199/5
f 3604/328/6 3626/234/6 3978/234/6 3956/328/6
f 3524/222/6 3546/223/6 3898/223/6 3876/222/6
f 3421/537/6 3454/213/6 3806/213/6 3773/537/6
f 3329/528/6 3351/199/6 3703/199/6 3681/528/6
f 3625/234/5 3603/230/5 3955/230/5 3977/234/5
f 3545/223/5 3523/222/5 3875/222/5 3897/223/5
f 3453/332/5 3420/537/5 3772/537/5 3805/332/5
f 3350/199/5 3328/512/5 3680/512/5 3702/199/5
f 3522/222/6 3544/223/6 3896/223/6 3874/222/6
f 3419/537/6 3452/332/6 3804/332/6 3771/537/6
f 3636/191/5 3624/280/5 3976/280/5 3988/191/5
f 3543/223/5 3521/222/5 3873/222/5 3895/223/5
f 3451/332/5 3418/537/5 3770/537/5 3803/332/5
f 3371/200/5 3349/399/5 3701/399/5 3723/200/5
f 3623/282/6 3637/519/6 3989/519/6 3975/282/6
f 3520/401/6 3542/223/6 3894/223/6 3872/401/6
f 3417/208/6 3450/332/6 3802/332/6 3769/208/6
f 3348/197/6 3370/531/6 3722/531/6 3700/197/6
f 3638/520/5 3622/298/5 3974/298/5 3990/520/5
f 3541/223/5 3519/527/5 3871/527/5 3893/223/5
f 3449/213/5 3416/208/5 3768/208/5 3801/213/5
f 3369/531/5 3347/197/5 3699/197/5 3721/531/5
f 3621/276/6 3639/190/6 3991/190/6 3973/276/6
f 3518/527/6 3540/223/6 3892/223/6 3870/527/6
f 3346/197/6 3368/532/6 3720/532/6 3698/197/6
f 3640/190/5 3620/276/5 3972/276/5 3992/190/5
f 3539/223/5 3517/401/5 3869/401/5 3891/223/5
f 3470/426/5 3437/209/5 3789/209/5 3822/426/5
f 3367/532/5 3345/197/5 3697/197/5 3719/532/5
f 3619/276/6 3641/522/6 3993/522/6 3971/276/6
f 3516/222/6 3538/223/6 3890/223/6 3868/222/6
f 3436/209/6 3469/214/6 3821/214/6 3788/209/6
f 3344/197/6 3366/507/6 3718/507/6 3696/197/6
f 3642/522/5 3618/276/5 3970/276/5 3994/522/5
f 3537/223/5 3515/222/5 3867/222/5 3889/223/5
f 3468/239/5 3435/209/5 3787/209/5 3820/239/5
f 3365/507/5 3343/392/5 3695/392/5 3717/507/5
f 3617/276/6 3643/522/6 3995/522/6 3969/276/6
f 3434/209/6 3467/239/6 3819/239/6 3786/209/6
f 3342/392/6 3364/507/6 3716/507/6 3694/392/6
f 3644/190/5 3616/276/5 3968/276/5 3996/190/5
f 3558/266/5 3536/187/5 3888/187/5 3910/266/5
f 3466/405/5 3433/209/5 3785/209/5 3818/405/5
f 3363/507/5 3341/197/5 3693/197/5 3715/507/5
f 3615/288/6 3645/190/6 3997/190/6 3967/288/6
f 3535/398/6 3557/250/6 3909/250/6 3887/398/6
f 3432/530/6 3465/371/6 3817/371/6 3784/530/6
f 3340/197/6 3362/507/6 3714/507/6 3692/197/6
f 3646/190/5 3614/276/5 3966/276/5 3998/190/5
f 3556/250/5 3534/398/5 3886/398/5 3908/250/5
f 3464/371/5 3431/530/5 3783/530/5 3816/371/5
f 3361/507/5 3339/197/5 3691/197/5 3713/507/5
f 3533/388/6 3555/266/6 3907/266/6 3885/388/6
f 3430/530/6 3463/371/6 3815/371/6 3782/530/6
f 3647/525/5 3635/249/5 3987/249/5 3999/525/5
f 3554/266/5 3532/388/5 3884/388/5 3906/266/5
f 3462/214/5 3429/209/5 3781/209/5 3814/214/5
f 3382/533/5 3658/432/5 4010/432/5 3734/533/5
f 3634/249/6 3648/524/6 4000/524/6 3986/249/6
f 3531/388/6 3553/266/6 3905/266/6 3883/388/6
f 3428/209/6 3461/380/6 3813/380/6 3780/209/6
f 3659/203/6 3381/485/6 3733/485/6 4011/203/6
f 3649/526/5 3633/249/5 3985/249/5 4001/526/5
f 3552/273/5 3530/397/5 3882/397/5 3904/273/5
f 3460/214/5 3427/209/5 3779/209/5 3812/214/5
f 3380/533/5 3660/439/5 4012/439/5 3732/533/5
f 3632/234/6 3650/244/6 4002/244/6 3984/234/6
f 3529/397/6 3551/273/6 3903/273/6 3881/397/6
f 3661/203/6 3379/485/6 3731/485/6 4013/203/6
f 3651/526/5 3631/234/5 3983/234/5 4003/526/5
f 3550/376/5 3528/397/5 3880/397/5 3902/376/5
f 3481/240/5 3448/263/5 3800/263/5 3833/240/5
f 3378/485/5 3662/203/5 4014/203/5 3730/485/5
f 3630/543/6 3652/244/6 4004/244/6 3982/543/6
f 3527/397/6 3549/186/6 3901/186/6 3879/397/6
f 3447/211/6 3480/215/6 3832/215/6 3799/211/6
f 3663/203/6 3377/485/6 3729/485/6 4015/203/6
f 3653/244/5 3629/543/5 3981/543/5 4005/244/5
f 3548/250/5 3526/388/5 3878/388/5 3900/250/5
f 3479/215/5 3446/539/5 3798/539/5 3831/215/5
f 3376/485/5 3664/427/5 4016/427/5 3728/485/5
f 3628/543/6 3654/244/6 4006/244/6 3980/543/6
f 3445/539/6 3478/240/6 3830/240/6 3797/539/6
f 3665/427/6 3375/485/6 3727/485/6 4017/427/6
f 3655/244/5 3627/234/5 3979/234/5 4007/244/5
f 3569/361/5 3547/223/5 3899/223/5 3921/361/5
f 3477/240/5 3444/539/5 3796/539/5 3829/240/5
f 3374/201/5 3666/427/5 4018/427/5 3726/201/5
f 3626/234/6 3656/244/6 4008/244/6 3978/234/6
f 3546/223/6 3568/224/6 3920/224/6 3898/223/6
f 3443/211/6 3476/440/6 3828/440/6 3795/211/6
f 3667/427/6 3373/506/6 3725/506/6 4019/427/6
f 3657/244/5 3625/234/5 3977/234/5 4009/244/5
f 3567/224/5 3545/223/5 3897/223/5 3919/224/5
f 3475/440/5 3442/211/5 3794/211/5 3827/440/5
f 3372/501/5 3668/427/5 4020/427/5 3724/501/5
f 3544/223/6 3566/224/6 3918/224/6 3896/223/6
f 3441/211/6 3474/440/6 3826/440/6 3793/211/6
f 3565/224/5 3543/223/5 3895/223/5 3917/224/5
f 3473/240/5 3440/211/5 3792/211/5 3825/240/5
f 3393/491/5 3360/443/5 3712/443/5 3745/491/5
f 3542/223/6 3564/243/6 3916/243/6 3894/223/6
f 3439/211/6 3472/215/6 3824/215/6 3791/211/6
f 3359/199/6 3392/205/6 3744/205/6 3711/199/6
f 3563/542/5 3541/223/5 3893/223/5 3915/542/5
f 3471/215/5 3438/211/5 3790/211/5 3823/215/5
f 3391/205/5 3358/199/5 3710/199/5 3743/205/5
f 3540/223/6 3562/542/6 3914/542/6 3892/223/6
f 3357/199/6 3390/491/6 3742/491/6 3709/199/6
f 3561/243/5 3539/223/5 3891/223/5 3913/243/5
f 3492/217/5 3459/213/5 3811/213/5 3844/217/5
f 3389/491/5 3356/199/5 3708/199/5 3741/491/5
f 3538/223/6 3560/224/6 3912/224/6 3890/223/6
f 3458/362/6 3491/217/6 3843/217/6 3810/362/6
f 3355/199/6 3388/534/6 3740/534/6 3707/199/6
f 3559/224/5 3537/223/5 3889/223/5 3911/224/5
f 3490/540/5 3457/362/5 3809/362/5 3842/540/5
f 3387/534/5 3354/442/5 3706/442/5 3739/534/5
f 3456/213/6 3489/283/6 3841/283/6 3808/213/6
f 3353/442/6 3386/534/6 3738/534/6 3705/442/6
f 27/545/1 23/546/1 7/3/1 6/4/1
f 6/4/2 7/3/2 14/5/2 13/6/2
f 20/547/3 21/548/3 11/7/3 9/8/3
f 9/8/4 11/7/4 4/9/4 1/10/4
f 4121/549/5 20/547/5 9/8/5 1/12/5 15/550/5 4147/551/5 4146/552/5 4145/553/5 4144/554/5 4143/555/5 4142/556/5 4141/557/5 4140/558/5 4139/559/5 4138/560/5 4137/561/5 4136/562/5 4135/563/5 4134/564/5 4133/565/5 4132/566/5 4131/567/5 4130/568/5 4129/569/5 4128/570/5 4127/571/5 4126/572/5 4125/573/5 4124/574/5 4123/575/5 4122/576/5
f 21/548/6 18/577/6 4/18/6 11/7/6
f 21/548/3 28/578/3 29/578/3 31/548/3
f 4147/551/5 15/550/5 27/579/5 4173/580/5 4172/581/5 4171/582/5 4170/583/5 4169/584/5 4168/585/5 4167/586/5 4166/587/5 4165/588/5 24/589/5 20/547/5 4121/549/5 4120/590/5 4119/591/5 4118/592/5 4117/593/5 4235/594/5 4232/595/5 4228/596/5 4226/597/5 4222/598/5 4223/599/5 4253/600/5 4251/601/5 4249/602/5 4247/603/5 4245/604/5 4243/605/5 4240/606/5 4237/607/5 4233/608/5 4229/609/5 4230/610/5 4241/611/5 4238/612/5 4234/613/5 4231/614/5 4227/615/5 4224/616/5 4225/617/5 4254/618/5 4252/619/5 4250/620/5 4248/621/5 4246/622/5 4244/623/5 4242/624/5 4239/625/5 4236/626/5 4151/627/5 4150/628/5 4149/629/5 4148/630/5
f 4236/626/39 4235/594/39 4117/593/39 4151/627/39
f 24/589/3 28/578/3 21/548/3 20/547/3
f 1/1/1 4/2/1 18/631/1 15/632/1
f 13/6/3 14/5/3 28/578/3 24/589/3
f 4173/580/5 27/579/5 6/11/5 13/6/5 24/589/5 4165/588/5 4164/633/5 4163/634/5 4162/635/5 4161/636/5 4160/637/5 4159/638/5 4158/639/5 4157/640/5 4156/641/5 4155/642/5 4154/643/5 4153/644/5 4152/645/5 4185/646/5 4184/647/5 4183/648/5 4182/649/5 4181/650/5 4180/651/5 4179/652/5 4178/653/5 4177/654/5 4176/655/5 4175/656/5 4174/657/5
f 14/5/6 7/17/6 23/658/6 28/578/6
f 15/632/1 18/631/1 23/546/1 27/545/1
f 35/546/6 33/631/6 40/631/6 42/546/6
f 28/578/2 23/658/2 35/658/2 29/578/2
f 23/546/1 18/631/1 33/631/1 35/546/1
f 18/577/4 21/548/4 31/548/4 33/577/4
f 37/578/2 42/658/2 56/658/2 50/578/2
f 31/548/6 29/578/6 37/578/6 38/548/6
f 29/578/6 35/658/6 42/658/6 37/578/6
f 33/577/6 31/548/6 38/548/6 40/577/6
f 43/659/2 48/660/2 62/660/2 57/659/2
f 40/577/4 38/548/4 53/548/4 55/577/4
f 42/546/1 40/631/1 55/631/1 56/546/1
f 38/548/3 37/578/3 50/578/3 53/548/3
f 43/659/6 46/661/6 53/548/6 50/578/6
f 46/661/6 47/662/6 55/577/6 53/548/6
f 4195/663/6 48/660/6 56/658/6 55/577/6 47/662/6 4218/664/6 4219/665/6 4186/666/6 4187/667/6 4190/668/6 4192/669/6
f 48/660/6 43/659/6 50/578/6 56/658/6
f 4220/670/6 60/662/6 59/661/6 57/659/6 62/660/6 4194/671/6 4196/672/6 4200/673/6 4203/674/6 4206/675/6 4209/676/6 4198/677/6 4199/678/6 4202/679/6 4205/680/6 4208/681/6 4211/682/6 4213/683/6 4215/684/6 4217/685/6 4221/686/6 4188/687/6 4189/688/6 4191/689/6 4193/690/6 4197/691/6 4201/692/6 4204/693/6 4207/694/6 4210/695/6 4212/696/6 4214/697/6 4216/698/6
f 47/662/4 46/661/4 59/661/4 60/662/4
f 47/662/1 60/662/1 4220/670/1 4218/664/1
f 4194/671/1 62/660/1 48/660/1 4195/663/1
f 46/661/3 43/659/3 57/659/3 59/661/3
